#-----------------------------------------------------------
# Vivado v2023.2 (64-bit)
# SW Build 4029153 on Fri Oct 13 20:13:54 MDT 2023
# IP Build 4028589 on Sat Oct 14 00:45:43 MDT 2023
# SharedData Build 4025554 on Tue Oct 10 17:18:54 MDT 2023
# Start of session at: Mon Jan  5 02:14:41 2026
# Process ID: 504166
# Current directory: /tmp/finn_dev_root/vivado_zynq_proj_9n5w7zv_
# Command line: vivado -mode batch -source /tmp/finn_dev_root/vivado_zynq_proj_9n5w7zv_/ip_config.tcl
# Log file: /tmp/finn_dev_root/vivado_zynq_proj_9n5w7zv_/vivado.log
# Journal file: /tmp/finn_dev_root/vivado_zynq_proj_9n5w7zv_/vivado.jou
# Running On: dbdbdb1ac303, OS: Linux, CPU Frequency: 936.310 MHz, CPU Physical cores: 16, Host memory: 33328 MB
#-----------------------------------------------------------
source /tmp/finn_dev_root/vivado_zynq_proj_9n5w7zv_/ip_config.tcl
# set FREQ_MHZ 200
# set NUM_AXILITE 2
# if {$NUM_AXILITE > 9} {
#     error "Maximum 10 AXI-Lite interfaces supported"
# }
# set NUM_AXIMM 2
# set BOARD Pynq-Z2
# set FPGA_PART xc7z020clg400-1
# create_project finn_zynq_link ./ -part $FPGA_PART
create_project: Time (s): cpu = 00:00:08 ; elapsed = 00:00:08 . Memory (MB): peak = 1587.477 ; gain = 0.023 ; free physical = 2860 ; free virtual = 17367
# set paths_prop [get_property BOARD_PART_REPO_PATHS [current_project]]
# set paths_param [get_param board.repoPaths]
# lappend paths_prop $::env(FINN_ROOT)/deps/board_files
# lappend paths_param $::env(FINN_ROOT)/deps/board_files
# set_property BOARD_PART_REPO_PATHS $paths_prop [current_project]
# set_param board.repoPaths $paths_param
# if {$BOARD == "ZCU104"} {
#     set_property board_part xilinx.com:zcu104:part0:1.1 [current_project]
#     set ZYNQ_TYPE "zynq_us+"
# } elseif {$BOARD == "ZCU102"} {
#     set_property board_part xilinx.com:zcu102:part0:3.3 [current_project]
#     set ZYNQ_TYPE "zynq_us+"
# } elseif {$BOARD == "RFSoC2x2"} {
#     set_property board_part xilinx.com:rfsoc2x2:part0:1.1 [current_project]
#     set ZYNQ_TYPE "zynq_us+"
# } elseif {$BOARD == "RFSoC4x2"} {
#     set_property board_part realdigital.org:rfsoc4x2:part0:1.0 [current_project]
#     set ZYNQ_TYPE "zynq_us+"
# } elseif {$BOARD == "Ultra96"} {
#     set_property board_part avnet.com:ultra96v1:part0:1.2 [current_project]
#     set ZYNQ_TYPE "zynq_us+"
# } elseif {$BOARD == "Ultra96-V2"} {
#     set_property board_part avnet.com:ultra96v2:part0:1.2 [current_project]
#     set ZYNQ_TYPE "zynq_us+"
# } elseif {$BOARD == "Pynq-Z2"} {
#     set ZYNQ_TYPE "zynq_7000"
#     set_property board_part tul.com.tw:pynq-z2:part0:1.0 [current_project]
# } elseif {$BOARD == "Pynq-Z1"} {
#     set ZYNQ_TYPE "zynq_7000"
#     set_property board_part www.digilentinc.com:pynq-z1:part0:1.0 [current_project]
# } elseif {$BOARD == "KV260_SOM"} {
#     set ZYNQ_TYPE "zynq_us+"
#     set_property board_part xilinx.com:kv260_som:part0:1.3 [current_project]
# } else {
#     puts "Unrecognized board"
# }
# create_bd_design "top"
Wrote  : </tmp/finn_dev_root/vivado_zynq_proj_9n5w7zv_/finn_zynq_link.srcs/sources_1/bd/top/top.bd> 
# if {$ZYNQ_TYPE == "zynq_us+"} {
#     set zynq_ps_vlnv [get_property VLNV [get_ipdefs "xilinx.com:ip:zynq_ultra_ps_e:*"]]
#     create_bd_cell -type ip -vlnv $zynq_ps_vlnv zynq_ps
#     apply_bd_automation -rule xilinx.com:bd_rule:zynq_ultra_ps_e -config {apply_board_preset "1" }  [get_bd_cells zynq_ps]
#     #activate one slave port, deactivate the second master port
#     set_property -dict [list CONFIG.PSU__USE__S_AXI_GP2 {1}] [get_bd_cells zynq_ps]
#     set_property -dict [list CONFIG.PSU__USE__M_AXI_GP1 {0}] [get_bd_cells zynq_ps]
#     #set frequency of PS clock (this can't always be exactly met)
#     set_property -dict [list CONFIG.PSU__OVERRIDE__BASIC_CLOCK {0}] [get_bd_cells zynq_ps]
#     set_property -dict [list CONFIG.PSU__CRL_APB__PL0_REF_CTRL__FREQMHZ [expr int($FREQ_MHZ)]] [get_bd_cells zynq_ps]
# } elseif {$ZYNQ_TYPE == "zynq_7000"} {
#     set zynq_ps_vlnv [get_property VLNV [get_ipdefs "xilinx.com:ip:processing_system7:*"]]
#     create_bd_cell -type ip -vlnv $zynq_ps_vlnv zynq_ps
#     apply_bd_automation -rule xilinx.com:bd_rule:processing_system7 -config {make_external "FIXED_IO, DDR" apply_board_preset "1" Master "Disable" Slave "Disable" }  [get_bd_cells zynq_ps]
#     set_property -dict [list CONFIG.PCW_USE_S_AXI_HP0 {1}] [get_bd_cells zynq_ps]
#     set_property -dict [list CONFIG.PCW_FPGA0_PERIPHERAL_FREQMHZ [expr int($FREQ_MHZ)]] [get_bd_cells zynq_ps]
# } else {
#     puts "Unrecognized Zynq type"
# }
CRITICAL WARNING: [PSU-1]  Parameter : PCW_UIPARAM_DDR_DQS_TO_CLK_DELAY_0 has negative value -0.051 . PS DDR interfaces might fail when entering negative DQS skew values. 
CRITICAL WARNING: [PSU-2]  Parameter : PCW_UIPARAM_DDR_DQS_TO_CLK_DELAY_1 has negative value -0.006 . PS DDR interfaces might fail when entering negative DQS skew values. 
CRITICAL WARNING: [PSU-3]  Parameter : PCW_UIPARAM_DDR_DQS_TO_CLK_DELAY_2 has negative value -0.009 . PS DDR interfaces might fail when entering negative DQS skew values. 
CRITICAL WARNING: [PSU-4]  Parameter : PCW_UIPARAM_DDR_DQS_TO_CLK_DELAY_3 has negative value -0.033 . PS DDR interfaces might fail when entering negative DQS skew values. 
CRITICAL WARNING: [PSU-1]  Parameter : PCW_UIPARAM_DDR_DQS_TO_CLK_DELAY_0 has negative value -0.051 . PS DDR interfaces might fail when entering negative DQS skew values. 
CRITICAL WARNING: [PSU-2]  Parameter : PCW_UIPARAM_DDR_DQS_TO_CLK_DELAY_1 has negative value -0.006 . PS DDR interfaces might fail when entering negative DQS skew values. 
CRITICAL WARNING: [PSU-3]  Parameter : PCW_UIPARAM_DDR_DQS_TO_CLK_DELAY_2 has negative value -0.009 . PS DDR interfaces might fail when entering negative DQS skew values. 
CRITICAL WARNING: [PSU-4]  Parameter : PCW_UIPARAM_DDR_DQS_TO_CLK_DELAY_3 has negative value -0.033 . PS DDR interfaces might fail when entering negative DQS skew values. 
# set interconnect_vlnv [get_property VLNV [get_ipdefs -all "xilinx.com:ip:axi_interconnect:*" -filter design_tool_contexts=~*IPI*]]
# set smartconnect_vlnv [get_property VLNV [get_ipdefs "xilinx.com:ip:smartconnect:*"]]
# create_bd_cell -type ip -vlnv $interconnect_vlnv axi_interconnect_0
# create_bd_cell -type ip -vlnv $smartconnect_vlnv smartconnect_0
# set_property -dict [list CONFIG.NUM_SI $NUM_AXIMM] [get_bd_cells smartconnect_0]
# set_property -dict [list CONFIG.NUM_MI $NUM_AXILITE] [get_bd_cells axi_interconnect_0]
# if {$ZYNQ_TYPE == "zynq_us+"} {
#     set axi_peripheral_base 0xA0000000
#     connect_bd_intf_net [get_bd_intf_pins smartconnect_0/M00_AXI] [get_bd_intf_pins zynq_ps/S_AXI_HP0_FPD]
#     connect_bd_intf_net [get_bd_intf_pins zynq_ps/M_AXI_HPM0_FPD] -boundary_type upper [get_bd_intf_pins axi_interconnect_0/S00_AXI]
#     #connect interconnect clocks and resets
#     apply_bd_automation -rule xilinx.com:bd_rule:clkrst -config { Clk {/zynq_ps/pl_clk0} Freq {} Ref_Clk0 {} Ref_Clk1 {} Ref_Clk2 {}}  [get_bd_pins axi_interconnect_0/ACLK]
#     apply_bd_automation -rule xilinx.com:bd_rule:clkrst -config { Clk {/zynq_ps/pl_clk0} Freq {} Ref_Clk0 {} Ref_Clk1 {} Ref_Clk2 {}}  [get_bd_pins axi_interconnect_0/S00_ACLK]
#     apply_bd_automation -rule xilinx.com:bd_rule:clkrst -config { Clk {/zynq_ps/pl_clk0} Freq {} Ref_Clk0 {} Ref_Clk1 {} Ref_Clk2 {}}  [get_bd_pins zynq_ps/saxihp0_fpd_aclk]
# } elseif {$ZYNQ_TYPE == "zynq_7000"} {
#     set axi_peripheral_base 0x40000000
#     connect_bd_intf_net -boundary_type upper [get_bd_intf_pins zynq_ps/M_AXI_GP0] [get_bd_intf_pins axi_interconnect_0/S00_AXI]
#     connect_bd_intf_net [get_bd_intf_pins smartconnect_0/M00_AXI] [get_bd_intf_pins zynq_ps/S_AXI_HP0]
#     apply_bd_automation -rule xilinx.com:bd_rule:clkrst -config { Clk {/zynq_ps/FCLK_CLK0} Freq {} Ref_Clk0 {} Ref_Clk1 {} Ref_Clk2 {}}  [get_bd_pins axi_interconnect_0/ACLK]
#     apply_bd_automation -rule xilinx.com:bd_rule:clkrst -config { Clk {/zynq_ps/FCLK_CLK0} Freq {} Ref_Clk0 {} Ref_Clk1 {} Ref_Clk2 {}}  [get_bd_pins axi_interconnect_0/S00_ACLK]
#     apply_bd_automation -rule xilinx.com:bd_rule:clkrst -config { Clk {/zynq_ps/FCLK_CLK0} Freq {} Ref_Clk0 {} Ref_Clk1 {} Ref_Clk2 {}}  [get_bd_pins zynq_ps/S_AXI_HP0_ACLK]
# }
INFO: [Ipptcl 7-1463] No Compatible Board Interface found. Board Tab not created in customize GUI
# connect_bd_net [get_bd_pins axi_interconnect_0/ARESETN] [get_bd_pins smartconnect_0/aresetn]
# proc assign_axi_addr_proc {axi_intf_path} {
#     #global variable holds current base address
#     global axi_peripheral_base
#     #infer range
#     set range [expr 2**[get_property CONFIG.ADDR_WIDTH [get_bd_intf_pins $axi_intf_path]]]
#     set range [expr $range < 4096 ? 4096 : $range]
#     #align base address to range
#     set offset [expr ($axi_peripheral_base + ($range-1)) & ~($range-1)]
#     #perform assignment
#     assign_bd_address [get_bd_addr_segs $axi_intf_path/Reg*] -offset $offset -range $range
#     #advance base address
#     set axi_peripheral_base [expr $offset + $range]
# }
# set_property ip_repo_paths [concat [get_property ip_repo_paths [current_project]] [list /tmp/finn_dev_root/code_gen_ipgen_StreamingDataflowPartition_0_IODMA_hls_0_nw64ed9c/project_StreamingDataflowPartition_0_IODMA_hls_0/sol1/impl/ip /tmp/finn_dev_root/vivado_stitch_proj_s6m9sah8/ip]] [current_project]
# update_ip_catalog -rebuild -scan_changes
INFO: [IP_Flow 19-234] Refreshing IP repositories
INFO: [IP_Flow 19-1700] Loaded user IP repository '/tmp/finn_dev_root/code_gen_ipgen_StreamingDataflowPartition_0_IODMA_hls_0_nw64ed9c/project_StreamingDataflowPartition_0_IODMA_hls_0/sol1/impl/ip'.
INFO: [IP_Flow 19-1700] Loaded user IP repository '/tmp/finn_dev_root/vivado_stitch_proj_s6m9sah8/ip'.
# create_bd_cell -type ip -vlnv xilinx_finn:finn:StreamingDataflowPartition_0:1.0 idma0
# connect_bd_intf_net [get_bd_intf_pins idma0/m_axi_gmem0] [get_bd_intf_pins smartconnect_0/S00_AXI]
# connect_bd_intf_net [get_bd_intf_pins idma0/s_axi_control_0] [get_bd_intf_pins axi_interconnect_0/M00_AXI]
# assign_axi_addr_proc idma0/s_axi_control_0
Slave segment '/idma0/s_axi_control_0/Reg0' is being assigned into address space '/zynq_ps/Data' at <0x4000_0000 [ 4K ]>.
# connect_bd_net [get_bd_pins idma0/ap_clk] [get_bd_pins smartconnect_0/aclk]
# connect_bd_net [get_bd_pins idma0/ap_rst_n] [get_bd_pins smartconnect_0/aresetn]
# set_property ip_repo_paths [concat [get_property ip_repo_paths [current_project]] [list /tmp/finn_dev_root/code_gen_ipgen_StreamingDataflowPartition_1_MVAU_hls_0_2u1xrg7u/project_StreamingDataflowPartition_1_MVAU_hls_0/sol1/impl/ip /tmp/finn_dev_root/code_gen_ipgen_StreamingDataflowPartition_1_MVAU_hls_1_27oobmvw/project_StreamingDataflowPartition_1_MVAU_hls_1/sol1/impl/ip /tmp/finn_dev_root/code_gen_ipgen_StreamingDataflowPartition_1_MVAU_hls_2_el4ah6ax/project_StreamingDataflowPartition_1_MVAU_hls_2/sol1/impl/ip /tmp/finn_dev_root/code_gen_ipgen_StreamingDataflowPartition_1_LabelSelect_hls_0_z93_a8wy/project_StreamingDataflowPartition_1_LabelSelect_hls_0/sol1/impl/ip /tmp/finn_dev_root/vivado_stitch_proj_58ojjtjh/ip $::env(FINN_ROOT)/finn-rtllib/memstream]] [current_project]
# update_ip_catalog -rebuild -scan_changes
INFO: [IP_Flow 19-234] Refreshing IP repositories
INFO: [IP_Flow 19-1700] Loaded user IP repository '/tmp/finn_dev_root/code_gen_ipgen_StreamingDataflowPartition_0_IODMA_hls_0_nw64ed9c/project_StreamingDataflowPartition_0_IODMA_hls_0/sol1/impl/ip'.
INFO: [IP_Flow 19-1700] Loaded user IP repository '/tmp/finn_dev_root/vivado_stitch_proj_s6m9sah8/ip'.
INFO: [IP_Flow 19-1700] Loaded user IP repository '/tmp/finn_dev_root/code_gen_ipgen_StreamingDataflowPartition_1_MVAU_hls_0_2u1xrg7u/project_StreamingDataflowPartition_1_MVAU_hls_0/sol1/impl/ip'.
INFO: [IP_Flow 19-1700] Loaded user IP repository '/tmp/finn_dev_root/code_gen_ipgen_StreamingDataflowPartition_1_MVAU_hls_1_27oobmvw/project_StreamingDataflowPartition_1_MVAU_hls_1/sol1/impl/ip'.
INFO: [IP_Flow 19-1700] Loaded user IP repository '/tmp/finn_dev_root/code_gen_ipgen_StreamingDataflowPartition_1_MVAU_hls_2_el4ah6ax/project_StreamingDataflowPartition_1_MVAU_hls_2/sol1/impl/ip'.
INFO: [IP_Flow 19-1700] Loaded user IP repository '/tmp/finn_dev_root/code_gen_ipgen_StreamingDataflowPartition_1_LabelSelect_hls_0_z93_a8wy/project_StreamingDataflowPartition_1_LabelSelect_hls_0/sol1/impl/ip'.
INFO: [IP_Flow 19-1700] Loaded user IP repository '/tmp/finn_dev_root/vivado_stitch_proj_58ojjtjh/ip'.
INFO: [IP_Flow 19-1700] Loaded user IP repository '/home/johncrespo/FPGA/BRH_Tutorials/8_Python_to_FPGA/finn/finn-rtllib/memstream'.
# create_bd_cell -type ip -vlnv xilinx_finn:finn:StreamingDataflowPartition_1:1.0 StreamingDataflowPartition_1
# connect_bd_net [get_bd_pins StreamingDataflowPartition_1/ap_clk] [get_bd_pins smartconnect_0/aclk]
# connect_bd_net [get_bd_pins StreamingDataflowPartition_1/ap_rst_n] [get_bd_pins smartconnect_0/aresetn]
# connect_bd_intf_net [get_bd_intf_pins StreamingDataflowPartition_1/s_axis_0] [get_bd_intf_pins idma0/m_axis_0]
# set_property ip_repo_paths [concat [get_property ip_repo_paths [current_project]] [list /tmp/finn_dev_root/code_gen_ipgen_StreamingDataflowPartition_2_IODMA_hls_0_l993uwln/project_StreamingDataflowPartition_2_IODMA_hls_0/sol1/impl/ip /tmp/finn_dev_root/vivado_stitch_proj_xfxgo6ve/ip]] [current_project]
# update_ip_catalog -rebuild -scan_changes
INFO: [IP_Flow 19-234] Refreshing IP repositories
INFO: [IP_Flow 19-1700] Loaded user IP repository '/tmp/finn_dev_root/code_gen_ipgen_StreamingDataflowPartition_0_IODMA_hls_0_nw64ed9c/project_StreamingDataflowPartition_0_IODMA_hls_0/sol1/impl/ip'.
INFO: [IP_Flow 19-1700] Loaded user IP repository '/tmp/finn_dev_root/vivado_stitch_proj_s6m9sah8/ip'.
INFO: [IP_Flow 19-1700] Loaded user IP repository '/tmp/finn_dev_root/code_gen_ipgen_StreamingDataflowPartition_1_MVAU_hls_0_2u1xrg7u/project_StreamingDataflowPartition_1_MVAU_hls_0/sol1/impl/ip'.
INFO: [IP_Flow 19-1700] Loaded user IP repository '/tmp/finn_dev_root/code_gen_ipgen_StreamingDataflowPartition_1_MVAU_hls_1_27oobmvw/project_StreamingDataflowPartition_1_MVAU_hls_1/sol1/impl/ip'.
INFO: [IP_Flow 19-1700] Loaded user IP repository '/tmp/finn_dev_root/code_gen_ipgen_StreamingDataflowPartition_1_MVAU_hls_2_el4ah6ax/project_StreamingDataflowPartition_1_MVAU_hls_2/sol1/impl/ip'.
INFO: [IP_Flow 19-1700] Loaded user IP repository '/tmp/finn_dev_root/code_gen_ipgen_StreamingDataflowPartition_1_LabelSelect_hls_0_z93_a8wy/project_StreamingDataflowPartition_1_LabelSelect_hls_0/sol1/impl/ip'.
INFO: [IP_Flow 19-1700] Loaded user IP repository '/tmp/finn_dev_root/vivado_stitch_proj_58ojjtjh/ip'.
INFO: [IP_Flow 19-1700] Loaded user IP repository '/home/johncrespo/FPGA/BRH_Tutorials/8_Python_to_FPGA/finn/finn-rtllib/memstream'.
INFO: [IP_Flow 19-1700] Loaded user IP repository '/tmp/finn_dev_root/code_gen_ipgen_StreamingDataflowPartition_2_IODMA_hls_0_l993uwln/project_StreamingDataflowPartition_2_IODMA_hls_0/sol1/impl/ip'.
INFO: [IP_Flow 19-1700] Loaded user IP repository '/tmp/finn_dev_root/vivado_stitch_proj_xfxgo6ve/ip'.
# create_bd_cell -type ip -vlnv xilinx_finn:finn:StreamingDataflowPartition_2:1.0 odma0
# connect_bd_intf_net [get_bd_intf_pins odma0/m_axi_gmem0] [get_bd_intf_pins smartconnect_0/S01_AXI]
# connect_bd_intf_net [get_bd_intf_pins odma0/s_axi_control_0] [get_bd_intf_pins axi_interconnect_0/M01_AXI]
# assign_axi_addr_proc odma0/s_axi_control_0
Slave segment '/odma0/s_axi_control_0/Reg0' is being assigned into address space '/zynq_ps/Data' at <0x4000_1000 [ 4K ]>.
# connect_bd_net [get_bd_pins odma0/ap_clk] [get_bd_pins smartconnect_0/aclk]
# connect_bd_net [get_bd_pins odma0/ap_rst_n] [get_bd_pins smartconnect_0/aresetn]
# connect_bd_intf_net [get_bd_intf_pins odma0/s_axis_0] [get_bd_intf_pins StreamingDataflowPartition_1/m_axis_0]
# if {1 == 1} {
#     set_property HDL_ATTRIBUTE.DEBUG true [get_bd_intf_nets {idma0_m_axis_0}]
#     set_property HDL_ATTRIBUTE.DEBUG true [get_bd_intf_nets {StreamingDataflowPartition_1_m_axis_0}]
#     set_property HDL_ATTRIBUTE.DEBUG true [get_bd_intf_nets {smartconnect_0_M00_AXI}]
#     apply_bd_automation -rule xilinx.com:bd_rule:debug -dict [list                                                               [get_bd_intf_nets smartconnect_0_M00_AXI] {AXI_R_ADDRESS "Data and Trigger" AXI_R_DATA "Data and Trigger" AXI_W_ADDRESS "Data and Trigger" AXI_W_DATA "Data and Trigger" AXI_W_RESPONSE "Data and Trigger" CLK_SRC "/zynq_ps/FCLK_CLK0" SYSTEM_ILA "Auto" APC_EN "0" }                                                               [get_bd_intf_nets idma0_m_axis_0] {AXIS_SIGNALS "Data and Trigger" CLK_SRC "/zynq_ps/FCLK_CLK0" SYSTEM_ILA "Auto" APC_EN "0" }                                                               [get_bd_intf_nets StreamingDataflowPartition_1_m_axis_0] {AXIS_SIGNALS "Data and Trigger" CLK_SRC "/zynq_ps/FCLK_CLK0" SYSTEM_ILA "Auto" APC_EN "0" }                                                              ]
# }
Debug Automation : Instantiating new System ILA block '/system_ila_0' with mode INTERFACE, 3 slot interface pins and 0 probe pins. Also setting parameters on this block, corresponding to newly enabled interface pins and probe pins as specified via Debug Automation.
Debug Automation : Connecting source clock pin /zynq_ps/FCLK_CLK0 to the following sink clock pins :
/system_ila_0/clk
Debug Automation : Connecting source reset pin /rst_zynq_ps_200M/peripheral_aresetn to the following sink reset pins :
/system_ila_0/resetn
Debug Automation : Connecting interface connection /smartconnect_0_M00_AXI, to System ILA slot interface pin /system_ila_0/SLOT_0_AXI for debug.
Debug Automation : Connecting interface connection /idma0_m_axis_0, to System ILA slot interface pin /system_ila_0/SLOT_1_AXIS for debug.
Debug Automation : Connecting interface connection /StreamingDataflowPartition_1_m_axis_0, to System ILA slot interface pin /system_ila_0/SLOT_2_AXIS for debug.
# if {$ZYNQ_TYPE == "zynq_us+"} {
#     apply_bd_automation -rule xilinx.com:bd_rule:clkrst -config { Clk {/zynq_ps/pl_clk0} }  [get_bd_pins axi_interconnect_0/M*_ACLK]
# } elseif {$ZYNQ_TYPE == "zynq_7000"} {
#     apply_bd_automation -rule xilinx.com:bd_rule:clkrst -config { Clk {/zynq_ps/FCLK_CLK0} }  [get_bd_pins axi_interconnect_0/M*_ACLK]
# }
# save_bd_design
Wrote  : </tmp/finn_dev_root/vivado_zynq_proj_9n5w7zv_/finn_zynq_link.srcs/sources_1/bd/top/top.bd> 
# assign_bd_address
Slave segment '/zynq_ps/S_AXI_HP0/HP0_DDR_LOWOCM' is being assigned into address space '/idma0/m_axi_gmem0' at <0x0000_0000 [ 512M ]>.
Slave segment '/zynq_ps/S_AXI_HP0/HP0_DDR_LOWOCM' is being assigned into address space '/odma0/m_axi_gmem0' at <0x0000_0000 [ 512M ]>.
# validate_bd_design
WARNING: [BD 41-1781] Updates have been made to one or more nets/interface connections marked for debug.
Debug nets, which are already connected to any ILA IP core in the block-design, will be automatically available for debug in Hardware Manager.
For unconnected Debug nets, please open synthesized design and use 'Set Up Debug' wizard to insert, modify or delete Debug Cores. 
WARNING: [BD 41-702] Propagation TCL tries to overwrite USER strength parameter PCW_M_AXI_GP0_FREQMHZ(10) on '/zynq_ps' with propagated value(200). Command ignored
WARNING: [BD 41-702] Propagation TCL tries to overwrite USER strength parameter PCW_S_AXI_HP0_FREQMHZ(10) on '/zynq_ps' with propagated value(200). Command ignored
INFO: [BD 5-943] Reserving offset range <0x0000_0000 [ 512M ]> from slave interface '/smartconnect_0/S00_AXI' to master interface '/smartconnect_0/M00_AXI'. This will be used by smartconnect on path for routing.
INFO: [BD 5-943] Reserving offset range <0x0000_0000 [ 512M ]> from slave interface '/smartconnect_0/S01_AXI' to master interface '/smartconnect_0/M00_AXI'. This will be used by smartconnect on path for routing.
INFO: [xilinx.com:ip:smartconnect:1.0-1] top_smartconnect_0_0: SmartConnect top_smartconnect_0_0 is in High-performance Mode.
INFO: [Ipptcl 7-1463] No Compatible Board Interface found. Board Tab not created in customize GUI
WARNING: [BD 41-926] Following properties on interface pin /idma0/s_axi_control_0 have been updated from connected ip, but BD cell '/idma0' does not accept parameter changes, so they may not be synchronized with cell properties:
	SUPPORTS_NARROW_BURST = 0
	MAX_BURST_LENGTH = 1

Please resolve any mismatches by directly setting properties on BD cell </idma0> to completely resolve these warnings.
WARNING: [BD 41-926] Following properties on interface pin /idma0/m_axi_gmem0 have been updated from connected ip, but BD cell '/idma0' does not accept parameter changes, so they may not be synchronized with cell properties:
	SUPPORTS_NARROW_BURST = 0

Please resolve any mismatches by directly setting properties on BD cell </idma0> to completely resolve these warnings.
WARNING: [BD 41-926] Following properties on interface pin /odma0/s_axi_control_0 have been updated from connected ip, but BD cell '/odma0' does not accept parameter changes, so they may not be synchronized with cell properties:
	SUPPORTS_NARROW_BURST = 0
	MAX_BURST_LENGTH = 1

Please resolve any mismatches by directly setting properties on BD cell </odma0> to completely resolve these warnings.
WARNING: [BD 41-926] Following properties on interface pin /odma0/m_axi_gmem0 have been updated from connected ip, but BD cell '/odma0' does not accept parameter changes, so they may not be synchronized with cell properties:
	SUPPORTS_NARROW_BURST = 0

Please resolve any mismatches by directly setting properties on BD cell </odma0> to completely resolve these warnings.
validate_bd_design: Time (s): cpu = 00:00:08 ; elapsed = 00:00:08 . Memory (MB): peak = 2043.613 ; gain = 182.258 ; free physical = 2496 ; free virtual = 17059
# set_property SYNTH_CHECKPOINT_MODE "Hierarchical" [ get_files top.bd ]
# make_wrapper -files [get_files top.bd] -import -fileset sources_1 -top
INFO: [BD 41-1662] The design 'top.bd' is already validated. Therefore parameter propagation will not be re-run.
Wrote  : </tmp/finn_dev_root/vivado_zynq_proj_9n5w7zv_/finn_zynq_link.srcs/sources_1/bd/top/top.bd> 
WARNING: [BD 41-2384] Width mismatch when connecting pin: '/smartconnect_0/S00_AXI_awlock'(1) to pin: '/idma0/m_axi_gmem0_awlock'(2) - Only lower order bits will be connected.
WARNING: [BD 41-2384] Width mismatch when connecting pin: '/smartconnect_0/S00_AXI_arlock'(1) to pin: '/idma0/m_axi_gmem0_arlock'(2) - Only lower order bits will be connected.
WARNING: [BD 41-2384] Width mismatch when connecting pin: '/system_ila_0/SLOT_1_AXIS_tdata'(32) to pin: '/idma0/m_axis_0_tdata'(8) - Only lower order bits will be connected.
WARNING: [BD 41-2384] Width mismatch when connecting pin: '/smartconnect_0/S01_AXI_awlock'(1) to pin: '/odma0/m_axi_gmem0_awlock'(2) - Only lower order bits will be connected.
WARNING: [BD 41-2384] Width mismatch when connecting pin: '/smartconnect_0/S01_AXI_arlock'(1) to pin: '/odma0/m_axi_gmem0_arlock'(2) - Only lower order bits will be connected.
WARNING: [BD 41-2384] Width mismatch when connecting pin: '/system_ila_0/SLOT_2_AXIS_tdata'(32) to pin: '/StreamingDataflowPartition_1/m_axis_0_tdata'(8) - Only lower order bits will be connected.
Verilog Output written to : /tmp/finn_dev_root/vivado_zynq_proj_9n5w7zv_/finn_zynq_link.gen/sources_1/bd/top/synth/top.v
WARNING: [BD 41-2384] Width mismatch when connecting pin: '/smartconnect_0/S00_AXI_awlock'(1) to pin: '/idma0/m_axi_gmem0_awlock'(2) - Only lower order bits will be connected.
WARNING: [BD 41-2384] Width mismatch when connecting pin: '/smartconnect_0/S00_AXI_arlock'(1) to pin: '/idma0/m_axi_gmem0_arlock'(2) - Only lower order bits will be connected.
WARNING: [BD 41-2384] Width mismatch when connecting pin: '/system_ila_0/SLOT_1_AXIS_tdata'(32) to pin: '/idma0/m_axis_0_tdata'(8) - Only lower order bits will be connected.
WARNING: [BD 41-2384] Width mismatch when connecting pin: '/smartconnect_0/S01_AXI_awlock'(1) to pin: '/odma0/m_axi_gmem0_awlock'(2) - Only lower order bits will be connected.
WARNING: [BD 41-2384] Width mismatch when connecting pin: '/smartconnect_0/S01_AXI_arlock'(1) to pin: '/odma0/m_axi_gmem0_arlock'(2) - Only lower order bits will be connected.
WARNING: [BD 41-2384] Width mismatch when connecting pin: '/system_ila_0/SLOT_2_AXIS_tdata'(32) to pin: '/StreamingDataflowPartition_1/m_axis_0_tdata'(8) - Only lower order bits will be connected.
Verilog Output written to : /tmp/finn_dev_root/vivado_zynq_proj_9n5w7zv_/finn_zynq_link.gen/sources_1/bd/top/sim/top.v
Verilog Output written to : /tmp/finn_dev_root/vivado_zynq_proj_9n5w7zv_/finn_zynq_link.gen/sources_1/bd/top/hdl/top_wrapper.v
# set_property strategy Flow_PerfOptimized_high [get_runs synth_1]
# set_property STEPS.SYNTH_DESIGN.ARGS.DIRECTIVE AlternateRoutability [get_runs synth_1]
# set_property STEPS.SYNTH_DESIGN.ARGS.RETIMING true [get_runs synth_1]
WARNING: [Common 17-599] Property 'STEPS.SYNTH_DESIGN.ARGS.RETIMING' is deprecated for object type 'run'. Please use '-global_retiming' instead.
# set_property strategy Performance_ExtraTimingOpt [get_runs impl_1]
# set_property STEPS.OPT_DESIGN.ARGS.DIRECTIVE Explore [get_runs impl_1]
# set_property STEPS.POST_ROUTE_PHYS_OPT_DESIGN.ARGS.DIRECTIVE AggressiveExplore [get_runs impl_1]
# set_property STEPS.PHYS_OPT_DESIGN.ARGS.DIRECTIVE AggressiveExplore [get_runs impl_1]
# set_property STEPS.POST_ROUTE_PHYS_OPT_DESIGN.IS_ENABLED true [get_runs impl_1]
# launch_runs -to_step write_bitstream impl_1
INFO: [BD 41-1662] The design 'top.bd' is already validated. Therefore parameter propagation will not be re-run.
WARNING: [BD 41-2384] Width mismatch when connecting pin: '/smartconnect_0/S00_AXI_awlock'(1) to pin: '/idma0/m_axi_gmem0_awlock'(2) - Only lower order bits will be connected.
WARNING: [BD 41-2384] Width mismatch when connecting pin: '/smartconnect_0/S00_AXI_arlock'(1) to pin: '/idma0/m_axi_gmem0_arlock'(2) - Only lower order bits will be connected.
WARNING: [BD 41-2384] Width mismatch when connecting pin: '/system_ila_0/SLOT_1_AXIS_tdata'(32) to pin: '/idma0/m_axis_0_tdata'(8) - Only lower order bits will be connected.
WARNING: [BD 41-2384] Width mismatch when connecting pin: '/smartconnect_0/S01_AXI_awlock'(1) to pin: '/odma0/m_axi_gmem0_awlock'(2) - Only lower order bits will be connected.
WARNING: [BD 41-2384] Width mismatch when connecting pin: '/smartconnect_0/S01_AXI_arlock'(1) to pin: '/odma0/m_axi_gmem0_arlock'(2) - Only lower order bits will be connected.
WARNING: [BD 41-2384] Width mismatch when connecting pin: '/system_ila_0/SLOT_2_AXIS_tdata'(32) to pin: '/StreamingDataflowPartition_1/m_axis_0_tdata'(8) - Only lower order bits will be connected.
Verilog Output written to : /tmp/finn_dev_root/vivado_zynq_proj_9n5w7zv_/finn_zynq_link.gen/sources_1/bd/top/synth/top.v
WARNING: [BD 41-2384] Width mismatch when connecting pin: '/smartconnect_0/S00_AXI_awlock'(1) to pin: '/idma0/m_axi_gmem0_awlock'(2) - Only lower order bits will be connected.
WARNING: [BD 41-2384] Width mismatch when connecting pin: '/smartconnect_0/S00_AXI_arlock'(1) to pin: '/idma0/m_axi_gmem0_arlock'(2) - Only lower order bits will be connected.
WARNING: [BD 41-2384] Width mismatch when connecting pin: '/system_ila_0/SLOT_1_AXIS_tdata'(32) to pin: '/idma0/m_axis_0_tdata'(8) - Only lower order bits will be connected.
WARNING: [BD 41-2384] Width mismatch when connecting pin: '/smartconnect_0/S01_AXI_awlock'(1) to pin: '/odma0/m_axi_gmem0_awlock'(2) - Only lower order bits will be connected.
WARNING: [BD 41-2384] Width mismatch when connecting pin: '/smartconnect_0/S01_AXI_arlock'(1) to pin: '/odma0/m_axi_gmem0_arlock'(2) - Only lower order bits will be connected.
WARNING: [BD 41-2384] Width mismatch when connecting pin: '/system_ila_0/SLOT_2_AXIS_tdata'(32) to pin: '/StreamingDataflowPartition_1/m_axis_0_tdata'(8) - Only lower order bits will be connected.
Verilog Output written to : /tmp/finn_dev_root/vivado_zynq_proj_9n5w7zv_/finn_zynq_link.gen/sources_1/bd/top/sim/top.v
Verilog Output written to : /tmp/finn_dev_root/vivado_zynq_proj_9n5w7zv_/finn_zynq_link.gen/sources_1/bd/top/hdl/top_wrapper.v
INFO: [IP_Flow 19-5611] Unable to find an associated reset port for the interface 'M_AXI_GP0'. A default connection has been created.
INFO: [IP_Flow 19-5611] Unable to find an associated reset port for the interface 'S_AXI_HP0'. A default connection has been created.
INFO: [BD 41-1029] Generation completed for the IP Integrator block zynq_ps .
INFO: [BD 41-1029] Generation completed for the IP Integrator block axi_interconnect_0/xbar .
Exporting to file /tmp/finn_dev_root/vivado_zynq_proj_9n5w7zv_/finn_zynq_link.gen/sources_1/bd/top/ip/top_smartconnect_0_0/bd_0/hw_handoff/top_smartconnect_0_0.hwh
Generated Hardware Definition File /tmp/finn_dev_root/vivado_zynq_proj_9n5w7zv_/finn_zynq_link.gen/sources_1/bd/top/ip/top_smartconnect_0_0/bd_0/synth/top_smartconnect_0_0.hwdef
INFO: [BD 41-1029] Generation completed for the IP Integrator block smartconnect_0 .
INFO: [BD 41-1029] Generation completed for the IP Integrator block rst_zynq_ps_200M .
INFO: [BD 41-1029] Generation completed for the IP Integrator block idma0 .
WARNING: [IP_Flow 19-4684] Expected long value for param AXILITE_ADDR_WIDTH but, float/scientific notation value 20.0 is provided. The value is converted to long type(20)
WARNING: [IP_Flow 19-4684] Expected long value for param AXILITE_ADDR_WIDTH but, float/scientific notation value 20.0 is provided. The value is converted to long type(20)
WARNING: [IP_Flow 19-4684] Expected long value for param AXILITE_ADDR_WIDTH but, float/scientific notation value 18.0 is provided. The value is converted to long type(18)
WARNING: [IP_Flow 19-4684] Expected long value for param AXILITE_ADDR_WIDTH but, float/scientific notation value 18.0 is provided. The value is converted to long type(18)
WARNING: [IP_Flow 19-4684] Expected long value for param AXILITE_ADDR_WIDTH but, float/scientific notation value 15.0 is provided. The value is converted to long type(15)
WARNING: [IP_Flow 19-4684] Expected long value for param AXILITE_ADDR_WIDTH but, float/scientific notation value 15.0 is provided. The value is converted to long type(15)
INFO: [BD 41-1029] Generation completed for the IP Integrator block StreamingDataflowPartition_1 .
INFO: [BD 41-1029] Generation completed for the IP Integrator block odma0 .
WARNING: [IP_Flow 19-4994] Overwriting existing constraint file '/tmp/finn_dev_root/vivado_zynq_proj_9n5w7zv_/finn_zynq_link.gen/sources_1/bd/top/ip/top_system_ila_0_0/top_system_ila_0_0_ooc.xdc'
Exporting to file /tmp/finn_dev_root/vivado_zynq_proj_9n5w7zv_/finn_zynq_link.gen/sources_1/bd/top/ip/top_system_ila_0_0/bd_0/hw_handoff/top_system_ila_0_0.hwh
Generated Hardware Definition File /tmp/finn_dev_root/vivado_zynq_proj_9n5w7zv_/finn_zynq_link.gen/sources_1/bd/top/ip/top_system_ila_0_0/bd_0/synth/top_system_ila_0_0.hwdef
INFO: [BD 41-1029] Generation completed for the IP Integrator block system_ila_0 .
WARNING: [IP_Flow 19-4994] Overwriting existing constraint file '/tmp/finn_dev_root/vivado_zynq_proj_9n5w7zv_/finn_zynq_link.gen/sources_1/bd/top/ip/top_auto_pc_0/top_auto_pc_0_ooc.xdc'
INFO: [BD 41-1029] Generation completed for the IP Integrator block axi_interconnect_0/s00_couplers/auto_pc .
Exporting to file /tmp/finn_dev_root/vivado_zynq_proj_9n5w7zv_/finn_zynq_link.gen/sources_1/bd/top/hw_handoff/top.hwh
Generated Hardware Definition File /tmp/finn_dev_root/vivado_zynq_proj_9n5w7zv_/finn_zynq_link.gen/sources_1/bd/top/synth/top.hwdef
INFO: [IP_Flow 19-6930] IPCACHE: runCacheChecks() number of threads = 8
INFO: [IP_Flow 19-6921] IPCACHE: Adding cache check func to thread queue for IP top_StreamingDataflowPartition_1_0
INFO: [IP_Flow 19-6921] IPCACHE: Adding cache check func to thread queue for IP top_auto_pc_0
INFO: [IP_Flow 19-6921] IPCACHE: Adding cache check func to thread queue for IP top_idma0_0
INFO: [IP_Flow 19-6921] IPCACHE: Adding cache check func to thread queue for IP top_odma0_0
INFO: [IP_Flow 19-6921] IPCACHE: Adding cache check func to thread queue for IP top_rst_zynq_ps_200M_0
INFO: [IP_Flow 19-6921] IPCACHE: Adding cache check func to thread queue for IP top_smartconnect_0_0
INFO: [IP_Flow 19-6921] IPCACHE: Adding cache check func to thread queue for IP top_system_ila_0_0
INFO: [IP_Flow 19-6921] IPCACHE: Adding cache check func to thread queue for IP top_xbar_0
INFO: [IP_Flow 19-8020] IPCACHE: runCacheChecks() calling threadPool finishWork()
INFO: [IP_Flow 19-6924] IPCACHE: Running cache check for IP inst: top_StreamingDataflowPartition_1_0
INFO: [IP_Flow 19-6924] IPCACHE: Running cache check for IP inst: top_auto_pc_0
INFO: [IP_Flow 19-6924] IPCACHE: Running cache check for IP inst: top_odma0_0
INFO: [IP_Flow 19-6924] IPCACHE: Running cache check for IP inst: top_xbar_0
INFO: [IP_Flow 19-6924] IPCACHE: Running cache check for IP inst: top_idma0_0
INFO: [IP_Flow 19-6924] IPCACHE: Running cache check for IP inst: top_rst_zynq_ps_200M_0
INFO: [IP_Flow 19-6924] IPCACHE: Running cache check for IP inst: top_smartconnect_0_0
INFO: [IP_Flow 19-6924] IPCACHE: Running cache check for IP inst: top_system_ila_0_0
[Mon Jan  5 02:15:44 2026] Launched top_zynq_ps_0_synth_1, top_system_ila_0_0_synth_1, top_rst_zynq_ps_200M_0_synth_1, top_smartconnect_0_0_synth_1, top_StreamingDataflowPartition_1_0_synth_1, top_idma0_0_synth_1, top_odma0_0_synth_1, top_xbar_0_synth_1, top_auto_pc_0_synth_1, synth_1...
Run output will be captured here:
top_zynq_ps_0_synth_1: /tmp/finn_dev_root/vivado_zynq_proj_9n5w7zv_/finn_zynq_link.runs/top_zynq_ps_0_synth_1/runme.log
top_system_ila_0_0_synth_1: /tmp/finn_dev_root/vivado_zynq_proj_9n5w7zv_/finn_zynq_link.runs/top_system_ila_0_0_synth_1/runme.log
top_rst_zynq_ps_200M_0_synth_1: /tmp/finn_dev_root/vivado_zynq_proj_9n5w7zv_/finn_zynq_link.runs/top_rst_zynq_ps_200M_0_synth_1/runme.log
top_smartconnect_0_0_synth_1: /tmp/finn_dev_root/vivado_zynq_proj_9n5w7zv_/finn_zynq_link.runs/top_smartconnect_0_0_synth_1/runme.log
top_StreamingDataflowPartition_1_0_synth_1: /tmp/finn_dev_root/vivado_zynq_proj_9n5w7zv_/finn_zynq_link.runs/top_StreamingDataflowPartition_1_0_synth_1/runme.log
top_idma0_0_synth_1: /tmp/finn_dev_root/vivado_zynq_proj_9n5w7zv_/finn_zynq_link.runs/top_idma0_0_synth_1/runme.log
top_odma0_0_synth_1: /tmp/finn_dev_root/vivado_zynq_proj_9n5w7zv_/finn_zynq_link.runs/top_odma0_0_synth_1/runme.log
top_xbar_0_synth_1: /tmp/finn_dev_root/vivado_zynq_proj_9n5w7zv_/finn_zynq_link.runs/top_xbar_0_synth_1/runme.log
top_auto_pc_0_synth_1: /tmp/finn_dev_root/vivado_zynq_proj_9n5w7zv_/finn_zynq_link.runs/top_auto_pc_0_synth_1/runme.log
synth_1: /tmp/finn_dev_root/vivado_zynq_proj_9n5w7zv_/finn_zynq_link.runs/synth_1/runme.log
[Mon Jan  5 02:15:44 2026] Launched impl_1...
Run output will be captured here: /tmp/finn_dev_root/vivado_zynq_proj_9n5w7zv_/finn_zynq_link.runs/impl_1/runme.log
launch_runs: Time (s): cpu = 00:00:29 ; elapsed = 00:00:30 . Memory (MB): peak = 2516.098 ; gain = 252.883 ; free physical = 1995 ; free virtual = 16711
# wait_on_run [get_runs impl_1]
[Mon Jan  5 02:15:44 2026] Waiting for impl_1 to finish...

*** Running vivado
    with args -log top_wrapper.vdi -applog -m64 -product Vivado -messageDb vivado.pb -mode batch -source top_wrapper.tcl -notrace


****** Vivado v2023.2 (64-bit)
  **** SW Build 4029153 on Fri Oct 13 20:13:54 MDT 2023
  **** IP Build 4028589 on Sat Oct 14 00:45:43 MDT 2023
  **** SharedData Build 4025554 on Tue Oct 10 17:18:54 MDT 2023
    ** Copyright 1986-2022 Xilinx, Inc. All Rights Reserved.
    ** Copyright 2022-2023 Advanced Micro Devices, Inc. All Rights Reserved.

source top_wrapper.tcl -notrace
create_project: Time (s): cpu = 00:00:20 ; elapsed = 00:00:20 . Memory (MB): peak = 1559.047 ; gain = 34.836 ; free physical = 2183 ; free virtual = 14879
INFO: [IP_Flow 19-234] Refreshing IP repositories
INFO: [IP_Flow 19-1700] Loaded user IP repository '/tmp/finn_dev_root/code_gen_ipgen_StreamingDataflowPartition_0_IODMA_hls_0_nw64ed9c/project_StreamingDataflowPartition_0_IODMA_hls_0/sol1/impl/ip'.
INFO: [IP_Flow 19-1700] Loaded user IP repository '/tmp/finn_dev_root/vivado_stitch_proj_s6m9sah8/ip'.
INFO: [IP_Flow 19-1700] Loaded user IP repository '/tmp/finn_dev_root/code_gen_ipgen_StreamingDataflowPartition_1_MVAU_hls_0_2u1xrg7u/project_StreamingDataflowPartition_1_MVAU_hls_0/sol1/impl/ip'.
INFO: [IP_Flow 19-1700] Loaded user IP repository '/tmp/finn_dev_root/code_gen_ipgen_StreamingDataflowPartition_1_MVAU_hls_1_27oobmvw/project_StreamingDataflowPartition_1_MVAU_hls_1/sol1/impl/ip'.
INFO: [IP_Flow 19-1700] Loaded user IP repository '/tmp/finn_dev_root/code_gen_ipgen_StreamingDataflowPartition_1_MVAU_hls_2_el4ah6ax/project_StreamingDataflowPartition_1_MVAU_hls_2/sol1/impl/ip'.
INFO: [IP_Flow 19-1700] Loaded user IP repository '/tmp/finn_dev_root/code_gen_ipgen_StreamingDataflowPartition_1_LabelSelect_hls_0_z93_a8wy/project_StreamingDataflowPartition_1_LabelSelect_hls_0/sol1/impl/ip'.
INFO: [IP_Flow 19-1700] Loaded user IP repository '/tmp/finn_dev_root/vivado_stitch_proj_58ojjtjh/ip'.
INFO: [IP_Flow 19-1700] Loaded user IP repository '/home/johncrespo/FPGA/BRH_Tutorials/8_Python_to_FPGA/finn/finn-rtllib/memstream'.
INFO: [IP_Flow 19-1700] Loaded user IP repository '/tmp/finn_dev_root/code_gen_ipgen_StreamingDataflowPartition_2_IODMA_hls_0_l993uwln/project_StreamingDataflowPartition_2_IODMA_hls_0/sol1/impl/ip'.
INFO: [IP_Flow 19-1700] Loaded user IP repository '/tmp/finn_dev_root/vivado_stitch_proj_xfxgo6ve/ip'.
INFO: [IP_Flow 19-2313] Loaded Vivado IP repository '/tools/Xilinx/Vivado/2023.2/data/ip'.
add_files: Time (s): cpu = 00:00:09 ; elapsed = 00:00:09 . Memory (MB): peak = 1705.172 ; gain = 97.312 ; free physical = 2075 ; free virtual = 14697
Command: link_design -top top_wrapper -part xc7z020clg400-1
Design is defaulting to srcset: sources_1
Design is defaulting to constrset: constrs_1
INFO: [Device 21-403] Loading part xc7z020clg400-1
INFO: [Project 1-454] Reading design checkpoint '/tmp/finn_dev_root/vivado_zynq_proj_9n5w7zv_/finn_zynq_link.gen/sources_1/bd/top/ip/top_StreamingDataflowPartition_1_0/top_StreamingDataflowPartition_1_0.dcp' for cell 'top_i/StreamingDataflowPartition_1'
INFO: [Project 1-454] Reading design checkpoint '/tmp/finn_dev_root/vivado_zynq_proj_9n5w7zv_/finn_zynq_link.gen/sources_1/bd/top/ip/top_idma0_0/top_idma0_0.dcp' for cell 'top_i/idma0'
INFO: [Project 1-454] Reading design checkpoint '/tmp/finn_dev_root/vivado_zynq_proj_9n5w7zv_/finn_zynq_link.gen/sources_1/bd/top/ip/top_odma0_0/top_odma0_0.dcp' for cell 'top_i/odma0'
INFO: [Project 1-454] Reading design checkpoint '/tmp/finn_dev_root/vivado_zynq_proj_9n5w7zv_/finn_zynq_link.gen/sources_1/bd/top/ip/top_rst_zynq_ps_200M_0/top_rst_zynq_ps_200M_0.dcp' for cell 'top_i/rst_zynq_ps_200M'
INFO: [Project 1-454] Reading design checkpoint '/tmp/finn_dev_root/vivado_zynq_proj_9n5w7zv_/finn_zynq_link.gen/sources_1/bd/top/ip/top_smartconnect_0_0/top_smartconnect_0_0.dcp' for cell 'top_i/smartconnect_0'
INFO: [Project 1-454] Reading design checkpoint '/tmp/finn_dev_root/vivado_zynq_proj_9n5w7zv_/finn_zynq_link.gen/sources_1/bd/top/ip/top_system_ila_0_0/top_system_ila_0_0.dcp' for cell 'top_i/system_ila_0'
INFO: [Project 1-454] Reading design checkpoint '/tmp/finn_dev_root/vivado_zynq_proj_9n5w7zv_/finn_zynq_link.gen/sources_1/bd/top/ip/top_zynq_ps_0/top_zynq_ps_0.dcp' for cell 'top_i/zynq_ps'
INFO: [Project 1-454] Reading design checkpoint '/tmp/finn_dev_root/vivado_zynq_proj_9n5w7zv_/finn_zynq_link.gen/sources_1/bd/top/ip/top_xbar_0/top_xbar_0.dcp' for cell 'top_i/axi_interconnect_0/xbar'
INFO: [Project 1-454] Reading design checkpoint '/tmp/finn_dev_root/vivado_zynq_proj_9n5w7zv_/finn_zynq_link.gen/sources_1/bd/top/ip/top_auto_pc_0/top_auto_pc_0.dcp' for cell 'top_i/axi_interconnect_0/s00_couplers/auto_pc'
Netlist sorting complete. Time (s): cpu = 00:00:01 ; elapsed = 00:00:01 . Memory (MB): peak = 2311.672 ; gain = 0.000 ; free physical = 1526 ; free virtual = 14136
INFO: [Netlist 29-17] Analyzing 3000 Unisim elements for replacement
INFO: [Netlist 29-28] Unisim Transformation completed in 0 CPU seconds
INFO: [Project 1-479] Netlist was created with Vivado 2023.2
INFO: [Project 1-570] Preparing netlist for logic optimization
INFO: [Chipscope 16-324] Core: top_i/system_ila_0/inst/ila_lib UUID: 3313bff3-8a55-5272-bab4-c0c7e458d2e8 
Parsing XDC File [/tmp/finn_dev_root/vivado_zynq_proj_9n5w7zv_/finn_zynq_link.gen/sources_1/bd/top/ip/top_smartconnect_0_0/bd_0/ip/ip_23/bd_acc6_swn_1_clocks.xdc] for cell 'top_i/smartconnect_0/inst/s01_nodes/s01_w_node/inst'
WARNING: [Vivado_Tcl 4-921] Waiver ID 'CDC-1' -to list should not be empty. [/tmp/finn_dev_root/vivado_zynq_proj_9n5w7zv_/finn_zynq_link.gen/sources_1/bd/top/ip/top_smartconnect_0_0/bd_0/ip/ip_23/bd_acc6_swn_1_clocks.xdc:49]
WARNING: [Vivado_Tcl 4-921] Waiver ID 'CDC-1' -to list should not be empty. [/tmp/finn_dev_root/vivado_zynq_proj_9n5w7zv_/finn_zynq_link.gen/sources_1/bd/top/ip/top_smartconnect_0_0/bd_0/ip/ip_23/bd_acc6_swn_1_clocks.xdc:52]
WARNING: [Vivado_Tcl 4-921] Waiver ID 'CDC-1' -to list should not be empty. [/tmp/finn_dev_root/vivado_zynq_proj_9n5w7zv_/finn_zynq_link.gen/sources_1/bd/top/ip/top_smartconnect_0_0/bd_0/ip/ip_23/bd_acc6_swn_1_clocks.xdc:55]
WARNING: [Vivado_Tcl 4-921] Waiver ID 'CDC-1' -to list should not be empty. [/tmp/finn_dev_root/vivado_zynq_proj_9n5w7zv_/finn_zynq_link.gen/sources_1/bd/top/ip/top_smartconnect_0_0/bd_0/ip/ip_23/bd_acc6_swn_1_clocks.xdc:59]
WARNING: [Vivado_Tcl 4-921] Waiver ID 'CDC-1' -to list should not be empty. [/tmp/finn_dev_root/vivado_zynq_proj_9n5w7zv_/finn_zynq_link.gen/sources_1/bd/top/ip/top_smartconnect_0_0/bd_0/ip/ip_23/bd_acc6_swn_1_clocks.xdc:63]
WARNING: [Vivado_Tcl 4-921] Waiver ID 'CDC-1' -to list should not be empty. [/tmp/finn_dev_root/vivado_zynq_proj_9n5w7zv_/finn_zynq_link.gen/sources_1/bd/top/ip/top_smartconnect_0_0/bd_0/ip/ip_23/bd_acc6_swn_1_clocks.xdc:66]
WARNING: [Vivado_Tcl 4-921] Waiver ID 'CDC-1' -to list should not be empty. [/tmp/finn_dev_root/vivado_zynq_proj_9n5w7zv_/finn_zynq_link.gen/sources_1/bd/top/ip/top_smartconnect_0_0/bd_0/ip/ip_23/bd_acc6_swn_1_clocks.xdc:70]
WARNING: [Vivado_Tcl 4-921] Waiver ID 'CDC-1' -to list should not be empty. [/tmp/finn_dev_root/vivado_zynq_proj_9n5w7zv_/finn_zynq_link.gen/sources_1/bd/top/ip/top_smartconnect_0_0/bd_0/ip/ip_23/bd_acc6_swn_1_clocks.xdc:73]
WARNING: [Vivado_Tcl 4-921] Waiver ID 'CDC-1' -to list should not be empty. [/tmp/finn_dev_root/vivado_zynq_proj_9n5w7zv_/finn_zynq_link.gen/sources_1/bd/top/ip/top_smartconnect_0_0/bd_0/ip/ip_23/bd_acc6_swn_1_clocks.xdc:76]
WARNING: [Vivado_Tcl 4-921] Waiver ID 'CDC-1' -to list should not be empty. [/tmp/finn_dev_root/vivado_zynq_proj_9n5w7zv_/finn_zynq_link.gen/sources_1/bd/top/ip/top_smartconnect_0_0/bd_0/ip/ip_23/bd_acc6_swn_1_clocks.xdc:79]
WARNING: [Vivado_Tcl 4-921] Waiver ID 'CDC-4' -to list should not be empty. [/tmp/finn_dev_root/vivado_zynq_proj_9n5w7zv_/finn_zynq_link.gen/sources_1/bd/top/ip/top_smartconnect_0_0/bd_0/ip/ip_23/bd_acc6_swn_1_clocks.xdc:85]
WARNING: [Vivado_Tcl 4-921] Waiver ID 'CDC-4' -to list should not be empty. [/tmp/finn_dev_root/vivado_zynq_proj_9n5w7zv_/finn_zynq_link.gen/sources_1/bd/top/ip/top_smartconnect_0_0/bd_0/ip/ip_23/bd_acc6_swn_1_clocks.xdc:88]
WARNING: [Vivado_Tcl 4-921] Waiver ID 'CDC-2' -to list should not be empty. [/tmp/finn_dev_root/vivado_zynq_proj_9n5w7zv_/finn_zynq_link.gen/sources_1/bd/top/ip/top_smartconnect_0_0/bd_0/ip/ip_23/bd_acc6_swn_1_clocks.xdc:91]
WARNING: [Vivado_Tcl 4-921] Waiver ID 'CDC-2' -to list should not be empty. [/tmp/finn_dev_root/vivado_zynq_proj_9n5w7zv_/finn_zynq_link.gen/sources_1/bd/top/ip/top_smartconnect_0_0/bd_0/ip/ip_23/bd_acc6_swn_1_clocks.xdc:94]
WARNING: [Vivado_Tcl 4-921] Waiver ID 'CDC-2' -to list should not be empty. [/tmp/finn_dev_root/vivado_zynq_proj_9n5w7zv_/finn_zynq_link.gen/sources_1/bd/top/ip/top_smartconnect_0_0/bd_0/ip/ip_23/bd_acc6_swn_1_clocks.xdc:97]
WARNING: [Vivado_Tcl 4-921] Waiver ID 'CDC-2' -to list should not be empty. [/tmp/finn_dev_root/vivado_zynq_proj_9n5w7zv_/finn_zynq_link.gen/sources_1/bd/top/ip/top_smartconnect_0_0/bd_0/ip/ip_23/bd_acc6_swn_1_clocks.xdc:100]
WARNING: [Vivado_Tcl 4-921] Waiver ID 'CDC-1' -to list should not be empty. [/tmp/finn_dev_root/vivado_zynq_proj_9n5w7zv_/finn_zynq_link.gen/sources_1/bd/top/ip/top_smartconnect_0_0/bd_0/ip/ip_23/bd_acc6_swn_1_clocks.xdc:104]
WARNING: [Vivado_Tcl 4-921] Waiver ID 'CDC-10' -to list should not be empty. [/tmp/finn_dev_root/vivado_zynq_proj_9n5w7zv_/finn_zynq_link.gen/sources_1/bd/top/ip/top_smartconnect_0_0/bd_0/ip/ip_23/bd_acc6_swn_1_clocks.xdc:107]
WARNING: [Vivado_Tcl 4-921] Waiver ID 'CDC-10' -to list should not be empty. [/tmp/finn_dev_root/vivado_zynq_proj_9n5w7zv_/finn_zynq_link.gen/sources_1/bd/top/ip/top_smartconnect_0_0/bd_0/ip/ip_23/bd_acc6_swn_1_clocks.xdc:110]
WARNING: [Vivado_Tcl 4-921] Waiver ID 'CDC-1' -to list should not be empty. [/tmp/finn_dev_root/vivado_zynq_proj_9n5w7zv_/finn_zynq_link.gen/sources_1/bd/top/ip/top_smartconnect_0_0/bd_0/ip/ip_23/bd_acc6_swn_1_clocks.xdc:113]
WARNING: [Vivado_Tcl 4-921] Waiver ID 'CDC-1' -to list should not be empty. [/tmp/finn_dev_root/vivado_zynq_proj_9n5w7zv_/finn_zynq_link.gen/sources_1/bd/top/ip/top_smartconnect_0_0/bd_0/ip/ip_23/bd_acc6_swn_1_clocks.xdc:116]
WARNING: [Vivado_Tcl 4-921] Waiver ID 'CDC-1' -to list should not be empty. [/tmp/finn_dev_root/vivado_zynq_proj_9n5w7zv_/finn_zynq_link.gen/sources_1/bd/top/ip/top_smartconnect_0_0/bd_0/ip/ip_23/bd_acc6_swn_1_clocks.xdc:119]
WARNING: [Vivado_Tcl 4-921] Waiver ID 'CDC-13' -to list should not be empty. [/tmp/finn_dev_root/vivado_zynq_proj_9n5w7zv_/finn_zynq_link.gen/sources_1/bd/top/ip/top_smartconnect_0_0/bd_0/ip/ip_23/bd_acc6_swn_1_clocks.xdc:122]
WARNING: [Vivado_Tcl 4-921] Waiver ID 'CDC-1' -to list should not be empty. [/tmp/finn_dev_root/vivado_zynq_proj_9n5w7zv_/finn_zynq_link.gen/sources_1/bd/top/ip/top_smartconnect_0_0/bd_0/ip/ip_23/bd_acc6_swn_1_clocks.xdc:125]
WARNING: [Vivado_Tcl 4-921] Waiver ID 'CDC-1' -to list should not be empty. [/tmp/finn_dev_root/vivado_zynq_proj_9n5w7zv_/finn_zynq_link.gen/sources_1/bd/top/ip/top_smartconnect_0_0/bd_0/ip/ip_23/bd_acc6_swn_1_clocks.xdc:128]
WARNING: [Vivado_Tcl 4-921] Waiver ID 'CDC-13' -to list should not be empty. [/tmp/finn_dev_root/vivado_zynq_proj_9n5w7zv_/finn_zynq_link.gen/sources_1/bd/top/ip/top_smartconnect_0_0/bd_0/ip/ip_23/bd_acc6_swn_1_clocks.xdc:131]
WARNING: [Vivado_Tcl 4-921] Waiver ID 'CDC-1' -to list should not be empty. [/tmp/finn_dev_root/vivado_zynq_proj_9n5w7zv_/finn_zynq_link.gen/sources_1/bd/top/ip/top_smartconnect_0_0/bd_0/ip/ip_23/bd_acc6_swn_1_clocks.xdc:134]
WARNING: [Vivado_Tcl 4-921] Waiver ID 'CDC-10' -to list should not be empty. [/tmp/finn_dev_root/vivado_zynq_proj_9n5w7zv_/finn_zynq_link.gen/sources_1/bd/top/ip/top_smartconnect_0_0/bd_0/ip/ip_23/bd_acc6_swn_1_clocks.xdc:137]
WARNING: [Vivado_Tcl 4-921] Waiver ID 'CDC-1' -to list should not be empty. [/tmp/finn_dev_root/vivado_zynq_proj_9n5w7zv_/finn_zynq_link.gen/sources_1/bd/top/ip/top_smartconnect_0_0/bd_0/ip/ip_23/bd_acc6_swn_1_clocks.xdc:140]
WARNING: [Vivado_Tcl 4-921] Waiver ID 'CDC-1' -to list should not be empty. [/tmp/finn_dev_root/vivado_zynq_proj_9n5w7zv_/finn_zynq_link.gen/sources_1/bd/top/ip/top_smartconnect_0_0/bd_0/ip/ip_23/bd_acc6_swn_1_clocks.xdc:143]
WARNING: [Vivado_Tcl 4-921] Waiver ID 'CDC-1' -to list should not be empty. [/tmp/finn_dev_root/vivado_zynq_proj_9n5w7zv_/finn_zynq_link.gen/sources_1/bd/top/ip/top_smartconnect_0_0/bd_0/ip/ip_23/bd_acc6_swn_1_clocks.xdc:146]
WARNING: [Vivado_Tcl 4-921] Waiver ID 'CDC-2' -to list should not be empty. [/tmp/finn_dev_root/vivado_zynq_proj_9n5w7zv_/finn_zynq_link.gen/sources_1/bd/top/ip/top_smartconnect_0_0/bd_0/ip/ip_23/bd_acc6_swn_1_clocks.xdc:149]
WARNING: [Vivado_Tcl 4-921] Waiver ID 'CDC-1' -to list should not be empty. [/tmp/finn_dev_root/vivado_zynq_proj_9n5w7zv_/finn_zynq_link.gen/sources_1/bd/top/ip/top_smartconnect_0_0/bd_0/ip/ip_23/bd_acc6_swn_1_clocks.xdc:152]
WARNING: [Vivado_Tcl 4-921] Waiver ID 'CDC-1' -to list should not be empty. [/tmp/finn_dev_root/vivado_zynq_proj_9n5w7zv_/finn_zynq_link.gen/sources_1/bd/top/ip/top_smartconnect_0_0/bd_0/ip/ip_23/bd_acc6_swn_1_clocks.xdc:155]
WARNING: [Vivado_Tcl 4-921] Waiver ID 'CDC-10' -to list should not be empty. [/tmp/finn_dev_root/vivado_zynq_proj_9n5w7zv_/finn_zynq_link.gen/sources_1/bd/top/ip/top_smartconnect_0_0/bd_0/ip/ip_23/bd_acc6_swn_1_clocks.xdc:161]
WARNING: [Vivado_Tcl 4-921] Waiver ID 'CDC-4' -to list should not be empty. [/tmp/finn_dev_root/vivado_zynq_proj_9n5w7zv_/finn_zynq_link.gen/sources_1/bd/top/ip/top_smartconnect_0_0/bd_0/ip/ip_23/bd_acc6_swn_1_clocks.xdc:164]
WARNING: [Vivado_Tcl 4-921] Waiver ID 'CDC-4' -to list should not be empty. [/tmp/finn_dev_root/vivado_zynq_proj_9n5w7zv_/finn_zynq_link.gen/sources_1/bd/top/ip/top_smartconnect_0_0/bd_0/ip/ip_23/bd_acc6_swn_1_clocks.xdc:167]
WARNING: [Vivado_Tcl 4-921] Waiver ID 'CDC-4' -to list should not be empty. [/tmp/finn_dev_root/vivado_zynq_proj_9n5w7zv_/finn_zynq_link.gen/sources_1/bd/top/ip/top_smartconnect_0_0/bd_0/ip/ip_23/bd_acc6_swn_1_clocks.xdc:171]
WARNING: [Vivado_Tcl 4-921] Waiver ID 'CDC-4' -to list should not be empty. [/tmp/finn_dev_root/vivado_zynq_proj_9n5w7zv_/finn_zynq_link.gen/sources_1/bd/top/ip/top_smartconnect_0_0/bd_0/ip/ip_23/bd_acc6_swn_1_clocks.xdc:174]
WARNING: [Vivado_Tcl 4-921] Waiver ID 'CDC-1' -to list should not be empty. [/tmp/finn_dev_root/vivado_zynq_proj_9n5w7zv_/finn_zynq_link.gen/sources_1/bd/top/ip/top_smartconnect_0_0/bd_0/ip/ip_23/bd_acc6_swn_1_clocks.xdc:178]
Finished Parsing XDC File [/tmp/finn_dev_root/vivado_zynq_proj_9n5w7zv_/finn_zynq_link.gen/sources_1/bd/top/ip/top_smartconnect_0_0/bd_0/ip/ip_23/bd_acc6_swn_1_clocks.xdc] for cell 'top_i/smartconnect_0/inst/s01_nodes/s01_w_node/inst'
Parsing XDC File [/tmp/finn_dev_root/vivado_zynq_proj_9n5w7zv_/finn_zynq_link.gen/sources_1/bd/top/ip/top_system_ila_0_0/bd_0/ip/ip_0/ila_v6_2/constraints/ila.xdc] for cell 'top_i/system_ila_0/inst/ila_lib/inst'
Finished Parsing XDC File [/tmp/finn_dev_root/vivado_zynq_proj_9n5w7zv_/finn_zynq_link.gen/sources_1/bd/top/ip/top_system_ila_0_0/bd_0/ip/ip_0/ila_v6_2/constraints/ila.xdc] for cell 'top_i/system_ila_0/inst/ila_lib/inst'
Parsing XDC File [/tmp/finn_dev_root/vivado_zynq_proj_9n5w7zv_/finn_zynq_link.gen/sources_1/bd/top/ip/top_system_ila_0_0/bd_0/ip/ip_0/ila_v6_2/constraints/ila_impl.xdc] for cell 'top_i/system_ila_0/inst/ila_lib/inst'
Finished Parsing XDC File [/tmp/finn_dev_root/vivado_zynq_proj_9n5w7zv_/finn_zynq_link.gen/sources_1/bd/top/ip/top_system_ila_0_0/bd_0/ip/ip_0/ila_v6_2/constraints/ila_impl.xdc] for cell 'top_i/system_ila_0/inst/ila_lib/inst'
Parsing XDC File [/tmp/finn_dev_root/vivado_zynq_proj_9n5w7zv_/finn_zynq_link.gen/sources_1/bd/top/ip/top_rst_zynq_ps_200M_0/top_rst_zynq_ps_200M_0.xdc] for cell 'top_i/rst_zynq_ps_200M/U0'
Finished Parsing XDC File [/tmp/finn_dev_root/vivado_zynq_proj_9n5w7zv_/finn_zynq_link.gen/sources_1/bd/top/ip/top_rst_zynq_ps_200M_0/top_rst_zynq_ps_200M_0.xdc] for cell 'top_i/rst_zynq_ps_200M/U0'
Parsing XDC File [/tmp/finn_dev_root/vivado_zynq_proj_9n5w7zv_/finn_zynq_link.gen/sources_1/bd/top/ip/top_rst_zynq_ps_200M_0/top_rst_zynq_ps_200M_0_board.xdc] for cell 'top_i/rst_zynq_ps_200M/U0'
Finished Parsing XDC File [/tmp/finn_dev_root/vivado_zynq_proj_9n5w7zv_/finn_zynq_link.gen/sources_1/bd/top/ip/top_rst_zynq_ps_200M_0/top_rst_zynq_ps_200M_0_board.xdc] for cell 'top_i/rst_zynq_ps_200M/U0'
Parsing XDC File [/tmp/finn_dev_root/vivado_zynq_proj_9n5w7zv_/finn_zynq_link.gen/sources_1/bd/top/ip/top_smartconnect_0_0/smartconnect.xdc] for cell 'top_i/smartconnect_0/inst'
WARNING: [Vivado_Tcl 4-919] Waiver ID 'CDC-1' -from list should not be empty. [/tmp/finn_dev_root/vivado_zynq_proj_9n5w7zv_/finn_zynq_link.gen/sources_1/bd/top/ip/top_smartconnect_0_0/smartconnect.xdc:1]
WARNING: [Vivado_Tcl 4-921] Waiver ID 'CDC-1' -to list should not be empty. [/tmp/finn_dev_root/vivado_zynq_proj_9n5w7zv_/finn_zynq_link.gen/sources_1/bd/top/ip/top_smartconnect_0_0/smartconnect.xdc:2]
WARNING: [Vivado_Tcl 4-921] Waiver ID 'CDC-1' -to list should not be empty. [/tmp/finn_dev_root/vivado_zynq_proj_9n5w7zv_/finn_zynq_link.gen/sources_1/bd/top/ip/top_smartconnect_0_0/smartconnect.xdc:3]
WARNING: [Vivado_Tcl 4-921] Waiver ID 'CDC-1' -to list should not be empty. [/tmp/finn_dev_root/vivado_zynq_proj_9n5w7zv_/finn_zynq_link.gen/sources_1/bd/top/ip/top_smartconnect_0_0/smartconnect.xdc:4]
WARNING: [Vivado_Tcl 4-921] Waiver ID 'CDC-1' -to list should not be empty. [/tmp/finn_dev_root/vivado_zynq_proj_9n5w7zv_/finn_zynq_link.gen/sources_1/bd/top/ip/top_smartconnect_0_0/smartconnect.xdc:5]
WARNING: [Vivado_Tcl 4-921] Waiver ID 'CDC-1' -to list should not be empty. [/tmp/finn_dev_root/vivado_zynq_proj_9n5w7zv_/finn_zynq_link.gen/sources_1/bd/top/ip/top_smartconnect_0_0/smartconnect.xdc:6]
WARNING: [Vivado_Tcl 4-921] Waiver ID 'CDC-1' -to list should not be empty. [/tmp/finn_dev_root/vivado_zynq_proj_9n5w7zv_/finn_zynq_link.gen/sources_1/bd/top/ip/top_smartconnect_0_0/smartconnect.xdc:7]
WARNING: [Vivado_Tcl 4-921] Waiver ID 'CDC-1' -to list should not be empty. [/tmp/finn_dev_root/vivado_zynq_proj_9n5w7zv_/finn_zynq_link.gen/sources_1/bd/top/ip/top_smartconnect_0_0/smartconnect.xdc:8]
WARNING: [Vivado_Tcl 4-921] Waiver ID 'CDC-1' -to list should not be empty. [/tmp/finn_dev_root/vivado_zynq_proj_9n5w7zv_/finn_zynq_link.gen/sources_1/bd/top/ip/top_smartconnect_0_0/smartconnect.xdc:9]
WARNING: [Vivado_Tcl 4-921] Waiver ID 'CDC-1' -to list should not be empty. [/tmp/finn_dev_root/vivado_zynq_proj_9n5w7zv_/finn_zynq_link.gen/sources_1/bd/top/ip/top_smartconnect_0_0/smartconnect.xdc:10]
Finished Parsing XDC File [/tmp/finn_dev_root/vivado_zynq_proj_9n5w7zv_/finn_zynq_link.gen/sources_1/bd/top/ip/top_smartconnect_0_0/smartconnect.xdc] for cell 'top_i/smartconnect_0/inst'
Parsing XDC File [/tmp/finn_dev_root/vivado_zynq_proj_9n5w7zv_/finn_zynq_link.gen/sources_1/bd/top/ip/top_smartconnect_0_0/bd_0/ip/ip_30/bd_acc6_m00bn_0_clocks.xdc] for cell 'top_i/smartconnect_0/inst/m00_nodes/m00_b_node/inst'
WARNING: [Vivado_Tcl 4-921] Waiver ID 'CDC-1' -to list should not be empty. [/tmp/finn_dev_root/vivado_zynq_proj_9n5w7zv_/finn_zynq_link.gen/sources_1/bd/top/ip/top_smartconnect_0_0/bd_0/ip/ip_30/bd_acc6_m00bn_0_clocks.xdc:49]
WARNING: [Vivado_Tcl 4-921] Waiver ID 'CDC-1' -to list should not be empty. [/tmp/finn_dev_root/vivado_zynq_proj_9n5w7zv_/finn_zynq_link.gen/sources_1/bd/top/ip/top_smartconnect_0_0/bd_0/ip/ip_30/bd_acc6_m00bn_0_clocks.xdc:52]
WARNING: [Vivado_Tcl 4-921] Waiver ID 'CDC-1' -to list should not be empty. [/tmp/finn_dev_root/vivado_zynq_proj_9n5w7zv_/finn_zynq_link.gen/sources_1/bd/top/ip/top_smartconnect_0_0/bd_0/ip/ip_30/bd_acc6_m00bn_0_clocks.xdc:55]
WARNING: [Vivado_Tcl 4-921] Waiver ID 'CDC-1' -to list should not be empty. [/tmp/finn_dev_root/vivado_zynq_proj_9n5w7zv_/finn_zynq_link.gen/sources_1/bd/top/ip/top_smartconnect_0_0/bd_0/ip/ip_30/bd_acc6_m00bn_0_clocks.xdc:59]
WARNING: [Vivado_Tcl 4-921] Waiver ID 'CDC-1' -to list should not be empty. [/tmp/finn_dev_root/vivado_zynq_proj_9n5w7zv_/finn_zynq_link.gen/sources_1/bd/top/ip/top_smartconnect_0_0/bd_0/ip/ip_30/bd_acc6_m00bn_0_clocks.xdc:63]
WARNING: [Vivado_Tcl 4-921] Waiver ID 'CDC-1' -to list should not be empty. [/tmp/finn_dev_root/vivado_zynq_proj_9n5w7zv_/finn_zynq_link.gen/sources_1/bd/top/ip/top_smartconnect_0_0/bd_0/ip/ip_30/bd_acc6_m00bn_0_clocks.xdc:66]
WARNING: [Vivado_Tcl 4-921] Waiver ID 'CDC-1' -to list should not be empty. [/tmp/finn_dev_root/vivado_zynq_proj_9n5w7zv_/finn_zynq_link.gen/sources_1/bd/top/ip/top_smartconnect_0_0/bd_0/ip/ip_30/bd_acc6_m00bn_0_clocks.xdc:70]
WARNING: [Vivado_Tcl 4-921] Waiver ID 'CDC-1' -to list should not be empty. [/tmp/finn_dev_root/vivado_zynq_proj_9n5w7zv_/finn_zynq_link.gen/sources_1/bd/top/ip/top_smartconnect_0_0/bd_0/ip/ip_30/bd_acc6_m00bn_0_clocks.xdc:73]
WARNING: [Vivado_Tcl 4-921] Waiver ID 'CDC-1' -to list should not be empty. [/tmp/finn_dev_root/vivado_zynq_proj_9n5w7zv_/finn_zynq_link.gen/sources_1/bd/top/ip/top_smartconnect_0_0/bd_0/ip/ip_30/bd_acc6_m00bn_0_clocks.xdc:76]
WARNING: [Vivado_Tcl 4-921] Waiver ID 'CDC-1' -to list should not be empty. [/tmp/finn_dev_root/vivado_zynq_proj_9n5w7zv_/finn_zynq_link.gen/sources_1/bd/top/ip/top_smartconnect_0_0/bd_0/ip/ip_30/bd_acc6_m00bn_0_clocks.xdc:79]
WARNING: [Vivado_Tcl 4-921] Waiver ID 'CDC-4' -to list should not be empty. [/tmp/finn_dev_root/vivado_zynq_proj_9n5w7zv_/finn_zynq_link.gen/sources_1/bd/top/ip/top_smartconnect_0_0/bd_0/ip/ip_30/bd_acc6_m00bn_0_clocks.xdc:85]
WARNING: [Vivado_Tcl 4-921] Waiver ID 'CDC-4' -to list should not be empty. [/tmp/finn_dev_root/vivado_zynq_proj_9n5w7zv_/finn_zynq_link.gen/sources_1/bd/top/ip/top_smartconnect_0_0/bd_0/ip/ip_30/bd_acc6_m00bn_0_clocks.xdc:88]
WARNING: [Vivado_Tcl 4-921] Waiver ID 'CDC-2' -to list should not be empty. [/tmp/finn_dev_root/vivado_zynq_proj_9n5w7zv_/finn_zynq_link.gen/sources_1/bd/top/ip/top_smartconnect_0_0/bd_0/ip/ip_30/bd_acc6_m00bn_0_clocks.xdc:91]
WARNING: [Vivado_Tcl 4-921] Waiver ID 'CDC-2' -to list should not be empty. [/tmp/finn_dev_root/vivado_zynq_proj_9n5w7zv_/finn_zynq_link.gen/sources_1/bd/top/ip/top_smartconnect_0_0/bd_0/ip/ip_30/bd_acc6_m00bn_0_clocks.xdc:94]
WARNING: [Vivado_Tcl 4-921] Waiver ID 'CDC-2' -to list should not be empty. [/tmp/finn_dev_root/vivado_zynq_proj_9n5w7zv_/finn_zynq_link.gen/sources_1/bd/top/ip/top_smartconnect_0_0/bd_0/ip/ip_30/bd_acc6_m00bn_0_clocks.xdc:97]
WARNING: [Vivado_Tcl 4-921] Waiver ID 'CDC-2' -to list should not be empty. [/tmp/finn_dev_root/vivado_zynq_proj_9n5w7zv_/finn_zynq_link.gen/sources_1/bd/top/ip/top_smartconnect_0_0/bd_0/ip/ip_30/bd_acc6_m00bn_0_clocks.xdc:100]
WARNING: [Vivado_Tcl 4-921] Waiver ID 'CDC-1' -to list should not be empty. [/tmp/finn_dev_root/vivado_zynq_proj_9n5w7zv_/finn_zynq_link.gen/sources_1/bd/top/ip/top_smartconnect_0_0/bd_0/ip/ip_30/bd_acc6_m00bn_0_clocks.xdc:104]
WARNING: [Vivado_Tcl 4-921] Waiver ID 'CDC-10' -to list should not be empty. [/tmp/finn_dev_root/vivado_zynq_proj_9n5w7zv_/finn_zynq_link.gen/sources_1/bd/top/ip/top_smartconnect_0_0/bd_0/ip/ip_30/bd_acc6_m00bn_0_clocks.xdc:107]
WARNING: [Vivado_Tcl 4-921] Waiver ID 'CDC-10' -to list should not be empty. [/tmp/finn_dev_root/vivado_zynq_proj_9n5w7zv_/finn_zynq_link.gen/sources_1/bd/top/ip/top_smartconnect_0_0/bd_0/ip/ip_30/bd_acc6_m00bn_0_clocks.xdc:110]
WARNING: [Vivado_Tcl 4-921] Waiver ID 'CDC-1' -to list should not be empty. [/tmp/finn_dev_root/vivado_zynq_proj_9n5w7zv_/finn_zynq_link.gen/sources_1/bd/top/ip/top_smartconnect_0_0/bd_0/ip/ip_30/bd_acc6_m00bn_0_clocks.xdc:113]
WARNING: [Vivado_Tcl 4-921] Waiver ID 'CDC-1' -to list should not be empty. [/tmp/finn_dev_root/vivado_zynq_proj_9n5w7zv_/finn_zynq_link.gen/sources_1/bd/top/ip/top_smartconnect_0_0/bd_0/ip/ip_30/bd_acc6_m00bn_0_clocks.xdc:116]
WARNING: [Vivado_Tcl 4-921] Waiver ID 'CDC-1' -to list should not be empty. [/tmp/finn_dev_root/vivado_zynq_proj_9n5w7zv_/finn_zynq_link.gen/sources_1/bd/top/ip/top_smartconnect_0_0/bd_0/ip/ip_30/bd_acc6_m00bn_0_clocks.xdc:119]
WARNING: [Vivado_Tcl 4-921] Waiver ID 'CDC-13' -to list should not be empty. [/tmp/finn_dev_root/vivado_zynq_proj_9n5w7zv_/finn_zynq_link.gen/sources_1/bd/top/ip/top_smartconnect_0_0/bd_0/ip/ip_30/bd_acc6_m00bn_0_clocks.xdc:122]
WARNING: [Vivado_Tcl 4-921] Waiver ID 'CDC-1' -to list should not be empty. [/tmp/finn_dev_root/vivado_zynq_proj_9n5w7zv_/finn_zynq_link.gen/sources_1/bd/top/ip/top_smartconnect_0_0/bd_0/ip/ip_30/bd_acc6_m00bn_0_clocks.xdc:125]
WARNING: [Vivado_Tcl 4-921] Waiver ID 'CDC-1' -to list should not be empty. [/tmp/finn_dev_root/vivado_zynq_proj_9n5w7zv_/finn_zynq_link.gen/sources_1/bd/top/ip/top_smartconnect_0_0/bd_0/ip/ip_30/bd_acc6_m00bn_0_clocks.xdc:128]
WARNING: [Vivado_Tcl 4-921] Waiver ID 'CDC-13' -to list should not be empty. [/tmp/finn_dev_root/vivado_zynq_proj_9n5w7zv_/finn_zynq_link.gen/sources_1/bd/top/ip/top_smartconnect_0_0/bd_0/ip/ip_30/bd_acc6_m00bn_0_clocks.xdc:131]
WARNING: [Vivado_Tcl 4-921] Waiver ID 'CDC-1' -to list should not be empty. [/tmp/finn_dev_root/vivado_zynq_proj_9n5w7zv_/finn_zynq_link.gen/sources_1/bd/top/ip/top_smartconnect_0_0/bd_0/ip/ip_30/bd_acc6_m00bn_0_clocks.xdc:134]
WARNING: [Vivado_Tcl 4-921] Waiver ID 'CDC-10' -to list should not be empty. [/tmp/finn_dev_root/vivado_zynq_proj_9n5w7zv_/finn_zynq_link.gen/sources_1/bd/top/ip/top_smartconnect_0_0/bd_0/ip/ip_30/bd_acc6_m00bn_0_clocks.xdc:137]
WARNING: [Vivado_Tcl 4-921] Waiver ID 'CDC-1' -to list should not be empty. [/tmp/finn_dev_root/vivado_zynq_proj_9n5w7zv_/finn_zynq_link.gen/sources_1/bd/top/ip/top_smartconnect_0_0/bd_0/ip/ip_30/bd_acc6_m00bn_0_clocks.xdc:140]
WARNING: [Vivado_Tcl 4-921] Waiver ID 'CDC-1' -to list should not be empty. [/tmp/finn_dev_root/vivado_zynq_proj_9n5w7zv_/finn_zynq_link.gen/sources_1/bd/top/ip/top_smartconnect_0_0/bd_0/ip/ip_30/bd_acc6_m00bn_0_clocks.xdc:143]
WARNING: [Vivado_Tcl 4-921] Waiver ID 'CDC-1' -to list should not be empty. [/tmp/finn_dev_root/vivado_zynq_proj_9n5w7zv_/finn_zynq_link.gen/sources_1/bd/top/ip/top_smartconnect_0_0/bd_0/ip/ip_30/bd_acc6_m00bn_0_clocks.xdc:146]
WARNING: [Vivado_Tcl 4-921] Waiver ID 'CDC-2' -to list should not be empty. [/tmp/finn_dev_root/vivado_zynq_proj_9n5w7zv_/finn_zynq_link.gen/sources_1/bd/top/ip/top_smartconnect_0_0/bd_0/ip/ip_30/bd_acc6_m00bn_0_clocks.xdc:149]
WARNING: [Vivado_Tcl 4-921] Waiver ID 'CDC-1' -to list should not be empty. [/tmp/finn_dev_root/vivado_zynq_proj_9n5w7zv_/finn_zynq_link.gen/sources_1/bd/top/ip/top_smartconnect_0_0/bd_0/ip/ip_30/bd_acc6_m00bn_0_clocks.xdc:152]
WARNING: [Vivado_Tcl 4-921] Waiver ID 'CDC-1' -to list should not be empty. [/tmp/finn_dev_root/vivado_zynq_proj_9n5w7zv_/finn_zynq_link.gen/sources_1/bd/top/ip/top_smartconnect_0_0/bd_0/ip/ip_30/bd_acc6_m00bn_0_clocks.xdc:155]
WARNING: [Vivado_Tcl 4-921] Waiver ID 'CDC-10' -to list should not be empty. [/tmp/finn_dev_root/vivado_zynq_proj_9n5w7zv_/finn_zynq_link.gen/sources_1/bd/top/ip/top_smartconnect_0_0/bd_0/ip/ip_30/bd_acc6_m00bn_0_clocks.xdc:161]
WARNING: [Vivado_Tcl 4-921] Waiver ID 'CDC-4' -to list should not be empty. [/tmp/finn_dev_root/vivado_zynq_proj_9n5w7zv_/finn_zynq_link.gen/sources_1/bd/top/ip/top_smartconnect_0_0/bd_0/ip/ip_30/bd_acc6_m00bn_0_clocks.xdc:164]
WARNING: [Vivado_Tcl 4-921] Waiver ID 'CDC-4' -to list should not be empty. [/tmp/finn_dev_root/vivado_zynq_proj_9n5w7zv_/finn_zynq_link.gen/sources_1/bd/top/ip/top_smartconnect_0_0/bd_0/ip/ip_30/bd_acc6_m00bn_0_clocks.xdc:167]
WARNING: [Vivado_Tcl 4-921] Waiver ID 'CDC-4' -to list should not be empty. [/tmp/finn_dev_root/vivado_zynq_proj_9n5w7zv_/finn_zynq_link.gen/sources_1/bd/top/ip/top_smartconnect_0_0/bd_0/ip/ip_30/bd_acc6_m00bn_0_clocks.xdc:171]
WARNING: [Vivado_Tcl 4-921] Waiver ID 'CDC-4' -to list should not be empty. [/tmp/finn_dev_root/vivado_zynq_proj_9n5w7zv_/finn_zynq_link.gen/sources_1/bd/top/ip/top_smartconnect_0_0/bd_0/ip/ip_30/bd_acc6_m00bn_0_clocks.xdc:174]
WARNING: [Vivado_Tcl 4-921] Waiver ID 'CDC-1' -to list should not be empty. [/tmp/finn_dev_root/vivado_zynq_proj_9n5w7zv_/finn_zynq_link.gen/sources_1/bd/top/ip/top_smartconnect_0_0/bd_0/ip/ip_30/bd_acc6_m00bn_0_clocks.xdc:178]
Finished Parsing XDC File [/tmp/finn_dev_root/vivado_zynq_proj_9n5w7zv_/finn_zynq_link.gen/sources_1/bd/top/ip/top_smartconnect_0_0/bd_0/ip/ip_30/bd_acc6_m00bn_0_clocks.xdc] for cell 'top_i/smartconnect_0/inst/m00_nodes/m00_b_node/inst'
Parsing XDC File [/tmp/finn_dev_root/vivado_zynq_proj_9n5w7zv_/finn_zynq_link.gen/sources_1/bd/top/ip/top_smartconnect_0_0/bd_0/ip/ip_29/bd_acc6_m00wn_0_clocks.xdc] for cell 'top_i/smartconnect_0/inst/m00_nodes/m00_w_node/inst'
WARNING: [Vivado_Tcl 4-921] Waiver ID 'CDC-1' -to list should not be empty. [/tmp/finn_dev_root/vivado_zynq_proj_9n5w7zv_/finn_zynq_link.gen/sources_1/bd/top/ip/top_smartconnect_0_0/bd_0/ip/ip_29/bd_acc6_m00wn_0_clocks.xdc:49]
WARNING: [Vivado_Tcl 4-921] Waiver ID 'CDC-1' -to list should not be empty. [/tmp/finn_dev_root/vivado_zynq_proj_9n5w7zv_/finn_zynq_link.gen/sources_1/bd/top/ip/top_smartconnect_0_0/bd_0/ip/ip_29/bd_acc6_m00wn_0_clocks.xdc:52]
INFO: [Common 17-14] Message 'Vivado 12-180' appears 100 times and further instances of the messages will be disabled. Use the Tcl command set_msg_config to change the current settings. [/tmp/finn_dev_root/vivado_zynq_proj_9n5w7zv_/finn_zynq_link.gen/sources_1/bd/top/ip/top_smartconnect_0_0/bd_0/ip/ip_29/bd_acc6_m00wn_0_clocks.xdc:55]
WARNING: [Vivado_Tcl 4-921] Waiver ID 'CDC-1' -to list should not be empty. [/tmp/finn_dev_root/vivado_zynq_proj_9n5w7zv_/finn_zynq_link.gen/sources_1/bd/top/ip/top_smartconnect_0_0/bd_0/ip/ip_29/bd_acc6_m00wn_0_clocks.xdc:55]
WARNING: [Vivado_Tcl 4-921] Waiver ID 'CDC-1' -to list should not be empty. [/tmp/finn_dev_root/vivado_zynq_proj_9n5w7zv_/finn_zynq_link.gen/sources_1/bd/top/ip/top_smartconnect_0_0/bd_0/ip/ip_29/bd_acc6_m00wn_0_clocks.xdc:59]
WARNING: [Vivado_Tcl 4-921] Waiver ID 'CDC-1' -to list should not be empty. [/tmp/finn_dev_root/vivado_zynq_proj_9n5w7zv_/finn_zynq_link.gen/sources_1/bd/top/ip/top_smartconnect_0_0/bd_0/ip/ip_29/bd_acc6_m00wn_0_clocks.xdc:63]
WARNING: [Vivado_Tcl 4-921] Waiver ID 'CDC-1' -to list should not be empty. [/tmp/finn_dev_root/vivado_zynq_proj_9n5w7zv_/finn_zynq_link.gen/sources_1/bd/top/ip/top_smartconnect_0_0/bd_0/ip/ip_29/bd_acc6_m00wn_0_clocks.xdc:66]
WARNING: [Vivado_Tcl 4-921] Waiver ID 'CDC-1' -to list should not be empty. [/tmp/finn_dev_root/vivado_zynq_proj_9n5w7zv_/finn_zynq_link.gen/sources_1/bd/top/ip/top_smartconnect_0_0/bd_0/ip/ip_29/bd_acc6_m00wn_0_clocks.xdc:70]
WARNING: [Vivado_Tcl 4-921] Waiver ID 'CDC-1' -to list should not be empty. [/tmp/finn_dev_root/vivado_zynq_proj_9n5w7zv_/finn_zynq_link.gen/sources_1/bd/top/ip/top_smartconnect_0_0/bd_0/ip/ip_29/bd_acc6_m00wn_0_clocks.xdc:73]
WARNING: [Vivado_Tcl 4-921] Waiver ID 'CDC-1' -to list should not be empty. [/tmp/finn_dev_root/vivado_zynq_proj_9n5w7zv_/finn_zynq_link.gen/sources_1/bd/top/ip/top_smartconnect_0_0/bd_0/ip/ip_29/bd_acc6_m00wn_0_clocks.xdc:76]
WARNING: [Vivado_Tcl 4-921] Waiver ID 'CDC-1' -to list should not be empty. [/tmp/finn_dev_root/vivado_zynq_proj_9n5w7zv_/finn_zynq_link.gen/sources_1/bd/top/ip/top_smartconnect_0_0/bd_0/ip/ip_29/bd_acc6_m00wn_0_clocks.xdc:79]
WARNING: [Vivado_Tcl 4-921] Waiver ID 'CDC-1' -to list should not be empty. [/tmp/finn_dev_root/vivado_zynq_proj_9n5w7zv_/finn_zynq_link.gen/sources_1/bd/top/ip/top_smartconnect_0_0/bd_0/ip/ip_29/bd_acc6_m00wn_0_clocks.xdc:82]
INFO: [Common 17-14] Message 'Vivado_Tcl 4-921' appears 100 times and further instances of the messages will be disabled. Use the Tcl command set_msg_config to change the current settings. [/tmp/finn_dev_root/vivado_zynq_proj_9n5w7zv_/finn_zynq_link.gen/sources_1/bd/top/ip/top_smartconnect_0_0/bd_0/ip/ip_29/bd_acc6_m00wn_0_clocks.xdc:82]
Finished Parsing XDC File [/tmp/finn_dev_root/vivado_zynq_proj_9n5w7zv_/finn_zynq_link.gen/sources_1/bd/top/ip/top_smartconnect_0_0/bd_0/ip/ip_29/bd_acc6_m00wn_0_clocks.xdc] for cell 'top_i/smartconnect_0/inst/m00_nodes/m00_w_node/inst'
Parsing XDC File [/tmp/finn_dev_root/vivado_zynq_proj_9n5w7zv_/finn_zynq_link.gen/sources_1/bd/top/ip/top_smartconnect_0_0/bd_0/ip/ip_28/bd_acc6_m00awn_0_clocks.xdc] for cell 'top_i/smartconnect_0/inst/m00_nodes/m00_aw_node/inst'
Finished Parsing XDC File [/tmp/finn_dev_root/vivado_zynq_proj_9n5w7zv_/finn_zynq_link.gen/sources_1/bd/top/ip/top_smartconnect_0_0/bd_0/ip/ip_28/bd_acc6_m00awn_0_clocks.xdc] for cell 'top_i/smartconnect_0/inst/m00_nodes/m00_aw_node/inst'
Parsing XDC File [/tmp/finn_dev_root/vivado_zynq_proj_9n5w7zv_/finn_zynq_link.gen/sources_1/bd/top/ip/top_smartconnect_0_0/bd_0/ip/ip_27/bd_acc6_m00rn_0_clocks.xdc] for cell 'top_i/smartconnect_0/inst/m00_nodes/m00_r_node/inst'
Finished Parsing XDC File [/tmp/finn_dev_root/vivado_zynq_proj_9n5w7zv_/finn_zynq_link.gen/sources_1/bd/top/ip/top_smartconnect_0_0/bd_0/ip/ip_27/bd_acc6_m00rn_0_clocks.xdc] for cell 'top_i/smartconnect_0/inst/m00_nodes/m00_r_node/inst'
Parsing XDC File [/tmp/finn_dev_root/vivado_zynq_proj_9n5w7zv_/finn_zynq_link.gen/sources_1/bd/top/ip/top_smartconnect_0_0/bd_0/ip/ip_26/bd_acc6_m00arn_0_clocks.xdc] for cell 'top_i/smartconnect_0/inst/m00_nodes/m00_ar_node/inst'
Finished Parsing XDC File [/tmp/finn_dev_root/vivado_zynq_proj_9n5w7zv_/finn_zynq_link.gen/sources_1/bd/top/ip/top_smartconnect_0_0/bd_0/ip/ip_26/bd_acc6_m00arn_0_clocks.xdc] for cell 'top_i/smartconnect_0/inst/m00_nodes/m00_ar_node/inst'
Parsing XDC File [/tmp/finn_dev_root/vivado_zynq_proj_9n5w7zv_/finn_zynq_link.gen/sources_1/bd/top/ip/top_smartconnect_0_0/bd_0/ip/ip_24/bd_acc6_sbn_1_clocks.xdc] for cell 'top_i/smartconnect_0/inst/s01_nodes/s01_b_node/inst'
Finished Parsing XDC File [/tmp/finn_dev_root/vivado_zynq_proj_9n5w7zv_/finn_zynq_link.gen/sources_1/bd/top/ip/top_smartconnect_0_0/bd_0/ip/ip_24/bd_acc6_sbn_1_clocks.xdc] for cell 'top_i/smartconnect_0/inst/s01_nodes/s01_b_node/inst'
Parsing XDC File [/tmp/finn_dev_root/vivado_zynq_proj_9n5w7zv_/finn_zynq_link.gen/sources_1/bd/top/ip/top_zynq_ps_0/top_zynq_ps_0.xdc] for cell 'top_i/zynq_ps/inst'
Finished Parsing XDC File [/tmp/finn_dev_root/vivado_zynq_proj_9n5w7zv_/finn_zynq_link.gen/sources_1/bd/top/ip/top_zynq_ps_0/top_zynq_ps_0.xdc] for cell 'top_i/zynq_ps/inst'
Parsing XDC File [/tmp/finn_dev_root/vivado_zynq_proj_9n5w7zv_/finn_zynq_link.gen/sources_1/bd/top/ip/top_smartconnect_0_0/bd_0/ip/ip_22/bd_acc6_sawn_1_clocks.xdc] for cell 'top_i/smartconnect_0/inst/s01_nodes/s01_aw_node/inst'
Finished Parsing XDC File [/tmp/finn_dev_root/vivado_zynq_proj_9n5w7zv_/finn_zynq_link.gen/sources_1/bd/top/ip/top_smartconnect_0_0/bd_0/ip/ip_22/bd_acc6_sawn_1_clocks.xdc] for cell 'top_i/smartconnect_0/inst/s01_nodes/s01_aw_node/inst'
Parsing XDC File [/tmp/finn_dev_root/vivado_zynq_proj_9n5w7zv_/finn_zynq_link.gen/sources_1/bd/top/ip/top_smartconnect_0_0/bd_0/ip/ip_21/bd_acc6_srn_1_clocks.xdc] for cell 'top_i/smartconnect_0/inst/s01_nodes/s01_r_node/inst'
Finished Parsing XDC File [/tmp/finn_dev_root/vivado_zynq_proj_9n5w7zv_/finn_zynq_link.gen/sources_1/bd/top/ip/top_smartconnect_0_0/bd_0/ip/ip_21/bd_acc6_srn_1_clocks.xdc] for cell 'top_i/smartconnect_0/inst/s01_nodes/s01_r_node/inst'
Parsing XDC File [/tmp/finn_dev_root/vivado_zynq_proj_9n5w7zv_/finn_zynq_link.gen/sources_1/bd/top/ip/top_smartconnect_0_0/bd_0/ip/ip_20/bd_acc6_sarn_1_clocks.xdc] for cell 'top_i/smartconnect_0/inst/s01_nodes/s01_ar_node/inst'
Finished Parsing XDC File [/tmp/finn_dev_root/vivado_zynq_proj_9n5w7zv_/finn_zynq_link.gen/sources_1/bd/top/ip/top_smartconnect_0_0/bd_0/ip/ip_20/bd_acc6_sarn_1_clocks.xdc] for cell 'top_i/smartconnect_0/inst/s01_nodes/s01_ar_node/inst'
Parsing XDC File [/tmp/finn_dev_root/vivado_zynq_proj_9n5w7zv_/finn_zynq_link.gen/sources_1/bd/top/ip/top_smartconnect_0_0/bd_0/ip/ip_15/bd_acc6_sbn_0_clocks.xdc] for cell 'top_i/smartconnect_0/inst/s00_nodes/s00_b_node/inst'
Finished Parsing XDC File [/tmp/finn_dev_root/vivado_zynq_proj_9n5w7zv_/finn_zynq_link.gen/sources_1/bd/top/ip/top_smartconnect_0_0/bd_0/ip/ip_15/bd_acc6_sbn_0_clocks.xdc] for cell 'top_i/smartconnect_0/inst/s00_nodes/s00_b_node/inst'
Parsing XDC File [/tmp/finn_dev_root/vivado_zynq_proj_9n5w7zv_/finn_zynq_link.gen/sources_1/bd/top/ip/top_smartconnect_0_0/bd_0/ip/ip_14/bd_acc6_swn_0_clocks.xdc] for cell 'top_i/smartconnect_0/inst/s00_nodes/s00_w_node/inst'
Finished Parsing XDC File [/tmp/finn_dev_root/vivado_zynq_proj_9n5w7zv_/finn_zynq_link.gen/sources_1/bd/top/ip/top_smartconnect_0_0/bd_0/ip/ip_14/bd_acc6_swn_0_clocks.xdc] for cell 'top_i/smartconnect_0/inst/s00_nodes/s00_w_node/inst'
Parsing XDC File [/tmp/finn_dev_root/vivado_zynq_proj_9n5w7zv_/finn_zynq_link.gen/sources_1/bd/top/ip/top_smartconnect_0_0/bd_0/ip/ip_13/bd_acc6_sawn_0_clocks.xdc] for cell 'top_i/smartconnect_0/inst/s00_nodes/s00_aw_node/inst'
Finished Parsing XDC File [/tmp/finn_dev_root/vivado_zynq_proj_9n5w7zv_/finn_zynq_link.gen/sources_1/bd/top/ip/top_smartconnect_0_0/bd_0/ip/ip_13/bd_acc6_sawn_0_clocks.xdc] for cell 'top_i/smartconnect_0/inst/s00_nodes/s00_aw_node/inst'
Parsing XDC File [/tmp/finn_dev_root/vivado_zynq_proj_9n5w7zv_/finn_zynq_link.gen/sources_1/bd/top/ip/top_smartconnect_0_0/bd_0/ip/ip_12/bd_acc6_srn_0_clocks.xdc] for cell 'top_i/smartconnect_0/inst/s00_nodes/s00_r_node/inst'
Finished Parsing XDC File [/tmp/finn_dev_root/vivado_zynq_proj_9n5w7zv_/finn_zynq_link.gen/sources_1/bd/top/ip/top_smartconnect_0_0/bd_0/ip/ip_12/bd_acc6_srn_0_clocks.xdc] for cell 'top_i/smartconnect_0/inst/s00_nodes/s00_r_node/inst'
Parsing XDC File [/tmp/finn_dev_root/vivado_zynq_proj_9n5w7zv_/finn_zynq_link.gen/sources_1/bd/top/ip/top_smartconnect_0_0/bd_0/ip/ip_11/bd_acc6_sarn_0_clocks.xdc] for cell 'top_i/smartconnect_0/inst/s00_nodes/s00_ar_node/inst'
Finished Parsing XDC File [/tmp/finn_dev_root/vivado_zynq_proj_9n5w7zv_/finn_zynq_link.gen/sources_1/bd/top/ip/top_smartconnect_0_0/bd_0/ip/ip_11/bd_acc6_sarn_0_clocks.xdc] for cell 'top_i/smartconnect_0/inst/s00_nodes/s00_ar_node/inst'
Parsing XDC File [/tmp/finn_dev_root/vivado_zynq_proj_9n5w7zv_/finn_zynq_link.gen/sources_1/bd/top/ip/top_smartconnect_0_0/bd_0/ip/ip_1/bd_acc6_psr_aclk_0.xdc] for cell 'top_i/smartconnect_0/inst/clk_map/psr_aclk/U0'
Finished Parsing XDC File [/tmp/finn_dev_root/vivado_zynq_proj_9n5w7zv_/finn_zynq_link.gen/sources_1/bd/top/ip/top_smartconnect_0_0/bd_0/ip/ip_1/bd_acc6_psr_aclk_0.xdc] for cell 'top_i/smartconnect_0/inst/clk_map/psr_aclk/U0'
Parsing XDC File [/tmp/finn_dev_root/vivado_zynq_proj_9n5w7zv_/finn_zynq_link.gen/sources_1/bd/top/ip/top_smartconnect_0_0/bd_0/ip/ip_1/bd_acc6_psr_aclk_0_board.xdc] for cell 'top_i/smartconnect_0/inst/clk_map/psr_aclk/U0'
Finished Parsing XDC File [/tmp/finn_dev_root/vivado_zynq_proj_9n5w7zv_/finn_zynq_link.gen/sources_1/bd/top/ip/top_smartconnect_0_0/bd_0/ip/ip_1/bd_acc6_psr_aclk_0_board.xdc] for cell 'top_i/smartconnect_0/inst/clk_map/psr_aclk/U0'
INFO: [Project 1-1714] 58 XPM XDC files have been applied to the design.
INFO: [Opt 31-138] Pushed 0 inverter(s) to 0 load pin(s).
INFO: [Project 1-1687] 656 scoped IP constraints or related sub-commands were skipped due to synthesis logic optimizations usually triggered by constant connectivity or unconnected output pins. To review the skipped constraints and messages, run the command 'set_param netlist.IPMsgFiltering false' before opening the design.
Netlist sorting complete. Time (s): cpu = 00:00:00.01 ; elapsed = 00:00:00.01 . Memory (MB): peak = 3183.496 ; gain = 0.000 ; free physical = 937 ; free virtual = 13607
INFO: [Project 1-111] Unisim Transformation Summary:
  A total of 476 instances were transformed.
  CFGLUT5 => CFGLUT5 (SRL16E, SRLC32E): 300 instances
  RAM16X1D => RAM32X1D (RAMD32(x2)): 2 instances
  RAM32M => RAM32M (RAMD32(x6), RAMS32(x2)): 172 instances
  RAM32X1D => RAM32X1D (RAMD32(x2)): 2 instances

33 Infos, 101 Warnings, 0 Critical Warnings and 0 Errors encountered.
link_design completed successfully
link_design: Time (s): cpu = 00:01:09 ; elapsed = 00:01:05 . Memory (MB): peak = 3183.496 ; gain = 1478.324 ; free physical = 932 ; free virtual = 13604
Command: opt_design -directive Explore
INFO: [Vivado_Tcl 4-136] Directive used for opt_design is: Explore
Attempting to get a license for feature 'Implementation' and/or device 'xc7z020'
INFO: [Common 17-349] Got license for feature 'Implementation' and/or device 'xc7z020'
Running DRC as a precondition to command opt_design

Starting DRC Task
INFO: [DRC 23-27] Running DRC with 8 threads
INFO: [Project 1-461] DRC finished with 0 Errors
INFO: [Project 1-462] Please refer to the DRC report (report_drc) for more information.

Time (s): cpu = 00:00:03 ; elapsed = 00:00:02 . Memory (MB): peak = 3183.496 ; gain = 0.000 ; free physical = 925 ; free virtual = 13568

Starting Logic Optimization Task

Phase 1 Initialization

Phase 1.1 Core Generation And Design Setup

Phase 1.1.1 Generate And Synthesize Debug Cores
INFO: [Chipscope 16-329] Generating Script for core instance : dbg_hub 
INFO: [IP_Flow 19-3806] Processing IP xilinx.com:ip:xsdbm:3.0 for cell dbg_hub_CV.
Done building netlist checker database: Time (s): cpu = 00:00:00.02 ; elapsed = 00:00:00.02 . Memory (MB): peak = 3299.184 ; gain = 0.000 ; free physical = 3660 ; free virtual = 12427
Netlist sorting complete. Time (s): cpu = 00:00:00.06 ; elapsed = 00:00:00.06 . Memory (MB): peak = 3344.996 ; gain = 0.000 ; free physical = 3679 ; free virtual = 12400
Phase 1.1.1 Generate And Synthesize Debug Cores | Checksum: e956f3e9

Time (s): cpu = 00:03:15 ; elapsed = 00:03:27 . Memory (MB): peak = 3344.996 ; gain = 65.656 ; free physical = 3679 ; free virtual = 12400
Phase 1.1 Core Generation And Design Setup | Checksum: e956f3e9

Time (s): cpu = 00:03:15 ; elapsed = 00:03:27 . Memory (MB): peak = 3344.996 ; gain = 65.656 ; free physical = 3679 ; free virtual = 12400

Phase 1.2 Setup Constraints And Sort Netlist
Phase 1.2 Setup Constraints And Sort Netlist | Checksum: e956f3e9

Time (s): cpu = 00:03:15 ; elapsed = 00:03:27 . Memory (MB): peak = 3344.996 ; gain = 65.656 ; free physical = 3678 ; free virtual = 12402
Phase 1 Initialization | Checksum: e956f3e9

Time (s): cpu = 00:03:15 ; elapsed = 00:03:27 . Memory (MB): peak = 3344.996 ; gain = 65.656 ; free physical = 3678 ; free virtual = 12402

Phase 2 Timer Update And Timing Data Collection

Phase 2.1 Timer Update
Phase 2.1 Timer Update | Checksum: e956f3e9

Time (s): cpu = 00:03:19 ; elapsed = 00:03:28 . Memory (MB): peak = 3344.996 ; gain = 65.656 ; free physical = 3631 ; free virtual = 12412

Phase 2.2 Timing Data Collection
Phase 2.2 Timing Data Collection | Checksum: e956f3e9

Time (s): cpu = 00:03:19 ; elapsed = 00:03:28 . Memory (MB): peak = 3344.996 ; gain = 65.656 ; free physical = 3637 ; free virtual = 12381
Phase 2 Timer Update And Timing Data Collection | Checksum: e956f3e9

Time (s): cpu = 00:03:19 ; elapsed = 00:03:28 . Memory (MB): peak = 3344.996 ; gain = 65.656 ; free physical = 3641 ; free virtual = 12387

Phase 3 Retarget
INFO: [Opt 31-1566] Pulled 6 inverters resulting in an inversion of 48 pins
INFO: [Opt 31-138] Pushed 25 inverter(s) to 126 load pin(s).
INFO: [Opt 31-49] Retargeted 0 cell(s).
Phase 3 Retarget | Checksum: 12844e2b6

Time (s): cpu = 00:03:20 ; elapsed = 00:03:29 . Memory (MB): peak = 3344.996 ; gain = 65.656 ; free physical = 3642 ; free virtual = 12392
Retarget | Checksum: 12844e2b6
INFO: [Opt 31-389] Phase Retarget created 332 cells and removed 392 cells
INFO: [Opt 31-1021] In phase Retarget, 125 netlist objects are constrained preventing optimization. Please run opt_design with -debug_log to get more detail. 

Phase 4 Constant propagation
INFO: [Opt 31-138] Pushed 7 inverter(s) to 27 load pin(s).
Phase 4 Constant propagation | Checksum: 90b942c8

Time (s): cpu = 00:03:22 ; elapsed = 00:03:31 . Memory (MB): peak = 3344.996 ; gain = 65.656 ; free physical = 3647 ; free virtual = 12409
Constant propagation | Checksum: 90b942c8
INFO: [Opt 31-389] Phase Constant propagation created 328 cells and removed 3375 cells
INFO: [Opt 31-1021] In phase Constant propagation, 109 netlist objects are constrained preventing optimization. Please run opt_design with -debug_log to get more detail. 

Phase 5 Sweep
Phase 5 Sweep | Checksum: 7d2b585e

Time (s): cpu = 00:03:25 ; elapsed = 00:03:34 . Memory (MB): peak = 3344.996 ; gain = 65.656 ; free physical = 3672 ; free virtual = 12395
Sweep | Checksum: 7d2b585e
INFO: [Opt 31-389] Phase Sweep created 0 cells and removed 1130 cells
INFO: [Opt 31-1021] In phase Sweep, 1550 netlist objects are constrained preventing optimization. Please run opt_design with -debug_log to get more detail. 

Phase 6 BUFG optimization
Phase 6 BUFG optimization | Checksum: 7d2b585e

Time (s): cpu = 00:03:26 ; elapsed = 00:03:34 . Memory (MB): peak = 3344.996 ; gain = 65.656 ; free physical = 3642 ; free virtual = 12396
BUFG optimization | Checksum: 7d2b585e
INFO: [Opt 31-662] Phase BUFG optimization created 0 cells of which 0 are BUFGs and removed 0 cells.

Phase 7 Shift Register Optimization
WARNING: [Opt 31-1131] Can not pull register out from top_i/axi_interconnect_0/s00_couplers/auto_pc/inst/gen_axilite.gen_b2s_conv.axilite_b2s/RD.r_channel_0/rd_data_fifo_0/memory_reg[31][0]_srl32 due to none static srl address bits
WARNING: [Opt 31-1131] Can not pull register out from top_i/axi_interconnect_0/s00_couplers/auto_pc/inst/gen_axilite.gen_b2s_conv.axilite_b2s/RD.r_channel_0/rd_data_fifo_0/memory_reg[31][10]_srl32 due to none static srl address bits
WARNING: [Opt 31-1131] Can not pull register out from top_i/axi_interconnect_0/s00_couplers/auto_pc/inst/gen_axilite.gen_b2s_conv.axilite_b2s/RD.r_channel_0/rd_data_fifo_0/memory_reg[31][11]_srl32 due to none static srl address bits
WARNING: [Opt 31-1131] Can not pull register out from top_i/axi_interconnect_0/s00_couplers/auto_pc/inst/gen_axilite.gen_b2s_conv.axilite_b2s/RD.r_channel_0/rd_data_fifo_0/memory_reg[31][12]_srl32 due to none static srl address bits
WARNING: [Opt 31-1131] Can not pull register out from top_i/axi_interconnect_0/s00_couplers/auto_pc/inst/gen_axilite.gen_b2s_conv.axilite_b2s/RD.r_channel_0/rd_data_fifo_0/memory_reg[31][13]_srl32 due to none static srl address bits
WARNING: [Opt 31-1131] Can not pull register out from top_i/axi_interconnect_0/s00_couplers/auto_pc/inst/gen_axilite.gen_b2s_conv.axilite_b2s/RD.r_channel_0/rd_data_fifo_0/memory_reg[31][14]_srl32 due to none static srl address bits
WARNING: [Opt 31-1131] Can not pull register out from top_i/axi_interconnect_0/s00_couplers/auto_pc/inst/gen_axilite.gen_b2s_conv.axilite_b2s/RD.r_channel_0/rd_data_fifo_0/memory_reg[31][15]_srl32 due to none static srl address bits
WARNING: [Opt 31-1131] Can not pull register out from top_i/axi_interconnect_0/s00_couplers/auto_pc/inst/gen_axilite.gen_b2s_conv.axilite_b2s/RD.r_channel_0/rd_data_fifo_0/memory_reg[31][16]_srl32 due to none static srl address bits
WARNING: [Opt 31-1131] Can not pull register out from top_i/axi_interconnect_0/s00_couplers/auto_pc/inst/gen_axilite.gen_b2s_conv.axilite_b2s/RD.r_channel_0/rd_data_fifo_0/memory_reg[31][17]_srl32 due to none static srl address bits
WARNING: [Opt 31-1131] Can not pull register out from top_i/axi_interconnect_0/s00_couplers/auto_pc/inst/gen_axilite.gen_b2s_conv.axilite_b2s/RD.r_channel_0/rd_data_fifo_0/memory_reg[31][18]_srl32 due to none static srl address bits
WARNING: [Opt 31-1131] Can not pull register out from top_i/axi_interconnect_0/s00_couplers/auto_pc/inst/gen_axilite.gen_b2s_conv.axilite_b2s/RD.r_channel_0/rd_data_fifo_0/memory_reg[31][19]_srl32 due to none static srl address bits
WARNING: [Opt 31-1131] Can not pull register out from top_i/axi_interconnect_0/s00_couplers/auto_pc/inst/gen_axilite.gen_b2s_conv.axilite_b2s/RD.r_channel_0/rd_data_fifo_0/memory_reg[31][1]_srl32 due to none static srl address bits
WARNING: [Opt 31-1131] Can not pull register out from top_i/axi_interconnect_0/s00_couplers/auto_pc/inst/gen_axilite.gen_b2s_conv.axilite_b2s/RD.r_channel_0/rd_data_fifo_0/memory_reg[31][20]_srl32 due to none static srl address bits
WARNING: [Opt 31-1131] Can not pull register out from top_i/axi_interconnect_0/s00_couplers/auto_pc/inst/gen_axilite.gen_b2s_conv.axilite_b2s/RD.r_channel_0/rd_data_fifo_0/memory_reg[31][21]_srl32 due to none static srl address bits
WARNING: [Opt 31-1131] Can not pull register out from top_i/axi_interconnect_0/s00_couplers/auto_pc/inst/gen_axilite.gen_b2s_conv.axilite_b2s/RD.r_channel_0/rd_data_fifo_0/memory_reg[31][22]_srl32 due to none static srl address bits
WARNING: [Opt 31-1131] Can not pull register out from top_i/axi_interconnect_0/s00_couplers/auto_pc/inst/gen_axilite.gen_b2s_conv.axilite_b2s/RD.r_channel_0/rd_data_fifo_0/memory_reg[31][23]_srl32 due to none static srl address bits
WARNING: [Opt 31-1131] Can not pull register out from top_i/axi_interconnect_0/s00_couplers/auto_pc/inst/gen_axilite.gen_b2s_conv.axilite_b2s/RD.r_channel_0/rd_data_fifo_0/memory_reg[31][24]_srl32 due to none static srl address bits
WARNING: [Opt 31-1131] Can not pull register out from top_i/axi_interconnect_0/s00_couplers/auto_pc/inst/gen_axilite.gen_b2s_conv.axilite_b2s/RD.r_channel_0/rd_data_fifo_0/memory_reg[31][25]_srl32 due to none static srl address bits
WARNING: [Opt 31-1131] Can not pull register out from top_i/axi_interconnect_0/s00_couplers/auto_pc/inst/gen_axilite.gen_b2s_conv.axilite_b2s/RD.r_channel_0/rd_data_fifo_0/memory_reg[31][26]_srl32 due to none static srl address bits
WARNING: [Opt 31-1131] Can not pull register out from top_i/axi_interconnect_0/s00_couplers/auto_pc/inst/gen_axilite.gen_b2s_conv.axilite_b2s/RD.r_channel_0/rd_data_fifo_0/memory_reg[31][27]_srl32 due to none static srl address bits
WARNING: [Opt 31-1131] Can not pull register out from top_i/axi_interconnect_0/s00_couplers/auto_pc/inst/gen_axilite.gen_b2s_conv.axilite_b2s/RD.r_channel_0/rd_data_fifo_0/memory_reg[31][28]_srl32 due to none static srl address bits
WARNING: [Opt 31-1131] Can not pull register out from top_i/axi_interconnect_0/s00_couplers/auto_pc/inst/gen_axilite.gen_b2s_conv.axilite_b2s/RD.r_channel_0/rd_data_fifo_0/memory_reg[31][29]_srl32 due to none static srl address bits
WARNING: [Opt 31-1131] Can not pull register out from top_i/axi_interconnect_0/s00_couplers/auto_pc/inst/gen_axilite.gen_b2s_conv.axilite_b2s/RD.r_channel_0/rd_data_fifo_0/memory_reg[31][2]_srl32 due to none static srl address bits
WARNING: [Opt 31-1131] Can not pull register out from top_i/axi_interconnect_0/s00_couplers/auto_pc/inst/gen_axilite.gen_b2s_conv.axilite_b2s/RD.r_channel_0/rd_data_fifo_0/memory_reg[31][30]_srl32 due to none static srl address bits
WARNING: [Opt 31-1131] Can not pull register out from top_i/axi_interconnect_0/s00_couplers/auto_pc/inst/gen_axilite.gen_b2s_conv.axilite_b2s/RD.r_channel_0/rd_data_fifo_0/memory_reg[31][31]_srl32 due to none static srl address bits
WARNING: [Opt 31-1131] Can not pull register out from top_i/axi_interconnect_0/s00_couplers/auto_pc/inst/gen_axilite.gen_b2s_conv.axilite_b2s/RD.r_channel_0/rd_data_fifo_0/memory_reg[31][32]_srl32 due to none static srl address bits
WARNING: [Opt 31-1131] Can not pull register out from top_i/axi_interconnect_0/s00_couplers/auto_pc/inst/gen_axilite.gen_b2s_conv.axilite_b2s/RD.r_channel_0/rd_data_fifo_0/memory_reg[31][33]_srl32 due to none static srl address bits
WARNING: [Opt 31-1131] Can not pull register out from top_i/axi_interconnect_0/s00_couplers/auto_pc/inst/gen_axilite.gen_b2s_conv.axilite_b2s/RD.r_channel_0/rd_data_fifo_0/memory_reg[31][3]_srl32 due to none static srl address bits
WARNING: [Opt 31-1131] Can not pull register out from top_i/axi_interconnect_0/s00_couplers/auto_pc/inst/gen_axilite.gen_b2s_conv.axilite_b2s/RD.r_channel_0/rd_data_fifo_0/memory_reg[31][4]_srl32 due to none static srl address bits
WARNING: [Opt 31-1131] Can not pull register out from top_i/axi_interconnect_0/s00_couplers/auto_pc/inst/gen_axilite.gen_b2s_conv.axilite_b2s/RD.r_channel_0/rd_data_fifo_0/memory_reg[31][5]_srl32 due to none static srl address bits
WARNING: [Opt 31-1131] Can not pull register out from top_i/axi_interconnect_0/s00_couplers/auto_pc/inst/gen_axilite.gen_b2s_conv.axilite_b2s/RD.r_channel_0/rd_data_fifo_0/memory_reg[31][6]_srl32 due to none static srl address bits
WARNING: [Opt 31-1131] Can not pull register out from top_i/axi_interconnect_0/s00_couplers/auto_pc/inst/gen_axilite.gen_b2s_conv.axilite_b2s/RD.r_channel_0/rd_data_fifo_0/memory_reg[31][7]_srl32 due to none static srl address bits
WARNING: [Opt 31-1131] Can not pull register out from top_i/axi_interconnect_0/s00_couplers/auto_pc/inst/gen_axilite.gen_b2s_conv.axilite_b2s/RD.r_channel_0/rd_data_fifo_0/memory_reg[31][8]_srl32 due to none static srl address bits
WARNING: [Opt 31-1131] Can not pull register out from top_i/axi_interconnect_0/s00_couplers/auto_pc/inst/gen_axilite.gen_b2s_conv.axilite_b2s/RD.r_channel_0/rd_data_fifo_0/memory_reg[31][9]_srl32 due to none static srl address bits
WARNING: [Opt 31-1131] Can not pull register out from top_i/axi_interconnect_0/s00_couplers/auto_pc/inst/gen_axilite.gen_b2s_conv.axilite_b2s/RD.r_channel_0/transaction_fifo_0/memory_reg[31][0]_srl32 due to none static srl address bits
WARNING: [Opt 31-1131] Can not pull register out from top_i/axi_interconnect_0/s00_couplers/auto_pc/inst/gen_axilite.gen_b2s_conv.axilite_b2s/RD.r_channel_0/transaction_fifo_0/memory_reg[31][10]_srl32 due to none static srl address bits
WARNING: [Opt 31-1131] Can not pull register out from top_i/axi_interconnect_0/s00_couplers/auto_pc/inst/gen_axilite.gen_b2s_conv.axilite_b2s/RD.r_channel_0/transaction_fifo_0/memory_reg[31][11]_srl32 due to none static srl address bits
WARNING: [Opt 31-1131] Can not pull register out from top_i/axi_interconnect_0/s00_couplers/auto_pc/inst/gen_axilite.gen_b2s_conv.axilite_b2s/RD.r_channel_0/transaction_fifo_0/memory_reg[31][12]_srl32 due to none static srl address bits
WARNING: [Opt 31-1131] Can not pull register out from top_i/axi_interconnect_0/s00_couplers/auto_pc/inst/gen_axilite.gen_b2s_conv.axilite_b2s/RD.r_channel_0/transaction_fifo_0/memory_reg[31][1]_srl32 due to none static srl address bits
WARNING: [Opt 31-1131] Can not pull register out from top_i/axi_interconnect_0/s00_couplers/auto_pc/inst/gen_axilite.gen_b2s_conv.axilite_b2s/RD.r_channel_0/transaction_fifo_0/memory_reg[31][2]_srl32 due to none static srl address bits
WARNING: [Opt 31-1131] Can not pull register out from top_i/axi_interconnect_0/s00_couplers/auto_pc/inst/gen_axilite.gen_b2s_conv.axilite_b2s/RD.r_channel_0/transaction_fifo_0/memory_reg[31][3]_srl32 due to none static srl address bits
WARNING: [Opt 31-1131] Can not pull register out from top_i/axi_interconnect_0/s00_couplers/auto_pc/inst/gen_axilite.gen_b2s_conv.axilite_b2s/RD.r_channel_0/transaction_fifo_0/memory_reg[31][4]_srl32 due to none static srl address bits
WARNING: [Opt 31-1131] Can not pull register out from top_i/axi_interconnect_0/s00_couplers/auto_pc/inst/gen_axilite.gen_b2s_conv.axilite_b2s/RD.r_channel_0/transaction_fifo_0/memory_reg[31][5]_srl32 due to none static srl address bits
WARNING: [Opt 31-1131] Can not pull register out from top_i/axi_interconnect_0/s00_couplers/auto_pc/inst/gen_axilite.gen_b2s_conv.axilite_b2s/RD.r_channel_0/transaction_fifo_0/memory_reg[31][6]_srl32 due to none static srl address bits
WARNING: [Opt 31-1131] Can not pull register out from top_i/axi_interconnect_0/s00_couplers/auto_pc/inst/gen_axilite.gen_b2s_conv.axilite_b2s/RD.r_channel_0/transaction_fifo_0/memory_reg[31][7]_srl32 due to none static srl address bits
WARNING: [Opt 31-1131] Can not pull register out from top_i/axi_interconnect_0/s00_couplers/auto_pc/inst/gen_axilite.gen_b2s_conv.axilite_b2s/RD.r_channel_0/transaction_fifo_0/memory_reg[31][8]_srl32 due to none static srl address bits
WARNING: [Opt 31-1131] Can not pull register out from top_i/axi_interconnect_0/s00_couplers/auto_pc/inst/gen_axilite.gen_b2s_conv.axilite_b2s/RD.r_channel_0/transaction_fifo_0/memory_reg[31][9]_srl32 due to none static srl address bits
WARNING: [Opt 31-1131] Can not pull register out from top_i/axi_interconnect_0/s00_couplers/auto_pc/inst/gen_axilite.gen_b2s_conv.axilite_b2s/WR.b_channel_0/bid_fifo_0/memory_reg[3][0]_srl4 due to none static srl address bits
WARNING: [Opt 31-1131] Can not pull register out from top_i/axi_interconnect_0/s00_couplers/auto_pc/inst/gen_axilite.gen_b2s_conv.axilite_b2s/WR.b_channel_0/bid_fifo_0/memory_reg[3][10]_srl4 due to none static srl address bits
WARNING: [Opt 31-1131] Can not pull register out from top_i/axi_interconnect_0/s00_couplers/auto_pc/inst/gen_axilite.gen_b2s_conv.axilite_b2s/WR.b_channel_0/bid_fifo_0/memory_reg[3][11]_srl4 due to none static srl address bits
WARNING: [Opt 31-1131] Can not pull register out from top_i/axi_interconnect_0/s00_couplers/auto_pc/inst/gen_axilite.gen_b2s_conv.axilite_b2s/WR.b_channel_0/bid_fifo_0/memory_reg[3][12]_srl4 due to none static srl address bits
WARNING: [Opt 31-1131] Can not pull register out from top_i/axi_interconnect_0/s00_couplers/auto_pc/inst/gen_axilite.gen_b2s_conv.axilite_b2s/WR.b_channel_0/bid_fifo_0/memory_reg[3][13]_srl4 due to none static srl address bits
WARNING: [Opt 31-1131] Can not pull register out from top_i/axi_interconnect_0/s00_couplers/auto_pc/inst/gen_axilite.gen_b2s_conv.axilite_b2s/WR.b_channel_0/bid_fifo_0/memory_reg[3][14]_srl4 due to none static srl address bits
WARNING: [Opt 31-1131] Can not pull register out from top_i/axi_interconnect_0/s00_couplers/auto_pc/inst/gen_axilite.gen_b2s_conv.axilite_b2s/WR.b_channel_0/bid_fifo_0/memory_reg[3][15]_srl4 due to none static srl address bits
WARNING: [Opt 31-1131] Can not pull register out from top_i/axi_interconnect_0/s00_couplers/auto_pc/inst/gen_axilite.gen_b2s_conv.axilite_b2s/WR.b_channel_0/bid_fifo_0/memory_reg[3][16]_srl4 due to none static srl address bits
WARNING: [Opt 31-1131] Can not pull register out from top_i/axi_interconnect_0/s00_couplers/auto_pc/inst/gen_axilite.gen_b2s_conv.axilite_b2s/WR.b_channel_0/bid_fifo_0/memory_reg[3][17]_srl4 due to none static srl address bits
WARNING: [Opt 31-1131] Can not pull register out from top_i/axi_interconnect_0/s00_couplers/auto_pc/inst/gen_axilite.gen_b2s_conv.axilite_b2s/WR.b_channel_0/bid_fifo_0/memory_reg[3][18]_srl4 due to none static srl address bits
WARNING: [Opt 31-1131] Can not pull register out from top_i/axi_interconnect_0/s00_couplers/auto_pc/inst/gen_axilite.gen_b2s_conv.axilite_b2s/WR.b_channel_0/bid_fifo_0/memory_reg[3][19]_srl4 due to none static srl address bits
WARNING: [Opt 31-1131] Can not pull register out from top_i/axi_interconnect_0/s00_couplers/auto_pc/inst/gen_axilite.gen_b2s_conv.axilite_b2s/WR.b_channel_0/bid_fifo_0/memory_reg[3][1]_srl4 due to none static srl address bits
WARNING: [Opt 31-1131] Can not pull register out from top_i/axi_interconnect_0/s00_couplers/auto_pc/inst/gen_axilite.gen_b2s_conv.axilite_b2s/WR.b_channel_0/bid_fifo_0/memory_reg[3][2]_srl4 due to none static srl address bits
WARNING: [Opt 31-1131] Can not pull register out from top_i/axi_interconnect_0/s00_couplers/auto_pc/inst/gen_axilite.gen_b2s_conv.axilite_b2s/WR.b_channel_0/bid_fifo_0/memory_reg[3][3]_srl4 due to none static srl address bits
WARNING: [Opt 31-1131] Can not pull register out from top_i/axi_interconnect_0/s00_couplers/auto_pc/inst/gen_axilite.gen_b2s_conv.axilite_b2s/WR.b_channel_0/bid_fifo_0/memory_reg[3][8]_srl4 due to none static srl address bits
WARNING: [Opt 31-1131] Can not pull register out from top_i/axi_interconnect_0/s00_couplers/auto_pc/inst/gen_axilite.gen_b2s_conv.axilite_b2s/WR.b_channel_0/bid_fifo_0/memory_reg[3][9]_srl4 due to none static srl address bits
WARNING: [Opt 31-1131] Can not pull register out from top_i/axi_interconnect_0/s00_couplers/auto_pc/inst/gen_axilite.gen_b2s_conv.axilite_b2s/WR.b_channel_0/bresp_fifo_0/memory_reg[3][0]_srl4 due to none static srl address bits
WARNING: [Opt 31-1131] Can not pull register out from top_i/axi_interconnect_0/s00_couplers/auto_pc/inst/gen_axilite.gen_b2s_conv.axilite_b2s/WR.b_channel_0/bresp_fifo_0/memory_reg[3][1]_srl4 due to none static srl address bits
WARNING: [Opt 31-1131] Can not pull register out from top_i/system_ila_0/inst/ila_lib/inst/ila_core_inst/u_ila_cap_ctrl/U_CDONE/I_YESLUT6.U_SRL32_A due to none static srl address bits
WARNING: [Opt 31-1131] Can not pull register out from top_i/system_ila_0/inst/ila_lib/inst/ila_core_inst/u_ila_cap_ctrl/U_CDONE/I_YESLUT6.U_SRL32_B due to none static srl address bits
WARNING: [Opt 31-1131] Can not pull register out from top_i/system_ila_0/inst/ila_lib/inst/ila_core_inst/u_ila_cap_ctrl/U_NS0/I_YESLUT6.U_SRL32_A due to none static srl address bits
WARNING: [Opt 31-1131] Can not pull register out from top_i/system_ila_0/inst/ila_lib/inst/ila_core_inst/u_ila_cap_ctrl/U_NS0/I_YESLUT6.U_SRL32_B due to none static srl address bits
WARNING: [Opt 31-1131] Can not pull register out from top_i/system_ila_0/inst/ila_lib/inst/ila_core_inst/u_ila_cap_ctrl/U_NS0/I_YESLUT6.U_SRL32_C due to none static srl address bits
WARNING: [Opt 31-1131] Can not pull register out from top_i/system_ila_0/inst/ila_lib/inst/ila_core_inst/u_ila_cap_ctrl/U_NS0/I_YESLUT6.U_SRL32_D due to none static srl address bits
WARNING: [Opt 31-1131] Can not pull register out from top_i/system_ila_0/inst/ila_lib/inst/ila_core_inst/u_ila_cap_ctrl/U_NS1/I_YESLUT6.U_SRL32_A due to none static srl address bits
WARNING: [Opt 31-1131] Can not pull register out from top_i/system_ila_0/inst/ila_lib/inst/ila_core_inst/u_ila_cap_ctrl/U_NS1/I_YESLUT6.U_SRL32_B due to none static srl address bits
WARNING: [Opt 31-1131] Can not pull register out from top_i/system_ila_0/inst/ila_lib/inst/ila_core_inst/u_ila_cap_ctrl/U_NS1/I_YESLUT6.U_SRL32_C due to none static srl address bits
WARNING: [Opt 31-1131] Can not pull register out from top_i/system_ila_0/inst/ila_lib/inst/ila_core_inst/u_ila_cap_ctrl/U_NS1/I_YESLUT6.U_SRL32_D due to none static srl address bits
WARNING: [Opt 31-1131] Can not pull register out from top_i/idma0/inst/StreamingDataflowPartition_0_IODMA_hls_0/inst/gmem_m_axi_U/bus_read/fifo_burst/U_fifo_srl/mem_reg[14][0]_srl15 due to none static srl address bits
WARNING: [Opt 31-1131] Can not pull register out from top_i/idma0/inst/StreamingDataflowPartition_0_IODMA_hls_0/inst/gmem_m_axi_U/load_unit/fifo_rreq/U_fifo_srl/mem_reg[5][0]_srl6 due to none static srl address bits
WARNING: [Opt 31-1131] Can not pull register out from top_i/idma0/inst/StreamingDataflowPartition_0_IODMA_hls_0/inst/gmem_m_axi_U/load_unit/fifo_rreq/U_fifo_srl/mem_reg[5][10]_srl6 due to none static srl address bits
WARNING: [Opt 31-1131] Can not pull register out from top_i/idma0/inst/StreamingDataflowPartition_0_IODMA_hls_0/inst/gmem_m_axi_U/load_unit/fifo_rreq/U_fifo_srl/mem_reg[5][11]_srl6 due to none static srl address bits
WARNING: [Opt 31-1131] Can not pull register out from top_i/idma0/inst/StreamingDataflowPartition_0_IODMA_hls_0/inst/gmem_m_axi_U/load_unit/fifo_rreq/U_fifo_srl/mem_reg[5][12]_srl6 due to none static srl address bits
WARNING: [Opt 31-1131] Can not pull register out from top_i/idma0/inst/StreamingDataflowPartition_0_IODMA_hls_0/inst/gmem_m_axi_U/load_unit/fifo_rreq/U_fifo_srl/mem_reg[5][13]_srl6 due to none static srl address bits
WARNING: [Opt 31-1131] Can not pull register out from top_i/idma0/inst/StreamingDataflowPartition_0_IODMA_hls_0/inst/gmem_m_axi_U/load_unit/fifo_rreq/U_fifo_srl/mem_reg[5][14]_srl6 due to none static srl address bits
WARNING: [Opt 31-1131] Can not pull register out from top_i/idma0/inst/StreamingDataflowPartition_0_IODMA_hls_0/inst/gmem_m_axi_U/load_unit/fifo_rreq/U_fifo_srl/mem_reg[5][15]_srl6 due to none static srl address bits
WARNING: [Opt 31-1131] Can not pull register out from top_i/idma0/inst/StreamingDataflowPartition_0_IODMA_hls_0/inst/gmem_m_axi_U/load_unit/fifo_rreq/U_fifo_srl/mem_reg[5][16]_srl6 due to none static srl address bits
WARNING: [Opt 31-1131] Can not pull register out from top_i/idma0/inst/StreamingDataflowPartition_0_IODMA_hls_0/inst/gmem_m_axi_U/load_unit/fifo_rreq/U_fifo_srl/mem_reg[5][17]_srl6 due to none static srl address bits
WARNING: [Opt 31-1131] Can not pull register out from top_i/idma0/inst/StreamingDataflowPartition_0_IODMA_hls_0/inst/gmem_m_axi_U/load_unit/fifo_rreq/U_fifo_srl/mem_reg[5][18]_srl6 due to none static srl address bits
WARNING: [Opt 31-1131] Can not pull register out from top_i/idma0/inst/StreamingDataflowPartition_0_IODMA_hls_0/inst/gmem_m_axi_U/load_unit/fifo_rreq/U_fifo_srl/mem_reg[5][19]_srl6 due to none static srl address bits
WARNING: [Opt 31-1131] Can not pull register out from top_i/idma0/inst/StreamingDataflowPartition_0_IODMA_hls_0/inst/gmem_m_axi_U/load_unit/fifo_rreq/U_fifo_srl/mem_reg[5][1]_srl6 due to none static srl address bits
WARNING: [Opt 31-1131] Can not pull register out from top_i/idma0/inst/StreamingDataflowPartition_0_IODMA_hls_0/inst/gmem_m_axi_U/load_unit/fifo_rreq/U_fifo_srl/mem_reg[5][20]_srl6 due to none static srl address bits
WARNING: [Opt 31-1131] Can not pull register out from top_i/idma0/inst/StreamingDataflowPartition_0_IODMA_hls_0/inst/gmem_m_axi_U/load_unit/fifo_rreq/U_fifo_srl/mem_reg[5][21]_srl6 due to none static srl address bits
WARNING: [Opt 31-1131] Can not pull register out from top_i/idma0/inst/StreamingDataflowPartition_0_IODMA_hls_0/inst/gmem_m_axi_U/load_unit/fifo_rreq/U_fifo_srl/mem_reg[5][22]_srl6 due to none static srl address bits
WARNING: [Opt 31-1131] Can not pull register out from top_i/idma0/inst/StreamingDataflowPartition_0_IODMA_hls_0/inst/gmem_m_axi_U/load_unit/fifo_rreq/U_fifo_srl/mem_reg[5][23]_srl6 due to none static srl address bits
WARNING: [Opt 31-1131] Can not pull register out from top_i/idma0/inst/StreamingDataflowPartition_0_IODMA_hls_0/inst/gmem_m_axi_U/load_unit/fifo_rreq/U_fifo_srl/mem_reg[5][24]_srl6 due to none static srl address bits
WARNING: [Opt 31-1131] Can not pull register out from top_i/idma0/inst/StreamingDataflowPartition_0_IODMA_hls_0/inst/gmem_m_axi_U/load_unit/fifo_rreq/U_fifo_srl/mem_reg[5][25]_srl6 due to none static srl address bits
WARNING: [Opt 31-1131] Can not pull register out from top_i/idma0/inst/StreamingDataflowPartition_0_IODMA_hls_0/inst/gmem_m_axi_U/load_unit/fifo_rreq/U_fifo_srl/mem_reg[5][26]_srl6 due to none static srl address bits
WARNING: [Opt 31-1131] Can not pull register out from top_i/idma0/inst/StreamingDataflowPartition_0_IODMA_hls_0/inst/gmem_m_axi_U/load_unit/fifo_rreq/U_fifo_srl/mem_reg[5][27]_srl6 due to none static srl address bits
WARNING: [Opt 31-1131] Can not pull register out from top_i/idma0/inst/StreamingDataflowPartition_0_IODMA_hls_0/inst/gmem_m_axi_U/load_unit/fifo_rreq/U_fifo_srl/mem_reg[5][28]_srl6 due to none static srl address bits
WARNING: [Opt 31-1131] Can not pull register out from top_i/idma0/inst/StreamingDataflowPartition_0_IODMA_hls_0/inst/gmem_m_axi_U/load_unit/fifo_rreq/U_fifo_srl/mem_reg[5][29]_srl6 due to none static srl address bits
WARNING: [Opt 31-1131] Can not pull register out from top_i/idma0/inst/StreamingDataflowPartition_0_IODMA_hls_0/inst/gmem_m_axi_U/load_unit/fifo_rreq/U_fifo_srl/mem_reg[5][2]_srl6 due to none static srl address bits
WARNING: [Opt 31-1131] Can not pull register out from top_i/idma0/inst/StreamingDataflowPartition_0_IODMA_hls_0/inst/gmem_m_axi_U/load_unit/fifo_rreq/U_fifo_srl/mem_reg[5][30]_srl6 due to none static srl address bits
INFO: [Common 17-14] Message 'Opt 31-1131' appears 100 times and further instances of the messages will be disabled. Use the Tcl command set_msg_config to change the current settings.
INFO: [Opt 31-1064] SRL Remap converted 0 SRLs to 0 registers and converted 0 registers of register chains to 0 SRLs
Phase 7 Shift Register Optimization | Checksum: 7d2b585e

Time (s): cpu = 00:03:26 ; elapsed = 00:03:35 . Memory (MB): peak = 3344.996 ; gain = 65.656 ; free physical = 3682 ; free virtual = 12390
Shift Register Optimization | Checksum: 7d2b585e
INFO: [Opt 31-389] Phase Shift Register Optimization created 0 cells and removed 0 cells
INFO: [Opt 31-1555] control_set_opt supports Versal devices only, and device 7z020 is unsupported

Phase 8 Post Processing Netlist
INFO: [Opt 31-1566] Pulled 1 inverters resulting in an inversion of 4 pins
Phase 8 Post Processing Netlist | Checksum: 13d71aec9

Time (s): cpu = 00:03:27 ; elapsed = 00:03:35 . Memory (MB): peak = 3344.996 ; gain = 65.656 ; free physical = 3669 ; free virtual = 12393
Post Processing Netlist | Checksum: 13d71aec9
INFO: [Opt 31-389] Phase Post Processing Netlist created 0 cells and removed 1 cells
INFO: [Opt 31-1021] In phase Post Processing Netlist, 117 netlist objects are constrained preventing optimization. Please run opt_design with -debug_log to get more detail. 

Phase 9 Finalization

Phase 9.1 Finalizing Design Cores and Updating Shapes
Phase 9.1 Finalizing Design Cores and Updating Shapes | Checksum: 1ca92ed8b

Time (s): cpu = 00:03:28 ; elapsed = 00:03:36 . Memory (MB): peak = 3344.996 ; gain = 65.656 ; free physical = 3696 ; free virtual = 12422

Phase 9.2 Verifying Netlist Connectivity

Starting Connectivity Check Task

Time (s): cpu = 00:00:00.1 ; elapsed = 00:00:00.1 . Memory (MB): peak = 3344.996 ; gain = 0.000 ; free physical = 3691 ; free virtual = 12425
Phase 9.2 Verifying Netlist Connectivity | Checksum: 1ca92ed8b

Time (s): cpu = 00:03:28 ; elapsed = 00:03:36 . Memory (MB): peak = 3344.996 ; gain = 65.656 ; free physical = 3691 ; free virtual = 12425
Phase 9 Finalization | Checksum: 1ca92ed8b

Time (s): cpu = 00:03:28 ; elapsed = 00:03:36 . Memory (MB): peak = 3344.996 ; gain = 65.656 ; free physical = 3691 ; free virtual = 12425
Opt_design Change Summary
=========================


-------------------------------------------------------------------------------------------------------------------------
|  Phase                        |  #Cells created  |  #Cells Removed  |  #Constrained objects preventing optimizations  |
-------------------------------------------------------------------------------------------------------------------------
|  Retarget                     |             332  |             392  |                                            125  |
|  Constant propagation         |             328  |            3375  |                                            109  |
|  Sweep                        |               0  |            1130  |                                           1550  |
|  BUFG optimization            |               0  |               0  |                                              0  |
|  Shift Register Optimization  |               0  |               0  |                                              0  |
|  Post Processing Netlist      |               0  |               1  |                                            117  |
-------------------------------------------------------------------------------------------------------------------------


Ending Logic Optimization Task | Checksum: 1ca92ed8b

Time (s): cpu = 00:03:28 ; elapsed = 00:03:36 . Memory (MB): peak = 3344.996 ; gain = 65.656 ; free physical = 3690 ; free virtual = 12426
INFO: [Constraints 18-11670] Building netlist checker database with flags, 0x8
Done building netlist checker database: Time (s): cpu = 00:00:00.02 ; elapsed = 00:00:00.01 . Memory (MB): peak = 3344.996 ; gain = 0.000 ; free physical = 3691 ; free virtual = 12429

Starting Netlist Obfuscation Task
Netlist sorting complete. Time (s): cpu = 00:00:00.01 ; elapsed = 00:00:00.01 . Memory (MB): peak = 3344.996 ; gain = 0.000 ; free physical = 3686 ; free virtual = 12427
Ending Netlist Obfuscation Task | Checksum: 1ca92ed8b

Time (s): cpu = 00:00:00.02 ; elapsed = 00:00:00.02 . Memory (MB): peak = 3344.996 ; gain = 0.000 ; free physical = 3686 ; free virtual = 12427
INFO: [Common 17-83] Releasing license: Implementation
64 Infos, 201 Warnings, 0 Critical Warnings and 0 Errors encountered.
opt_design completed successfully
opt_design: Time (s): cpu = 00:03:37 ; elapsed = 00:03:43 . Memory (MB): peak = 3344.996 ; gain = 161.500 ; free physical = 3686 ; free virtual = 12428
INFO: [runtcl-4] Executing : report_drc -file top_wrapper_drc_opted.rpt -pb top_wrapper_drc_opted.pb -rpx top_wrapper_drc_opted.rpx
Command: report_drc -file top_wrapper_drc_opted.rpt -pb top_wrapper_drc_opted.pb -rpx top_wrapper_drc_opted.rpx
INFO: [IP_Flow 19-1839] IP Catalog is up to date.
INFO: [DRC 23-27] Running DRC with 8 threads
INFO: [Vivado_Tcl 2-168] The results of DRC are in file /tmp/finn_dev_root/vivado_zynq_proj_9n5w7zv_/finn_zynq_link.runs/impl_1/top_wrapper_drc_opted.rpt.
report_drc completed successfully
INFO: [Timing 38-35] Done setting XDC timing constraints.
INFO: [Timing 38-480] Writing timing data to binary archive.
Wrote PlaceDB: Time (s): cpu = 00:00:00.13 ; elapsed = 00:00:00.03 . Memory (MB): peak = 3445.816 ; gain = 0.000 ; free physical = 3551 ; free virtual = 12319
Wrote PulsedLatchDB: Time (s): cpu = 00:00:00 ; elapsed = 00:00:00 . Memory (MB): peak = 3445.816 ; gain = 0.000 ; free physical = 3556 ; free virtual = 12318
Writing XDEF routing.
Writing XDEF routing logical nets.
Write ShapeDB Complete: Time (s): cpu = 00:00:00.91 ; elapsed = 00:00:00.19 . Memory (MB): peak = 3445.816 ; gain = 0.000 ; free physical = 3590 ; free virtual = 12316
Writing XDEF routing special nets.
Wrote RouteStorage: Time (s): cpu = 00:00:00.77 ; elapsed = 00:00:00.17 . Memory (MB): peak = 3445.816 ; gain = 0.000 ; free physical = 3588 ; free virtual = 12314
Wrote Netlist Cache: Time (s): cpu = 00:00:00.01 ; elapsed = 00:00:00 . Memory (MB): peak = 3445.816 ; gain = 0.000 ; free physical = 3588 ; free virtual = 12314
Wrote Device Cache: Time (s): cpu = 00:00:00.06 ; elapsed = 00:00:00.01 . Memory (MB): peak = 3445.816 ; gain = 0.000 ; free physical = 3586 ; free virtual = 12315
Write Physdb Complete: Time (s): cpu = 00:00:00.99 ; elapsed = 00:00:00.22 . Memory (MB): peak = 3445.816 ; gain = 0.000 ; free physical = 3586 ; free virtual = 12315
INFO: [Common 17-1381] The checkpoint '/tmp/finn_dev_root/vivado_zynq_proj_9n5w7zv_/finn_zynq_link.runs/impl_1/top_wrapper_opt.dcp' has been generated.
write_checkpoint: Time (s): cpu = 00:00:18 ; elapsed = 00:00:11 . Memory (MB): peak = 3445.816 ; gain = 0.000 ; free physical = 3509 ; free virtual = 12329
INFO: [Chipscope 16-240] Debug cores have already been implemented
Command: place_design -directive ExtraTimingOpt
Attempting to get a license for feature 'Implementation' and/or device 'xc7z020'
INFO: [Common 17-349] Got license for feature 'Implementation' and/or device 'xc7z020'
INFO: [Common 17-83] Releasing license: Implementation
INFO: [DRC 23-27] Running DRC with 8 threads
INFO: [Vivado_Tcl 4-198] DRC finished with 0 Errors
INFO: [Vivado_Tcl 4-199] Please refer to the DRC report (report_drc) for more information.
Running DRC as a precondition to command place_design
INFO: [DRC 23-27] Running DRC with 8 threads
INFO: [Vivado_Tcl 4-198] DRC finished with 0 Errors
INFO: [Vivado_Tcl 4-199] Please refer to the DRC report (report_drc) for more information.
INFO: [Place 46-5] The placer was invoked with the 'ExtraTimingOpt' directive.
INFO: [Place 30-611] Multithreading enabled for place_design using a maximum of 8 CPUs

Starting Placer Task

Phase 1 Placer Initialization

Phase 1.1 Placer Initialization Netlist Sorting
Netlist sorting complete. Time (s): cpu = 00:00:00.02 ; elapsed = 00:00:00.01 . Memory (MB): peak = 3449.996 ; gain = 0.000 ; free physical = 3526 ; free virtual = 12318
Phase 1.1 Placer Initialization Netlist Sorting | Checksum: e41aac7a

Time (s): cpu = 00:00:00.03 ; elapsed = 00:00:00.04 . Memory (MB): peak = 3449.996 ; gain = 0.000 ; free physical = 3526 ; free virtual = 12318
Netlist sorting complete. Time (s): cpu = 00:00:00.01 ; elapsed = 00:00:00.01 . Memory (MB): peak = 3449.996 ; gain = 0.000 ; free physical = 3525 ; free virtual = 12320

Phase 1.2 IO Placement/ Clock Placement/ Build Placer Device
Phase 1.2 IO Placement/ Clock Placement/ Build Placer Device | Checksum: d5465524

Time (s): cpu = 00:00:07 ; elapsed = 00:00:04 . Memory (MB): peak = 3449.996 ; gain = 0.000 ; free physical = 3510 ; free virtual = 12293

Phase 1.3 Build Placer Netlist Model
Phase 1.3 Build Placer Netlist Model | Checksum: 17a47e5fd

Time (s): cpu = 00:00:30 ; elapsed = 00:00:13 . Memory (MB): peak = 3483.422 ; gain = 33.426 ; free physical = 3479 ; free virtual = 12232

Phase 1.4 Constrain Clocks/Macros
Phase 1.4 Constrain Clocks/Macros | Checksum: 17a47e5fd

Time (s): cpu = 00:00:30 ; elapsed = 00:00:14 . Memory (MB): peak = 3483.422 ; gain = 33.426 ; free physical = 3472 ; free virtual = 12231
Phase 1 Placer Initialization | Checksum: 17a47e5fd

Time (s): cpu = 00:00:30 ; elapsed = 00:00:14 . Memory (MB): peak = 3483.422 ; gain = 33.426 ; free physical = 3419 ; free virtual = 12227

Phase 2 Global Placement

Phase 2.1 Floorplanning
Phase 2.1 Floorplanning | Checksum: 17517fa83

Time (s): cpu = 00:00:51 ; elapsed = 00:00:21 . Memory (MB): peak = 3534.336 ; gain = 84.340 ; free physical = 3392 ; free virtual = 12209

Phase 2.2 Update Timing before SLR Path Opt
Phase 2.2 Update Timing before SLR Path Opt | Checksum: 23c65b568

Time (s): cpu = 00:01:00 ; elapsed = 00:00:24 . Memory (MB): peak = 3534.336 ; gain = 84.340 ; free physical = 3385 ; free virtual = 12185

Phase 2.3 Post-Processing in Floorplanning
Phase 2.3 Post-Processing in Floorplanning | Checksum: 23c65b568

Time (s): cpu = 00:01:00 ; elapsed = 00:00:25 . Memory (MB): peak = 3534.336 ; gain = 84.340 ; free physical = 3375 ; free virtual = 12186

Phase 2.4 Global Placement Core

Phase 2.4.1 UpdateTiming Before Physical Synthesis
Phase 2.4.1 UpdateTiming Before Physical Synthesis | Checksum: 215d9bf31

Time (s): cpu = 00:04:39 ; elapsed = 00:01:41 . Memory (MB): peak = 3549.180 ; gain = 99.184 ; free physical = 3463 ; free virtual = 12255

Phase 2.4.2 Physical Synthesis In Placer
INFO: [Physopt 32-1035] Found 146 LUTNM shape to break, 826 LUT instances to create LUTNM shape
INFO: [Physopt 32-1044] Break lutnm for timing: one critical 91, two critical 55, total 146, new lutff created 10
INFO: [Physopt 32-1138] End 1 Pass. Optimized 455 nets or LUTs. Breaked 146 LUTs, combined 309 existing LUTs and moved 0 existing LUT
INFO: [Physopt 32-65] No nets found for high-fanout optimization.
INFO: [Physopt 32-232] Optimized 0 net. Created 0 new instance.
INFO: [Physopt 32-775] End 1 Pass. Optimized 0 net or cell. Created 0 new cell, deleted 0 existing cell and moved 0 existing cell
INFO: [Physopt 32-76] Pass 1. Identified 1 candidate net for fanout optimization.
INFO: [Physopt 32-81] Processed net top_i/rst_zynq_ps_200M/U0/peripheral_aresetn[0]. Replicated 9 times.
INFO: [Physopt 32-232] Optimized 1 net. Created 9 new instances.
INFO: [Physopt 32-775] End 1 Pass. Optimized 1 net or cell. Created 9 new cells, deleted 0 existing cell and moved 0 existing cell
Netlist sorting complete. Time (s): cpu = 00:00:00.4 ; elapsed = 00:00:00.41 . Memory (MB): peak = 3549.180 ; gain = 0.000 ; free physical = 3351 ; free virtual = 12165
INFO: [Physopt 32-46] Identified 4 candidate nets for critical-cell optimization.
INFO: [Physopt 32-571] Net top_i/StreamingDataflowPartition_1/inst/StreamingDataflowPartition_1_MVAU_hls_1/StreamingDataflowPartition_1_MVAU_hls_1_wstrm/inst/core/mem/blkStage1.Ptr_reg[1][val_n_3_][15] was not replicated.
INFO: [Physopt 32-232] Optimized 0 net. Created 0 new instance.
INFO: [Physopt 32-775] End 1 Pass. Optimized 0 net or cell. Created 0 new cell, deleted 0 existing cell and moved 0 existing cell
INFO: [Physopt 32-456] No candidate cells for DSP register optimization found in the design.
INFO: [Physopt 32-775] End 2 Pass. Optimized 0 net or cell. Created 0 new cell, deleted 0 existing cell and moved 0 existing cell
INFO: [Physopt 32-1123] No candidate cells found for Shift Register to Pipeline optimization
INFO: [Physopt 32-775] End 2 Pass. Optimized 0 net or cell. Created 0 new cell, deleted 0 existing cell and moved 0 existing cell
INFO: [Physopt 32-1401] No candidate cells found for Shift Register optimization.
INFO: [Physopt 32-677] No candidate cells for Shift Register optimization found in the design
INFO: [Physopt 32-775] End 1 Pass. Optimized 0 net or cell. Created 0 new cell, deleted 0 existing cell and moved 0 existing cell
INFO: [Physopt 32-526] No candidate cells for BRAM register optimization found in the design
INFO: [Physopt 32-775] End 1 Pass. Optimized 0 net or cell. Created 0 new cell, deleted 0 existing cell and moved 0 existing cell
INFO: [Physopt 32-846] No candidate cells for URAM register optimization found in the design
INFO: [Physopt 32-775] End 1 Pass. Optimized 0 net or cell. Created 0 new cell, deleted 0 existing cell and moved 0 existing cell
INFO: [Physopt 32-846] No candidate cells for URAM register optimization found in the design
INFO: [Physopt 32-775] End 1 Pass. Optimized 0 net or cell. Created 0 new cell, deleted 0 existing cell and moved 0 existing cell
INFO: [Physopt 32-949] No candidate nets found for dynamic/static region interface net replication
INFO: [Physopt 32-775] End 1 Pass. Optimized 0 net or cell. Created 0 new cell, deleted 0 existing cell and moved 0 existing cell
Netlist sorting complete. Time (s): cpu = 00:00:00.02 ; elapsed = 00:00:00.01 . Memory (MB): peak = 3549.180 ; gain = 0.000 ; free physical = 3323 ; free virtual = 12169

Summary of Physical Synthesis Optimizations
============================================


-----------------------------------------------------------------------------------------------------------------------------------------------------------
|  Optimization                                     |  Added Cells  |  Removed Cells  |  Optimized Cells/Nets  |  Dont Touch  |  Iterations  |  Elapsed   |
-----------------------------------------------------------------------------------------------------------------------------------------------------------
|  LUT Combining                                    |          146  |            309  |                   455  |           0  |           1  |  00:00:02  |
|  Retime                                           |            0  |              0  |                     0  |           0  |           1  |  00:00:00  |
|  Very High Fanout                                 |            0  |              0  |                     0  |           0  |           1  |  00:00:01  |
|  Fanout                                           |            9  |              0  |                     1  |           0  |           1  |  00:00:00  |
|  Critical Cell                                    |            0  |              0  |                     0  |           0  |           1  |  00:00:00  |
|  DSP Register                                     |            0  |              0  |                     0  |           0  |           1  |  00:00:00  |
|  Shift Register to Pipeline                       |            0  |              0  |                     0  |           0  |           1  |  00:00:00  |
|  Shift Register                                   |            0  |              0  |                     0  |           0  |           1  |  00:00:00  |
|  BRAM Register                                    |            0  |              0  |                     0  |           0  |           1  |  00:00:00  |
|  URAM Register                                    |            0  |              0  |                     0  |           0  |           1  |  00:00:00  |
|  Dynamic/Static Region Interface Net Replication  |            0  |              0  |                     0  |           0  |           1  |  00:00:00  |
|  Total                                            |          155  |            309  |                   456  |           0  |          11  |  00:00:03  |
-----------------------------------------------------------------------------------------------------------------------------------------------------------


Phase 2.4.2 Physical Synthesis In Placer | Checksum: 212bd782e

Time (s): cpu = 00:04:53 ; elapsed = 00:01:50 . Memory (MB): peak = 3549.180 ; gain = 99.184 ; free physical = 3332 ; free virtual = 12162
Phase 2.4 Global Placement Core | Checksum: 1cd03f962

Time (s): cpu = 00:04:58 ; elapsed = 00:01:52 . Memory (MB): peak = 3549.180 ; gain = 99.184 ; free physical = 3346 ; free virtual = 12169
Phase 2 Global Placement | Checksum: 1cd03f962

Time (s): cpu = 00:04:58 ; elapsed = 00:01:52 . Memory (MB): peak = 3549.180 ; gain = 99.184 ; free physical = 3344 ; free virtual = 12171

Phase 3 Detail Placement

Phase 3.1 Commit Multi Column Macros
Phase 3.1 Commit Multi Column Macros | Checksum: 1f15360ca

Time (s): cpu = 00:05:05 ; elapsed = 00:01:53 . Memory (MB): peak = 3549.180 ; gain = 99.184 ; free physical = 3287 ; free virtual = 12171

Phase 3.2 Commit Most Macros & LUTRAMs
Phase 3.2 Commit Most Macros & LUTRAMs | Checksum: 2592a3ad8

Time (s): cpu = 00:05:20 ; elapsed = 00:01:58 . Memory (MB): peak = 3549.180 ; gain = 99.184 ; free physical = 3248 ; free virtual = 12118

Phase 3.3 Area Swap Optimization
Phase 3.3 Area Swap Optimization | Checksum: 2941c64d2

Time (s): cpu = 00:05:23 ; elapsed = 00:01:59 . Memory (MB): peak = 3549.180 ; gain = 99.184 ; free physical = 3226 ; free virtual = 12100

Phase 3.4 Pipeline Register Optimization
Phase 3.4 Pipeline Register Optimization | Checksum: 201d3cd70

Time (s): cpu = 00:05:23 ; elapsed = 00:01:59 . Memory (MB): peak = 3549.180 ; gain = 99.184 ; free physical = 3223 ; free virtual = 12105

Phase 3.5 Fast Optimization
Phase 3.5 Fast Optimization | Checksum: 25fb9ce5b

Time (s): cpu = 00:05:43 ; elapsed = 00:02:05 . Memory (MB): peak = 3549.180 ; gain = 99.184 ; free physical = 3200 ; free virtual = 12026

Phase 3.6 Small Shape Detail Placement
Phase 3.6 Small Shape Detail Placement | Checksum: 16c37e08e

Time (s): cpu = 00:05:59 ; elapsed = 00:02:19 . Memory (MB): peak = 3549.180 ; gain = 99.184 ; free physical = 3005 ; free virtual = 11862

Phase 3.7 Re-assign LUT pins
Phase 3.7 Re-assign LUT pins | Checksum: 1aca2af87

Time (s): cpu = 00:06:02 ; elapsed = 00:02:21 . Memory (MB): peak = 3549.180 ; gain = 99.184 ; free physical = 3028 ; free virtual = 11860

Phase 3.8 Pipeline Register Optimization
Phase 3.8 Pipeline Register Optimization | Checksum: 2cbf7fab9

Time (s): cpu = 00:06:02 ; elapsed = 00:02:22 . Memory (MB): peak = 3549.180 ; gain = 99.184 ; free physical = 3045 ; free virtual = 11841

Phase 3.9 Fast Optimization
Phase 3.9 Fast Optimization | Checksum: 26287e5b5

Time (s): cpu = 00:06:29 ; elapsed = 00:02:31 . Memory (MB): peak = 3549.180 ; gain = 99.184 ; free physical = 3157 ; free virtual = 11965
Phase 3 Detail Placement | Checksum: 26287e5b5

Time (s): cpu = 00:06:29 ; elapsed = 00:02:31 . Memory (MB): peak = 3549.180 ; gain = 99.184 ; free physical = 3123 ; free virtual = 11953

Phase 4 Post Placement Optimization and Clean-Up

Phase 4.1 Post Commit Optimization
INFO: [Timing 38-35] Done setting XDC timing constraints.

Phase 4.1.1 Post Placement Optimization
Post Placement Optimization Initialization | Checksum: 1bdd00185

Phase 4.1.1.1 BUFG Insertion

Starting Physical Synthesis Task

Phase 1 Physical Synthesis Initialization
INFO: [Physopt 32-721] Multithreading enabled for phys_opt_design using a maximum of 8 CPUs
INFO: [Physopt 32-619] Estimated Timing Summary | WNS=-2.514 | TNS=-7890.168 |
Phase 1 Physical Synthesis Initialization | Checksum: 21c49c270

Time (s): cpu = 00:00:09 ; elapsed = 00:00:04 . Memory (MB): peak = 3596.977 ; gain = 0.000 ; free physical = 3139 ; free virtual = 11946
INFO: [Place 46-56] BUFG insertion identified 0 candidate nets. Inserted BUFG: 0, Replicated BUFG Driver: 0, Skipped due to Placement/Routing Conflicts: 0, Skipped due to Timing Degradation: 0, Skipped due to netlist editing failed: 0.
Ending Physical Synthesis Task | Checksum: 21c49c270

Time (s): cpu = 00:00:10 ; elapsed = 00:00:05 . Memory (MB): peak = 3596.977 ; gain = 0.000 ; free physical = 3146 ; free virtual = 11938
Phase 4.1.1.1 BUFG Insertion | Checksum: 1bdd00185

Time (s): cpu = 00:07:09 ; elapsed = 00:02:47 . Memory (MB): peak = 3596.977 ; gain = 146.980 ; free physical = 3184 ; free virtual = 11938

Phase 4.1.1.2 Post Placement Timing Optimization
INFO: [Place 30-746] Post Placement Timing Summary WNS=-1.998. For the most accurate timing information please run report_timing.
Phase 4.1.1.2 Post Placement Timing Optimization | Checksum: 181145297

Time (s): cpu = 00:09:52 ; elapsed = 00:05:10 . Memory (MB): peak = 3596.977 ; gain = 146.980 ; free physical = 3254 ; free virtual = 12079

Time (s): cpu = 00:09:52 ; elapsed = 00:05:10 . Memory (MB): peak = 3596.977 ; gain = 146.980 ; free physical = 3254 ; free virtual = 12079
Phase 4.1 Post Commit Optimization | Checksum: 181145297

Time (s): cpu = 00:09:52 ; elapsed = 00:05:10 . Memory (MB): peak = 3596.977 ; gain = 146.980 ; free physical = 3245 ; free virtual = 12096
Post Placement Optimization Initialization | Checksum: 7fadc7ec

Starting Physical Synthesis Task

Phase 1 Physical Synthesis Initialization
INFO: [Physopt 32-721] Multithreading enabled for phys_opt_design using a maximum of 8 CPUs
INFO: [Physopt 32-619] Estimated Timing Summary | WNS=-2.210 | TNS=-8170.781 |
Phase 1 Physical Synthesis Initialization | Checksum: 88f3e035

Time (s): cpu = 00:00:09 ; elapsed = 00:00:04 . Memory (MB): peak = 3596.977 ; gain = 0.000 ; free physical = 3271 ; free virtual = 12051
INFO: [Place 46-56] BUFG insertion identified 0 candidate nets. Inserted BUFG: 0, Replicated BUFG Driver: 0, Skipped due to Placement/Routing Conflicts: 0, Skipped due to Timing Degradation: 0, Skipped due to netlist editing failed: 0.
Ending Physical Synthesis Task | Checksum: 88f3e035

Time (s): cpu = 00:00:10 ; elapsed = 00:00:05 . Memory (MB): peak = 3596.977 ; gain = 0.000 ; free physical = 3221 ; free virtual = 12069
INFO: [Place 30-746] Post Placement Timing Summary WNS=-1.851. For the most accurate timing information please run report_timing.

Phase 4.2 Post Placement Cleanup
Phase 4.2 Post Placement Cleanup | Checksum: 15b303be0

Time (s): cpu = 00:14:45 ; elapsed = 00:09:13 . Memory (MB): peak = 3596.977 ; gain = 146.980 ; free physical = 3252 ; free virtual = 12120

Phase 4.3 Placer Reporting

Phase 4.3.1 Print Estimated Congestion
INFO: [Place 30-612] Post-Placement Estimated Congestion 
 ____________________________________________________
|           | Global Congestion | Short Congestion  |
| Direction | Region Size       | Region Size       |
|___________|___________________|___________________|
|      North|                1x1|                2x2|
|___________|___________________|___________________|
|      South|                1x1|                2x2|
|___________|___________________|___________________|
|       East|                2x2|                8x8|
|___________|___________________|___________________|
|       West|                4x4|                4x4|
|___________|___________________|___________________|

Phase 4.3.1 Print Estimated Congestion | Checksum: 15b303be0

Time (s): cpu = 00:14:46 ; elapsed = 00:09:14 . Memory (MB): peak = 3596.977 ; gain = 146.980 ; free physical = 3258 ; free virtual = 12097
Phase 4.3 Placer Reporting | Checksum: 15b303be0

Time (s): cpu = 00:14:46 ; elapsed = 00:09:14 . Memory (MB): peak = 3596.977 ; gain = 146.980 ; free physical = 3226 ; free virtual = 12088

Phase 4.4 Final Placement Cleanup
Netlist sorting complete. Time (s): cpu = 00:00:00.01 ; elapsed = 00:00:00.01 . Memory (MB): peak = 3596.977 ; gain = 0.000 ; free physical = 3226 ; free virtual = 12090

Time (s): cpu = 00:14:46 ; elapsed = 00:09:14 . Memory (MB): peak = 3596.977 ; gain = 146.980 ; free physical = 3226 ; free virtual = 12090
Phase 4 Post Placement Optimization and Clean-Up | Checksum: 1b86ee484

Time (s): cpu = 00:14:47 ; elapsed = 00:09:15 . Memory (MB): peak = 3596.977 ; gain = 146.980 ; free physical = 3279 ; free virtual = 12103
Ending Placer Task | Checksum: 114b0928c

Time (s): cpu = 00:14:47 ; elapsed = 00:09:15 . Memory (MB): peak = 3596.977 ; gain = 146.980 ; free physical = 3255 ; free virtual = 12104
121 Infos, 201 Warnings, 0 Critical Warnings and 0 Errors encountered.
place_design completed successfully
place_design: Time (s): cpu = 00:14:53 ; elapsed = 00:09:17 . Memory (MB): peak = 3596.977 ; gain = 151.160 ; free physical = 3253 ; free virtual = 12104
INFO: [runtcl-4] Executing : report_io -file top_wrapper_io_placed.rpt
report_io: Time (s): cpu = 00:00:00.28 ; elapsed = 00:00:00.45 . Memory (MB): peak = 3596.977 ; gain = 0.000 ; free physical = 3287 ; free virtual = 12102
INFO: [runtcl-4] Executing : report_utilization -file top_wrapper_utilization_placed.rpt -pb top_wrapper_utilization_placed.pb
INFO: [runtcl-4] Executing : report_control_sets -verbose -file top_wrapper_control_sets_placed.rpt
report_control_sets: Time (s): cpu = 00:00:00.57 ; elapsed = 00:00:00.76 . Memory (MB): peak = 3596.977 ; gain = 0.000 ; free physical = 3242 ; free virtual = 12106
INFO: [Timing 38-480] Writing timing data to binary archive.
Write ShapeDB Complete: Time (s): cpu = 00:00:00.95 ; elapsed = 00:00:00.21 . Memory (MB): peak = 3596.977 ; gain = 0.000 ; free physical = 3256 ; free virtual = 12099
Wrote PlaceDB: Time (s): cpu = 00:00:12 ; elapsed = 00:00:04 . Memory (MB): peak = 3596.977 ; gain = 0.000 ; free physical = 3236 ; free virtual = 12087
Wrote PulsedLatchDB: Time (s): cpu = 00:00:00 ; elapsed = 00:00:00 . Memory (MB): peak = 3596.977 ; gain = 0.000 ; free physical = 3236 ; free virtual = 12087
Writing XDEF routing.
Writing XDEF routing logical nets.
Writing XDEF routing special nets.
Wrote RouteStorage: Time (s): cpu = 00:00:00.42 ; elapsed = 00:00:00.16 . Memory (MB): peak = 3596.977 ; gain = 0.000 ; free physical = 3232 ; free virtual = 12092
Wrote Netlist Cache: Time (s): cpu = 00:00:00.2 ; elapsed = 00:00:00.07 . Memory (MB): peak = 3596.977 ; gain = 0.000 ; free physical = 3220 ; free virtual = 12090
Wrote Device Cache: Time (s): cpu = 00:00:00.03 ; elapsed = 00:00:00.02 . Memory (MB): peak = 3596.977 ; gain = 0.000 ; free physical = 3219 ; free virtual = 12091
Write Physdb Complete: Time (s): cpu = 00:00:13 ; elapsed = 00:00:04 . Memory (MB): peak = 3596.977 ; gain = 0.000 ; free physical = 3217 ; free virtual = 12091
INFO: [Common 17-1381] The checkpoint '/tmp/finn_dev_root/vivado_zynq_proj_9n5w7zv_/finn_zynq_link.runs/impl_1/top_wrapper_placed.dcp' has been generated.
write_checkpoint: Time (s): cpu = 00:00:26 ; elapsed = 00:00:13 . Memory (MB): peak = 3620.988 ; gain = 24.012 ; free physical = 3209 ; free virtual = 12065
Command: phys_opt_design -directive AggressiveExplore
Attempting to get a license for feature 'Implementation' and/or device 'xc7z020'
INFO: [Common 17-349] Got license for feature 'Implementation' and/or device 'xc7z020'
INFO: [Vivado_Tcl 4-137] Directive used for phys_opt_design is: AggressiveExplore

Starting Initial Update Timing Task

Time (s): cpu = 00:00:22 ; elapsed = 00:00:07 . Memory (MB): peak = 3620.988 ; gain = 0.000 ; free physical = 3253 ; free virtual = 12062
INFO: [Vivado_Tcl 4-1435] PhysOpt_Tcl_Interface Runtime Before Starting Physical Synthesis Task | CPU: 23.67s |  WALL: 7.66s
Netlist sorting complete. Time (s): cpu = 00:00:00.01 ; elapsed = 00:00:00.01 . Memory (MB): peak = 3620.988 ; gain = 0.000 ; free physical = 3253 ; free virtual = 12062

Starting Physical Synthesis Task

Phase 1 Physical Synthesis Initialization
INFO: [Physopt 32-721] Multithreading enabled for phys_opt_design using a maximum of 8 CPUs
INFO: [Physopt 32-619] Estimated Timing Summary | WNS=-1.851 | TNS=-8586.114 |
Phase 1 Physical Synthesis Initialization | Checksum: 1de3d1a2c

Time (s): cpu = 00:00:16 ; elapsed = 00:00:05 . Memory (MB): peak = 3620.988 ; gain = 0.000 ; free physical = 3251 ; free virtual = 12103

Phase 2 SLR Crossing Optimization
Phase 2 SLR Crossing Optimization | Checksum: 1de3d1a2c

Time (s): cpu = 00:00:16 ; elapsed = 00:00:06 . Memory (MB): peak = 3620.988 ; gain = 0.000 ; free physical = 3279 ; free virtual = 12084
INFO: [Physopt 32-619] Estimated Timing Summary | WNS=-1.851 | TNS=-8586.114 |

Phase 3 Fanout Optimization
INFO: [Physopt 32-76] Pass 1. Identified 50 candidate nets for fanout optimization.
INFO: [Physopt 32-572] Net top_i/StreamingDataflowPartition_1/inst/StreamingDataflowPartition_1_MVAU_hls_0/StreamingDataflowPartition_1_MVAU_hls_0/inst/grp_Matrix_Vector_Activate_Stream_Batch_fu_60/flow_control_loop_pipe_sequential_init_U/sf_fu_1652_reg[0]_rep__1_3 was not replicated.
Resolution: phys_opt_design can be forced to replicate a net driver using the option -force_replication_on_nets <list of net objects>.
INFO: [Physopt 32-572] Net top_i/StreamingDataflowPartition_1/inst/StreamingDataflowPartition_1_MVAU_hls_0/StreamingDataflowPartition_1_MVAU_hls_0/inst/grp_Matrix_Vector_Activate_Stream_Batch_fu_60/flow_control_loop_pipe_sequential_init_U/nf_1_fu_4800 was not replicated.
Resolution: phys_opt_design can be forced to replicate a net driver using the option -force_replication_on_nets <list of net objects>.
INFO: [Physopt 32-572] Net top_i/StreamingDataflowPartition_1/inst/StreamingDataflowPartition_1_MVAU_hls_0/StreamingDataflowPartition_1_MVAU_hls_0/inst/grp_Matrix_Vector_Activate_Stream_Batch_fu_60/flow_control_loop_pipe_sequential_init_U/SR[0] was not replicated.
Resolution: phys_opt_design can be forced to replicate a net driver using the option -force_replication_on_nets <list of net objects>.
INFO: [Physopt 32-572] Net top_i/StreamingDataflowPartition_1/inst/StreamingDataflowPartition_1_MVAU_hls_0/StreamingDataflowPartition_1_MVAU_hls_0/inst/grp_Matrix_Vector_Activate_Stream_Batch_fu_60/sf_fu_1652_reg[0]_rep__1_n_3 was not replicated.
Resolution: phys_opt_design can be forced to replicate a net driver using the option -force_replication_on_nets <list of net objects>.
INFO: [Physopt 32-572] Net top_i/StreamingDataflowPartition_1/inst/StreamingDataflowPartition_1_MVAU_hls_0/StreamingDataflowPartition_1_MVAU_hls_0/inst/grp_Matrix_Vector_Activate_Stream_Batch_fu_60/sf_fu_1652_reg_n_3_[1] was not replicated.
Resolution: phys_opt_design can be forced to replicate a net driver using the option -force_replication_on_nets <list of net objects>.
INFO: [Physopt 32-572] Net top_i/StreamingDataflowPartition_1/inst/StreamingDataflowPartition_1_MVAU_hls_0/StreamingDataflowPartition_1_MVAU_hls_0/inst/grp_Matrix_Vector_Activate_Stream_Batch_fu_60/sf_fu_1652_reg_n_3_[2] was not replicated.
Resolution: phys_opt_design can be forced to replicate a net driver using the option -force_replication_on_nets <list of net objects>.
INFO: [Physopt 32-572] Net top_i/StreamingDataflowPartition_1/inst/StreamingDataflowPartition_1_MVAU_hls_0/StreamingDataflowPartition_1_MVAU_hls_0/inst/grp_Matrix_Vector_Activate_Stream_Batch_fu_60/flow_control_loop_pipe_sequential_init_U/sf_fu_1652_reg[1]_48 was not replicated.
Resolution: phys_opt_design can be forced to replicate a net driver using the option -force_replication_on_nets <list of net objects>.
INFO: [Physopt 32-572] Net top_i/StreamingDataflowPartition_1/inst/StreamingDataflowPartition_1_MVAU_hls_0/StreamingDataflowPartition_1_MVAU_hls_0/inst/grp_Matrix_Vector_Activate_Stream_Batch_fu_60/flow_control_loop_pipe_sequential_init_U/sf_fu_1652_reg[9][4] was not replicated.
Resolution: phys_opt_design can be forced to replicate a net driver using the option -force_replication_on_nets <list of net objects>.
INFO: [Physopt 32-572] Net top_i/StreamingDataflowPartition_1/inst/StreamingDataflowPartition_1_MVAU_hls_0/StreamingDataflowPartition_1_MVAU_hls_0/inst/grp_Matrix_Vector_Activate_Stream_Batch_fu_60/sf_fu_1652_reg_n_3_[5] was not replicated.
Resolution: phys_opt_design can be forced to replicate a net driver using the option -force_replication_on_nets <list of net objects>.
INFO: [Physopt 32-81] Processed net top_i/StreamingDataflowPartition_1/inst/StreamingDataflowPartition_1_MVAU_hls_0/StreamingDataflowPartition_1_MVAU_hls_0/inst/grp_Matrix_Vector_Activate_Stream_Batch_fu_60/flow_control_loop_pipe_sequential_init_U/ap_loop_init_int_reg_rep__3_n_3. Replicated 3 times.
INFO: [Physopt 32-81] Processed net top_i/StreamingDataflowPartition_1/inst/StreamingDataflowPartition_1_MVAU_hls_0/StreamingDataflowPartition_1_MVAU_hls_0/inst/grp_Matrix_Vector_Activate_Stream_Batch_fu_60/flow_control_loop_pipe_sequential_init_U/sf_fu_1652_reg[2]_127. Replicated 4 times.
INFO: [Physopt 32-572] Net top_i/StreamingDataflowPartition_1/inst/StreamingDataflowPartition_1_MVAU_hls_0/StreamingDataflowPartition_1_MVAU_hls_0/inst/grp_Matrix_Vector_Activate_Stream_Batch_fu_60/flow_control_loop_pipe_sequential_init_U/sf_fu_1652_reg[9][5] was not replicated.
Resolution: phys_opt_design can be forced to replicate a net driver using the option -force_replication_on_nets <list of net objects>.
INFO: [Physopt 32-572] Net top_i/StreamingDataflowPartition_1/inst/StreamingDataflowPartition_1_MVAU_hls_0/StreamingDataflowPartition_1_MVAU_hls_0/inst/grp_Matrix_Vector_Activate_Stream_Batch_fu_60/sf_fu_1652_reg_n_3_[6] was not replicated.
Resolution: phys_opt_design can be forced to replicate a net driver using the option -force_replication_on_nets <list of net objects>.
INFO: [Physopt 32-232] Optimized 2 nets. Created 7 new instances.
INFO: [Physopt 32-775] End 1 Pass. Optimized 2 nets or cells. Created 7 new cells, deleted 0 existing cell and moved 0 existing cell
INFO: [Physopt 32-619] Estimated Timing Summary | WNS=-1.851 | TNS=-8587.703 |
Netlist sorting complete. Time (s): cpu = 00:00:00.13 ; elapsed = 00:00:00.13 . Memory (MB): peak = 3620.988 ; gain = 0.000 ; free physical = 3197 ; free virtual = 12067
Phase 3 Fanout Optimization | Checksum: ea45ea76

Time (s): cpu = 00:02:16 ; elapsed = 00:00:36 . Memory (MB): peak = 3620.988 ; gain = 0.000 ; free physical = 3239 ; free virtual = 12071

Phase 4 Single Cell Placement Optimization
INFO: [Physopt 32-660] Identified 250 candidate nets for placement-based optimization.
INFO: [Physopt 32-662] Processed net top_i/StreamingDataflowPartition_1/inst/StreamingDataflowPartition_1_MVAU_hls_0/StreamingDataflowPartition_1_MVAU_hls_0/inst/grp_Matrix_Vector_Activate_Stream_Batch_fu_60/flow_control_loop_pipe_sequential_init_U/sf_fu_1652_reg[0]_rep__1_3.  Did not re-place instance top_i/StreamingDataflowPartition_1/inst/StreamingDataflowPartition_1_MVAU_hls_0/StreamingDataflowPartition_1_MVAU_hls_0/inst/grp_Matrix_Vector_Activate_Stream_Batch_fu_60/flow_control_loop_pipe_sequential_init_U/sf_fu_1652[4]_i_2
INFO: [Physopt 32-662] Processed net top_i/StreamingDataflowPartition_1/inst/StreamingDataflowPartition_1_MVAU_hls_0/StreamingDataflowPartition_1_MVAU_hls_0/inst/grp_Matrix_Vector_Activate_Stream_Batch_fu_60/flow_control_loop_pipe_sequential_init_U/nf_1_fu_4800.  Did not re-place instance top_i/StreamingDataflowPartition_1/inst/StreamingDataflowPartition_1_MVAU_hls_0/StreamingDataflowPartition_1_MVAU_hls_0/inst/grp_Matrix_Vector_Activate_Stream_Batch_fu_60/flow_control_loop_pipe_sequential_init_U/sf_fu_1652[31]_i_1
INFO: [Physopt 32-662] Processed net top_i/StreamingDataflowPartition_1/inst/StreamingDataflowPartition_1_MVAU_hls_0/StreamingDataflowPartition_1_MVAU_hls_0/inst/grp_Matrix_Vector_Activate_Stream_Batch_fu_60/flow_control_loop_pipe_sequential_init_U/SR[0].  Did not re-place instance top_i/StreamingDataflowPartition_1/inst/StreamingDataflowPartition_1_MVAU_hls_0/StreamingDataflowPartition_1_MVAU_hls_0/inst/grp_Matrix_Vector_Activate_Stream_Batch_fu_60/flow_control_loop_pipe_sequential_init_U/nf_1_fu_4800[31]_i_1
INFO: [Physopt 32-662] Processed net top_i/StreamingDataflowPartition_1/inst/StreamingDataflowPartition_1_MVAU_hls_0/StreamingDataflowPartition_1_MVAU_hls_0/inst/grp_Matrix_Vector_Activate_Stream_Batch_fu_60/sf_fu_1652_reg[0]_rep__1_n_3.  Did not re-place instance top_i/StreamingDataflowPartition_1/inst/StreamingDataflowPartition_1_MVAU_hls_0/StreamingDataflowPartition_1_MVAU_hls_0/inst/grp_Matrix_Vector_Activate_Stream_Batch_fu_60/sf_fu_1652_reg[0]_rep__1
INFO: [Physopt 32-662] Processed net top_i/StreamingDataflowPartition_1/inst/StreamingDataflowPartition_1_MVAU_hls_0/StreamingDataflowPartition_1_MVAU_hls_0/inst/grp_Matrix_Vector_Activate_Stream_Batch_fu_60/flow_control_loop_pipe_sequential_init_U/sf_fu_1652[31]_i_4_n_3.  Did not re-place instance top_i/StreamingDataflowPartition_1/inst/StreamingDataflowPartition_1_MVAU_hls_0/StreamingDataflowPartition_1_MVAU_hls_0/inst/grp_Matrix_Vector_Activate_Stream_Batch_fu_60/flow_control_loop_pipe_sequential_init_U/sf_fu_1652[31]_i_4
INFO: [Physopt 32-663] Processed net top_i/StreamingDataflowPartition_1/inst/StreamingDataflowPartition_1_MVAU_hls_0/StreamingDataflowPartition_1_MVAU_hls_0/inst/grp_Matrix_Vector_Activate_Stream_Batch_fu_60/nf_1_fu_4800_reg_n_3_[10].  Re-placed instance top_i/StreamingDataflowPartition_1/inst/StreamingDataflowPartition_1_MVAU_hls_0/StreamingDataflowPartition_1_MVAU_hls_0/inst/grp_Matrix_Vector_Activate_Stream_Batch_fu_60/nf_1_fu_4800_reg[10]
INFO: [Physopt 32-663] Processed net top_i/StreamingDataflowPartition_1/inst/StreamingDataflowPartition_1_MVAU_hls_0/StreamingDataflowPartition_1_MVAU_hls_0/inst/grp_Matrix_Vector_Activate_Stream_Batch_fu_60/nf_1_fu_4800_reg_n_3_[11].  Re-placed instance top_i/StreamingDataflowPartition_1/inst/StreamingDataflowPartition_1_MVAU_hls_0/StreamingDataflowPartition_1_MVAU_hls_0/inst/grp_Matrix_Vector_Activate_Stream_Batch_fu_60/nf_1_fu_4800_reg[11]
INFO: [Physopt 32-663] Processed net top_i/StreamingDataflowPartition_1/inst/StreamingDataflowPartition_1_MVAU_hls_0/StreamingDataflowPartition_1_MVAU_hls_0/inst/grp_Matrix_Vector_Activate_Stream_Batch_fu_60/nf_1_fu_4800_reg_n_3_[12].  Re-placed instance top_i/StreamingDataflowPartition_1/inst/StreamingDataflowPartition_1_MVAU_hls_0/StreamingDataflowPartition_1_MVAU_hls_0/inst/grp_Matrix_Vector_Activate_Stream_Batch_fu_60/nf_1_fu_4800_reg[12]
INFO: [Physopt 32-662] Processed net top_i/StreamingDataflowPartition_1/inst/StreamingDataflowPartition_1_MVAU_hls_0/StreamingDataflowPartition_1_MVAU_hls_0/inst/grp_Matrix_Vector_Activate_Stream_Batch_fu_60/nf_1_fu_4800_reg_n_3_[13].  Did not re-place instance top_i/StreamingDataflowPartition_1/inst/StreamingDataflowPartition_1_MVAU_hls_0/StreamingDataflowPartition_1_MVAU_hls_0/inst/grp_Matrix_Vector_Activate_Stream_Batch_fu_60/nf_1_fu_4800_reg[13]
INFO: [Physopt 32-662] Processed net top_i/StreamingDataflowPartition_1/inst/StreamingDataflowPartition_1_MVAU_hls_0/StreamingDataflowPartition_1_MVAU_hls_0/inst/grp_Matrix_Vector_Activate_Stream_Batch_fu_60/nf_1_fu_4800_reg_n_3_[14].  Did not re-place instance top_i/StreamingDataflowPartition_1/inst/StreamingDataflowPartition_1_MVAU_hls_0/StreamingDataflowPartition_1_MVAU_hls_0/inst/grp_Matrix_Vector_Activate_Stream_Batch_fu_60/nf_1_fu_4800_reg[14]
INFO: [Physopt 32-662] Processed net top_i/StreamingDataflowPartition_1/inst/StreamingDataflowPartition_1_MVAU_hls_0/StreamingDataflowPartition_1_MVAU_hls_0/inst/grp_Matrix_Vector_Activate_Stream_Batch_fu_60/nf_1_fu_4800_reg_n_3_[15].  Did not re-place instance top_i/StreamingDataflowPartition_1/inst/StreamingDataflowPartition_1_MVAU_hls_0/StreamingDataflowPartition_1_MVAU_hls_0/inst/grp_Matrix_Vector_Activate_Stream_Batch_fu_60/nf_1_fu_4800_reg[15]
INFO: [Physopt 32-662] Processed net top_i/StreamingDataflowPartition_1/inst/StreamingDataflowPartition_1_MVAU_hls_0/StreamingDataflowPartition_1_MVAU_hls_0/inst/grp_Matrix_Vector_Activate_Stream_Batch_fu_60/nf_1_fu_4800_reg_n_3_[16].  Did not re-place instance top_i/StreamingDataflowPartition_1/inst/StreamingDataflowPartition_1_MVAU_hls_0/StreamingDataflowPartition_1_MVAU_hls_0/inst/grp_Matrix_Vector_Activate_Stream_Batch_fu_60/nf_1_fu_4800_reg[16]
INFO: [Physopt 32-662] Processed net top_i/StreamingDataflowPartition_1/inst/StreamingDataflowPartition_1_MVAU_hls_0/StreamingDataflowPartition_1_MVAU_hls_0/inst/grp_Matrix_Vector_Activate_Stream_Batch_fu_60/flow_control_loop_pipe_sequential_init_U/sf_fu_1652[31]_i_11_n_3.  Did not re-place instance top_i/StreamingDataflowPartition_1/inst/StreamingDataflowPartition_1_MVAU_hls_0/StreamingDataflowPartition_1_MVAU_hls_0/inst/grp_Matrix_Vector_Activate_Stream_Batch_fu_60/flow_control_loop_pipe_sequential_init_U/sf_fu_1652[31]_i_11
INFO: [Physopt 32-662] Processed net top_i/StreamingDataflowPartition_1/inst/StreamingDataflowPartition_1_MVAU_hls_0/StreamingDataflowPartition_1_MVAU_hls_0/inst/grp_Matrix_Vector_Activate_Stream_Batch_fu_60/nf_1_fu_4800_reg_n_3_[1].  Did not re-place instance top_i/StreamingDataflowPartition_1/inst/StreamingDataflowPartition_1_MVAU_hls_0/StreamingDataflowPartition_1_MVAU_hls_0/inst/grp_Matrix_Vector_Activate_Stream_Batch_fu_60/nf_1_fu_4800_reg[1]
INFO: [Physopt 32-662] Processed net top_i/StreamingDataflowPartition_1/inst/StreamingDataflowPartition_1_MVAU_hls_0/StreamingDataflowPartition_1_MVAU_hls_0/inst/grp_Matrix_Vector_Activate_Stream_Batch_fu_60/nf_1_fu_4800_reg_n_3_[5].  Did not re-place instance top_i/StreamingDataflowPartition_1/inst/StreamingDataflowPartition_1_MVAU_hls_0/StreamingDataflowPartition_1_MVAU_hls_0/inst/grp_Matrix_Vector_Activate_Stream_Batch_fu_60/nf_1_fu_4800_reg[5]
INFO: [Physopt 32-662] Processed net top_i/StreamingDataflowPartition_1/inst/StreamingDataflowPartition_1_MVAU_hls_0/StreamingDataflowPartition_1_MVAU_hls_0/inst/grp_Matrix_Vector_Activate_Stream_Batch_fu_60/nf_1_fu_4800_reg_n_3_[6].  Did not re-place instance top_i/StreamingDataflowPartition_1/inst/StreamingDataflowPartition_1_MVAU_hls_0/StreamingDataflowPartition_1_MVAU_hls_0/inst/grp_Matrix_Vector_Activate_Stream_Batch_fu_60/nf_1_fu_4800_reg[6]
INFO: [Physopt 32-662] Processed net top_i/StreamingDataflowPartition_1/inst/StreamingDataflowPartition_1_MVAU_hls_0/StreamingDataflowPartition_1_MVAU_hls_0/inst/grp_Matrix_Vector_Activate_Stream_Batch_fu_60/nf_1_fu_4800_reg_n_3_[8].  Did not re-place instance top_i/StreamingDataflowPartition_1/inst/StreamingDataflowPartition_1_MVAU_hls_0/StreamingDataflowPartition_1_MVAU_hls_0/inst/grp_Matrix_Vector_Activate_Stream_Batch_fu_60/nf_1_fu_4800_reg[8]
INFO: [Physopt 32-662] Processed net top_i/StreamingDataflowPartition_1/inst/StreamingDataflowPartition_1_MVAU_hls_0/StreamingDataflowPartition_1_MVAU_hls_0/inst/grp_Matrix_Vector_Activate_Stream_Batch_fu_60/nf_1_fu_4800_reg_n_3_[9].  Did not re-place instance top_i/StreamingDataflowPartition_1/inst/StreamingDataflowPartition_1_MVAU_hls_0/StreamingDataflowPartition_1_MVAU_hls_0/inst/grp_Matrix_Vector_Activate_Stream_Batch_fu_60/nf_1_fu_4800_reg[9]
INFO: [Physopt 32-662] Processed net top_i/StreamingDataflowPartition_1/inst/StreamingDataflowPartition_1_MVAU_hls_0/StreamingDataflowPartition_1_MVAU_hls_0/inst/grp_Matrix_Vector_Activate_Stream_Batch_fu_60/sf_fu_1652_reg_n_3_[1].  Did not re-place instance top_i/StreamingDataflowPartition_1/inst/StreamingDataflowPartition_1_MVAU_hls_0/StreamingDataflowPartition_1_MVAU_hls_0/inst/grp_Matrix_Vector_Activate_Stream_Batch_fu_60/sf_fu_1652_reg[1]
INFO: [Physopt 32-662] Processed net top_i/StreamingDataflowPartition_1/inst/StreamingDataflowPartition_1_MVAU_hls_0/StreamingDataflowPartition_1_MVAU_hls_0/inst/grp_Matrix_Vector_Activate_Stream_Batch_fu_60/flow_control_loop_pipe_sequential_init_U/sf_fu_1652[4]_i_6_n_3.  Did not re-place instance top_i/StreamingDataflowPartition_1/inst/StreamingDataflowPartition_1_MVAU_hls_0/StreamingDataflowPartition_1_MVAU_hls_0/inst/grp_Matrix_Vector_Activate_Stream_Batch_fu_60/flow_control_loop_pipe_sequential_init_U/sf_fu_1652[4]_i_6
INFO: [Physopt 32-662] Processed net top_i/StreamingDataflowPartition_1/inst/StreamingDataflowPartition_1_MVAU_hls_0/StreamingDataflowPartition_1_MVAU_hls_0/inst/grp_Matrix_Vector_Activate_Stream_Batch_fu_60/sf_fu_1652_reg_n_3_[2].  Did not re-place instance top_i/StreamingDataflowPartition_1/inst/StreamingDataflowPartition_1_MVAU_hls_0/StreamingDataflowPartition_1_MVAU_hls_0/inst/grp_Matrix_Vector_Activate_Stream_Batch_fu_60/sf_fu_1652_reg[2]
INFO: [Physopt 32-662] Processed net top_i/StreamingDataflowPartition_1/inst/StreamingDataflowPartition_1_MVAU_hls_0/StreamingDataflowPartition_1_MVAU_hls_0/inst/grp_Matrix_Vector_Activate_Stream_Batch_fu_60/flow_control_loop_pipe_sequential_init_U/sf_fu_1652[4]_i_5_n_3.  Did not re-place instance top_i/StreamingDataflowPartition_1/inst/StreamingDataflowPartition_1_MVAU_hls_0/StreamingDataflowPartition_1_MVAU_hls_0/inst/grp_Matrix_Vector_Activate_Stream_Batch_fu_60/flow_control_loop_pipe_sequential_init_U/sf_fu_1652[4]_i_5
INFO: [Physopt 32-662] Processed net top_i/StreamingDataflowPartition_1/inst/StreamingDataflowPartition_1_MVAU_hls_0/StreamingDataflowPartition_1_MVAU_hls_0/inst/grp_Matrix_Vector_Activate_Stream_Batch_fu_60/nf_1_fu_4800_reg_n_3_[17].  Did not re-place instance top_i/StreamingDataflowPartition_1/inst/StreamingDataflowPartition_1_MVAU_hls_0/StreamingDataflowPartition_1_MVAU_hls_0/inst/grp_Matrix_Vector_Activate_Stream_Batch_fu_60/nf_1_fu_4800_reg[17]
INFO: [Physopt 32-662] Processed net top_i/StreamingDataflowPartition_1/inst/StreamingDataflowPartition_1_MVAU_hls_0/StreamingDataflowPartition_1_MVAU_hls_0/inst/grp_Matrix_Vector_Activate_Stream_Batch_fu_60/nf_1_fu_4800_reg_n_3_[18].  Did not re-place instance top_i/StreamingDataflowPartition_1/inst/StreamingDataflowPartition_1_MVAU_hls_0/StreamingDataflowPartition_1_MVAU_hls_0/inst/grp_Matrix_Vector_Activate_Stream_Batch_fu_60/nf_1_fu_4800_reg[18]
INFO: [Physopt 32-662] Processed net top_i/StreamingDataflowPartition_1/inst/StreamingDataflowPartition_1_MVAU_hls_0/StreamingDataflowPartition_1_MVAU_hls_0/inst/grp_Matrix_Vector_Activate_Stream_Batch_fu_60/nf_1_fu_4800_reg_n_3_[19].  Did not re-place instance top_i/StreamingDataflowPartition_1/inst/StreamingDataflowPartition_1_MVAU_hls_0/StreamingDataflowPartition_1_MVAU_hls_0/inst/grp_Matrix_Vector_Activate_Stream_Batch_fu_60/nf_1_fu_4800_reg[19]
INFO: [Physopt 32-662] Processed net top_i/StreamingDataflowPartition_1/inst/StreamingDataflowPartition_1_MVAU_hls_0/StreamingDataflowPartition_1_MVAU_hls_0/inst/grp_Matrix_Vector_Activate_Stream_Batch_fu_60/nf_1_fu_4800_reg_n_3_[20].  Did not re-place instance top_i/StreamingDataflowPartition_1/inst/StreamingDataflowPartition_1_MVAU_hls_0/StreamingDataflowPartition_1_MVAU_hls_0/inst/grp_Matrix_Vector_Activate_Stream_Batch_fu_60/nf_1_fu_4800_reg[20]
INFO: [Physopt 32-662] Processed net top_i/StreamingDataflowPartition_1/inst/StreamingDataflowPartition_1_MVAU_hls_0/StreamingDataflowPartition_1_MVAU_hls_0/inst/grp_Matrix_Vector_Activate_Stream_Batch_fu_60/nf_1_fu_4800_reg_n_3_[0].  Did not re-place instance top_i/StreamingDataflowPartition_1/inst/StreamingDataflowPartition_1_MVAU_hls_0/StreamingDataflowPartition_1_MVAU_hls_0/inst/grp_Matrix_Vector_Activate_Stream_Batch_fu_60/nf_1_fu_4800_reg[0]
INFO: [Physopt 32-662] Processed net top_i/StreamingDataflowPartition_1/inst/StreamingDataflowPartition_1_MVAU_hls_0/StreamingDataflowPartition_1_MVAU_hls_0/inst/grp_Matrix_Vector_Activate_Stream_Batch_fu_60/nf_1_fu_4800_reg_n_3_[7].  Did not re-place instance top_i/StreamingDataflowPartition_1/inst/StreamingDataflowPartition_1_MVAU_hls_0/StreamingDataflowPartition_1_MVAU_hls_0/inst/grp_Matrix_Vector_Activate_Stream_Batch_fu_60/nf_1_fu_4800_reg[7]
INFO: [Physopt 32-662] Processed net top_i/StreamingDataflowPartition_1/inst/StreamingDataflowPartition_1_MVAU_hls_0/StreamingDataflowPartition_1_MVAU_hls_0/inst/grp_Matrix_Vector_Activate_Stream_Batch_fu_60/flow_control_loop_pipe_sequential_init_U/icmp_ln290_fu_14505_p2.  Did not re-place instance top_i/StreamingDataflowPartition_1/inst/StreamingDataflowPartition_1_MVAU_hls_0/StreamingDataflowPartition_1_MVAU_hls_0/inst/grp_Matrix_Vector_Activate_Stream_Batch_fu_60/flow_control_loop_pipe_sequential_init_U/icmp_ln290_reg_19761[0]_i_1
INFO: [Physopt 32-662] Processed net top_i/StreamingDataflowPartition_1/inst/StreamingDataflowPartition_1_MVAU_hls_0/StreamingDataflowPartition_1_MVAU_hls_0/inst/grp_Matrix_Vector_Activate_Stream_Batch_fu_60/flow_control_loop_pipe_sequential_init_U/sf_fu_1652_reg[1]_48.  Did not re-place instance top_i/StreamingDataflowPartition_1/inst/StreamingDataflowPartition_1_MVAU_hls_0/StreamingDataflowPartition_1_MVAU_hls_0/inst/grp_Matrix_Vector_Activate_Stream_Batch_fu_60/flow_control_loop_pipe_sequential_init_U/inputBuf_768_fu_4736[7]_i_2
INFO: [Physopt 32-662] Processed net top_i/StreamingDataflowPartition_1/inst/StreamingDataflowPartition_1_MVAU_hls_0/StreamingDataflowPartition_1_MVAU_hls_0/inst/grp_Matrix_Vector_Activate_Stream_Batch_fu_60/sparsemux_1569_10_8_1_1_U1/D[5].  Did not re-place instance top_i/StreamingDataflowPartition_1/inst/StreamingDataflowPartition_1_MVAU_hls_0/StreamingDataflowPartition_1_MVAU_hls_0/inst/grp_Matrix_Vector_Activate_Stream_Batch_fu_60/sparsemux_1569_10_8_1_1_U1/tmp_reg_19741[5]_i_1
INFO: [Physopt 32-662] Processed net top_i/StreamingDataflowPartition_1/inst/StreamingDataflowPartition_1_MVAU_hls_0/StreamingDataflowPartition_1_MVAU_hls_0/inst/grp_Matrix_Vector_Activate_Stream_Batch_fu_60/sparsemux_1569_10_8_1_1_U1/tmp_reg_19741[5]_i_26_n_3.  Did not re-place instance top_i/StreamingDataflowPartition_1/inst/StreamingDataflowPartition_1_MVAU_hls_0/StreamingDataflowPartition_1_MVAU_hls_0/inst/grp_Matrix_Vector_Activate_Stream_Batch_fu_60/sparsemux_1569_10_8_1_1_U1/tmp_reg_19741[5]_i_26
INFO: [Physopt 32-662] Processed net top_i/StreamingDataflowPartition_1/inst/StreamingDataflowPartition_1_MVAU_hls_0/StreamingDataflowPartition_1_MVAU_hls_0/inst/grp_Matrix_Vector_Activate_Stream_Batch_fu_60/sparsemux_1569_10_8_1_1_U1/tmp_reg_19741[5]_i_352_n_3.  Did not re-place instance top_i/StreamingDataflowPartition_1/inst/StreamingDataflowPartition_1_MVAU_hls_0/StreamingDataflowPartition_1_MVAU_hls_0/inst/grp_Matrix_Vector_Activate_Stream_Batch_fu_60/sparsemux_1569_10_8_1_1_U1/tmp_reg_19741[5]_i_352
INFO: [Physopt 32-662] Processed net top_i/StreamingDataflowPartition_1/inst/StreamingDataflowPartition_1_MVAU_hls_0/StreamingDataflowPartition_1_MVAU_hls_0/inst/grp_Matrix_Vector_Activate_Stream_Batch_fu_60/tmp_reg_19741[5].  Did not re-place instance top_i/StreamingDataflowPartition_1/inst/StreamingDataflowPartition_1_MVAU_hls_0/StreamingDataflowPartition_1_MVAU_hls_0/inst/grp_Matrix_Vector_Activate_Stream_Batch_fu_60/tmp_reg_19741_reg[5]
INFO: [Physopt 32-662] Processed net top_i/StreamingDataflowPartition_1/inst/StreamingDataflowPartition_1_MVAU_hls_0/StreamingDataflowPartition_1_MVAU_hls_0/inst/grp_Matrix_Vector_Activate_Stream_Batch_fu_60/flow_control_loop_pipe_sequential_init_U/sf_fu_1652_reg[9][4].  Did not re-place instance top_i/StreamingDataflowPartition_1/inst/StreamingDataflowPartition_1_MVAU_hls_0/StreamingDataflowPartition_1_MVAU_hls_0/inst/grp_Matrix_Vector_Activate_Stream_Batch_fu_60/flow_control_loop_pipe_sequential_init_U/inputBuf_16_fu_1728[7]_i_5
INFO: [Physopt 32-662] Processed net top_i/StreamingDataflowPartition_1/inst/StreamingDataflowPartition_1_MVAU_hls_0/StreamingDataflowPartition_1_MVAU_hls_0/inst/grp_Matrix_Vector_Activate_Stream_Batch_fu_60/sf_fu_1652_reg_n_3_[5].  Did not re-place instance top_i/StreamingDataflowPartition_1/inst/StreamingDataflowPartition_1_MVAU_hls_0/StreamingDataflowPartition_1_MVAU_hls_0/inst/grp_Matrix_Vector_Activate_Stream_Batch_fu_60/sf_fu_1652_reg[5]
INFO: [Physopt 32-662] Processed net top_i/StreamingDataflowPartition_1/inst/StreamingDataflowPartition_1_MVAU_hls_0/StreamingDataflowPartition_1_MVAU_hls_0/inst/grp_Matrix_Vector_Activate_Stream_Batch_fu_60/flow_control_loop_pipe_sequential_init_U/inputBuf_783_fu_4796[7]_i_7_0[0].  Did not re-place instance top_i/StreamingDataflowPartition_1/inst/StreamingDataflowPartition_1_MVAU_hls_0/StreamingDataflowPartition_1_MVAU_hls_0/inst/grp_Matrix_Vector_Activate_Stream_Batch_fu_60/flow_control_loop_pipe_sequential_init_U/inputBuf_783_fu_4796[7]_i_1
INFO: [Physopt 32-662] Processed net top_i/StreamingDataflowPartition_1/inst/StreamingDataflowPartition_1_MVAU_hls_0/StreamingDataflowPartition_1_MVAU_hls_0/inst/grp_Matrix_Vector_Activate_Stream_Batch_fu_60/flow_control_loop_pipe_sequential_init_U/inputBuf_400_fu_3264[7]_i_2_n_3.  Did not re-place instance top_i/StreamingDataflowPartition_1/inst/StreamingDataflowPartition_1_MVAU_hls_0/StreamingDataflowPartition_1_MVAU_hls_0/inst/grp_Matrix_Vector_Activate_Stream_Batch_fu_60/flow_control_loop_pipe_sequential_init_U/inputBuf_400_fu_3264[7]_i_2
INFO: [Physopt 32-662] Processed net top_i/StreamingDataflowPartition_1/inst/StreamingDataflowPartition_1_MVAU_hls_0/StreamingDataflowPartition_1_MVAU_hls_0/inst/grp_Matrix_Vector_Activate_Stream_Batch_fu_60/flow_control_loop_pipe_sequential_init_U/inputBuf_783_fu_4796[7]_i_2_n_3.  Did not re-place instance top_i/StreamingDataflowPartition_1/inst/StreamingDataflowPartition_1_MVAU_hls_0/StreamingDataflowPartition_1_MVAU_hls_0/inst/grp_Matrix_Vector_Activate_Stream_Batch_fu_60/flow_control_loop_pipe_sequential_init_U/inputBuf_783_fu_4796[7]_i_2
INFO: [Physopt 32-662] Processed net top_i/StreamingDataflowPartition_1/inst/StreamingDataflowPartition_1_MVAU_hls_0/StreamingDataflowPartition_1_MVAU_hls_0/inst/grp_Matrix_Vector_Activate_Stream_Batch_fu_60/flow_control_loop_pipe_sequential_init_U/inputBuf_783_fu_4796[7]_i_44_n_3.  Did not re-place instance top_i/StreamingDataflowPartition_1/inst/StreamingDataflowPartition_1_MVAU_hls_0/StreamingDataflowPartition_1_MVAU_hls_0/inst/grp_Matrix_Vector_Activate_Stream_Batch_fu_60/flow_control_loop_pipe_sequential_init_U/inputBuf_783_fu_4796[7]_i_44
INFO: [Physopt 32-662] Processed net top_i/StreamingDataflowPartition_1/inst/StreamingDataflowPartition_1_MVAU_hls_0/StreamingDataflowPartition_1_MVAU_hls_0/inst/grp_Matrix_Vector_Activate_Stream_Batch_fu_60/flow_control_loop_pipe_sequential_init_U/inputBuf_783_fu_4796[7]_i_8_n_3.  Did not re-place instance top_i/StreamingDataflowPartition_1/inst/StreamingDataflowPartition_1_MVAU_hls_0/StreamingDataflowPartition_1_MVAU_hls_0/inst/grp_Matrix_Vector_Activate_Stream_Batch_fu_60/flow_control_loop_pipe_sequential_init_U/inputBuf_783_fu_4796[7]_i_8
INFO: [Physopt 32-662] Processed net top_i/StreamingDataflowPartition_1/inst/StreamingDataflowPartition_1_MVAU_hls_0/StreamingDataflowPartition_1_MVAU_hls_0/inst/grp_Matrix_Vector_Activate_Stream_Batch_fu_60/inputBuf_783_fu_4796[3].  Did not re-place instance top_i/StreamingDataflowPartition_1/inst/StreamingDataflowPartition_1_MVAU_hls_0/StreamingDataflowPartition_1_MVAU_hls_0/inst/grp_Matrix_Vector_Activate_Stream_Batch_fu_60/inputBuf_783_fu_4796_reg[3]
INFO: [Physopt 32-662] Processed net top_i/StreamingDataflowPartition_1/inst/StreamingDataflowPartition_1_MVAU_hls_0/StreamingDataflowPartition_1_MVAU_hls_0/inst/grp_Matrix_Vector_Activate_Stream_Batch_fu_60/inputBuf_783_fu_4796[5].  Did not re-place instance top_i/StreamingDataflowPartition_1/inst/StreamingDataflowPartition_1_MVAU_hls_0/StreamingDataflowPartition_1_MVAU_hls_0/inst/grp_Matrix_Vector_Activate_Stream_Batch_fu_60/inputBuf_783_fu_4796_reg[5]
INFO: [Physopt 32-662] Processed net top_i/StreamingDataflowPartition_1/inst/StreamingDataflowPartition_1_MVAU_hls_0/StreamingDataflowPartition_1_MVAU_hls_0/inst/grp_Matrix_Vector_Activate_Stream_Batch_fu_60/inputBuf_783_fu_4796[7].  Did not re-place instance top_i/StreamingDataflowPartition_1/inst/StreamingDataflowPartition_1_MVAU_hls_0/StreamingDataflowPartition_1_MVAU_hls_0/inst/grp_Matrix_Vector_Activate_Stream_Batch_fu_60/inputBuf_783_fu_4796_reg[7]
INFO: [Physopt 32-662] Processed net top_i/StreamingDataflowPartition_1/inst/StreamingDataflowPartition_1_MVAU_hls_0/StreamingDataflowPartition_1_MVAU_hls_0/inst/grp_Matrix_Vector_Activate_Stream_Batch_fu_60/sparsemux_1569_10_8_1_1_U1/tmp_reg_19741[5]_i_351_n_3.  Did not re-place instance top_i/StreamingDataflowPartition_1/inst/StreamingDataflowPartition_1_MVAU_hls_0/StreamingDataflowPartition_1_MVAU_hls_0/inst/grp_Matrix_Vector_Activate_Stream_Batch_fu_60/sparsemux_1569_10_8_1_1_U1/tmp_reg_19741[5]_i_351
INFO: [Physopt 32-662] Processed net top_i/StreamingDataflowPartition_1/inst/StreamingDataflowPartition_1_MVAU_hls_0/StreamingDataflowPartition_1_MVAU_hls_0/inst/grp_Matrix_Vector_Activate_Stream_Batch_fu_60/flow_control_loop_pipe_sequential_init_U/sf_fu_1652_reg[9][5].  Did not re-place instance top_i/StreamingDataflowPartition_1/inst/StreamingDataflowPartition_1_MVAU_hls_0/StreamingDataflowPartition_1_MVAU_hls_0/inst/grp_Matrix_Vector_Activate_Stream_Batch_fu_60/flow_control_loop_pipe_sequential_init_U/inputBuf_16_fu_1728[7]_i_6
INFO: [Physopt 32-662] Processed net top_i/StreamingDataflowPartition_1/inst/StreamingDataflowPartition_1_MVAU_hls_0/StreamingDataflowPartition_1_MVAU_hls_0/inst/grp_Matrix_Vector_Activate_Stream_Batch_fu_60/sf_fu_1652_reg_n_3_[6].  Did not re-place instance top_i/StreamingDataflowPartition_1/inst/StreamingDataflowPartition_1_MVAU_hls_0/StreamingDataflowPartition_1_MVAU_hls_0/inst/grp_Matrix_Vector_Activate_Stream_Batch_fu_60/sf_fu_1652_reg[6]
INFO: [Physopt 32-663] Processed net top_i/StreamingDataflowPartition_1/inst/StreamingDataflowPartition_1_MVAU_hls_0/StreamingDataflowPartition_1_MVAU_hls_0/inst/grp_Matrix_Vector_Activate_Stream_Batch_fu_60/flow_control_loop_pipe_sequential_init_U/inputBuf_512_fu_3712[7]_i_3_n_3.  Re-placed instance top_i/StreamingDataflowPartition_1/inst/StreamingDataflowPartition_1_MVAU_hls_0/StreamingDataflowPartition_1_MVAU_hls_0/inst/grp_Matrix_Vector_Activate_Stream_Batch_fu_60/flow_control_loop_pipe_sequential_init_U/inputBuf_512_fu_3712[7]_i_3
INFO: [Physopt 32-662] Processed net top_i/StreamingDataflowPartition_1/inst/StreamingDataflowPartition_1_MVAU_hls_0/StreamingDataflowPartition_1_MVAU_hls_0/inst/grp_Matrix_Vector_Activate_Stream_Batch_fu_60/flow_control_loop_pipe_sequential_init_U/inputBuf_783_fu_4796[7]_i_20_n_3.  Did not re-place instance top_i/StreamingDataflowPartition_1/inst/StreamingDataflowPartition_1_MVAU_hls_0/StreamingDataflowPartition_1_MVAU_hls_0/inst/grp_Matrix_Vector_Activate_Stream_Batch_fu_60/flow_control_loop_pipe_sequential_init_U/inputBuf_783_fu_4796[7]_i_20
INFO: [Physopt 32-662] Processed net top_i/StreamingDataflowPartition_1/inst/StreamingDataflowPartition_1_MVAU_hls_0/StreamingDataflowPartition_1_MVAU_hls_0/inst/grp_Matrix_Vector_Activate_Stream_Batch_fu_60/flow_control_loop_pipe_sequential_init_U/inputBuf_783_fu_4796[7]_i_4_n_3.  Did not re-place instance top_i/StreamingDataflowPartition_1/inst/StreamingDataflowPartition_1_MVAU_hls_0/StreamingDataflowPartition_1_MVAU_hls_0/inst/grp_Matrix_Vector_Activate_Stream_Batch_fu_60/flow_control_loop_pipe_sequential_init_U/inputBuf_783_fu_4796[7]_i_4
INFO: [Physopt 32-663] Processed net top_i/StreamingDataflowPartition_1/inst/StreamingDataflowPartition_1_MVAU_hls_0/StreamingDataflowPartition_1_MVAU_hls_0/inst/grp_Matrix_Vector_Activate_Stream_Batch_fu_60/flow_control_loop_pipe_sequential_init_U/inputBuf_783_fu_4796[7]_i_82_n_3.  Re-placed instance top_i/StreamingDataflowPartition_1/inst/StreamingDataflowPartition_1_MVAU_hls_0/StreamingDataflowPartition_1_MVAU_hls_0/inst/grp_Matrix_Vector_Activate_Stream_Batch_fu_60/flow_control_loop_pipe_sequential_init_U/inputBuf_783_fu_4796[7]_i_82
INFO: [Physopt 32-663] Processed net top_i/StreamingDataflowPartition_1/inst/StreamingDataflowPartition_1_MVAU_hls_0/StreamingDataflowPartition_1_MVAU_hls_0/inst/grp_Matrix_Vector_Activate_Stream_Batch_fu_60/flow_control_loop_pipe_sequential_init_U/sf_fu_1652_reg[0]_rep__1_9.  Re-placed instance top_i/StreamingDataflowPartition_1/inst/StreamingDataflowPartition_1_MVAU_hls_0/StreamingDataflowPartition_1_MVAU_hls_0/inst/grp_Matrix_Vector_Activate_Stream_Batch_fu_60/flow_control_loop_pipe_sequential_init_U/inputBuf_581_fu_3988[7]_i_2
INFO: [Physopt 32-663] Processed net top_i/StreamingDataflowPartition_1/inst/StreamingDataflowPartition_1_MVAU_hls_0/StreamingDataflowPartition_1_MVAU_hls_0/inst/grp_Matrix_Vector_Activate_Stream_Batch_fu_60/flow_control_loop_pipe_sequential_init_U/sf_fu_1652_reg[2]_131.  Re-placed instance top_i/StreamingDataflowPartition_1/inst/StreamingDataflowPartition_1_MVAU_hls_0/StreamingDataflowPartition_1_MVAU_hls_0/inst/grp_Matrix_Vector_Activate_Stream_Batch_fu_60/flow_control_loop_pipe_sequential_init_U/tmp_reg_19741[3]_i_288
INFO: [Physopt 32-662] Processed net top_i/StreamingDataflowPartition_1/inst/StreamingDataflowPartition_1_MVAU_hls_0/StreamingDataflowPartition_1_MVAU_hls_0/inst/grp_Matrix_Vector_Activate_Stream_Batch_fu_60/sparsemux_1569_10_8_1_1_U1/D[0].  Did not re-place instance top_i/StreamingDataflowPartition_1/inst/StreamingDataflowPartition_1_MVAU_hls_0/StreamingDataflowPartition_1_MVAU_hls_0/inst/grp_Matrix_Vector_Activate_Stream_Batch_fu_60/sparsemux_1569_10_8_1_1_U1/tmp_reg_19741[0]_i_1
INFO: [Physopt 32-662] Processed net top_i/StreamingDataflowPartition_1/inst/StreamingDataflowPartition_1_MVAU_hls_0/StreamingDataflowPartition_1_MVAU_hls_0/inst/grp_Matrix_Vector_Activate_Stream_Batch_fu_60/sparsemux_1569_10_8_1_1_U1/D[2].  Did not re-place instance top_i/StreamingDataflowPartition_1/inst/StreamingDataflowPartition_1_MVAU_hls_0/StreamingDataflowPartition_1_MVAU_hls_0/inst/grp_Matrix_Vector_Activate_Stream_Batch_fu_60/sparsemux_1569_10_8_1_1_U1/tmp_reg_19741[2]_i_1
INFO: [Physopt 32-662] Processed net top_i/StreamingDataflowPartition_1/inst/StreamingDataflowPartition_1_MVAU_hls_0/StreamingDataflowPartition_1_MVAU_hls_0/inst/grp_Matrix_Vector_Activate_Stream_Batch_fu_60/sparsemux_1569_10_8_1_1_U1/tmp_reg_19741[0]_i_16_n_3.  Did not re-place instance top_i/StreamingDataflowPartition_1/inst/StreamingDataflowPartition_1_MVAU_hls_0/StreamingDataflowPartition_1_MVAU_hls_0/inst/grp_Matrix_Vector_Activate_Stream_Batch_fu_60/sparsemux_1569_10_8_1_1_U1/tmp_reg_19741[0]_i_16
INFO: [Physopt 32-662] Processed net top_i/StreamingDataflowPartition_1/inst/StreamingDataflowPartition_1_MVAU_hls_0/StreamingDataflowPartition_1_MVAU_hls_0/inst/grp_Matrix_Vector_Activate_Stream_Batch_fu_60/sparsemux_1569_10_8_1_1_U1/tmp_reg_19741[0]_i_196_n_3.  Did not re-place instance top_i/StreamingDataflowPartition_1/inst/StreamingDataflowPartition_1_MVAU_hls_0/StreamingDataflowPartition_1_MVAU_hls_0/inst/grp_Matrix_Vector_Activate_Stream_Batch_fu_60/sparsemux_1569_10_8_1_1_U1/tmp_reg_19741[0]_i_196
INFO: [Physopt 32-662] Processed net top_i/StreamingDataflowPartition_1/inst/StreamingDataflowPartition_1_MVAU_hls_0/StreamingDataflowPartition_1_MVAU_hls_0/inst/grp_Matrix_Vector_Activate_Stream_Batch_fu_60/sparsemux_1569_10_8_1_1_U1/tmp_reg_19741[2]_i_20_n_3.  Did not re-place instance top_i/StreamingDataflowPartition_1/inst/StreamingDataflowPartition_1_MVAU_hls_0/StreamingDataflowPartition_1_MVAU_hls_0/inst/grp_Matrix_Vector_Activate_Stream_Batch_fu_60/sparsemux_1569_10_8_1_1_U1/tmp_reg_19741[2]_i_20
INFO: [Physopt 32-662] Processed net top_i/StreamingDataflowPartition_1/inst/StreamingDataflowPartition_1_MVAU_hls_0/StreamingDataflowPartition_1_MVAU_hls_0/inst/grp_Matrix_Vector_Activate_Stream_Batch_fu_60/tmp_reg_19741[0].  Did not re-place instance top_i/StreamingDataflowPartition_1/inst/StreamingDataflowPartition_1_MVAU_hls_0/StreamingDataflowPartition_1_MVAU_hls_0/inst/grp_Matrix_Vector_Activate_Stream_Batch_fu_60/tmp_reg_19741_reg[0]
INFO: [Physopt 32-662] Processed net top_i/StreamingDataflowPartition_1/inst/StreamingDataflowPartition_1_MVAU_hls_0/StreamingDataflowPartition_1_MVAU_hls_0/inst/grp_Matrix_Vector_Activate_Stream_Batch_fu_60/tmp_reg_19741[2].  Did not re-place instance top_i/StreamingDataflowPartition_1/inst/StreamingDataflowPartition_1_MVAU_hls_0/StreamingDataflowPartition_1_MVAU_hls_0/inst/grp_Matrix_Vector_Activate_Stream_Batch_fu_60/tmp_reg_19741_reg[2]
INFO: [Physopt 32-662] Processed net top_i/StreamingDataflowPartition_1/inst/StreamingDataflowPartition_1_MVAU_hls_0/StreamingDataflowPartition_1_MVAU_hls_0/inst/grp_Matrix_Vector_Activate_Stream_Batch_fu_60/sparsemux_1569_10_8_1_1_U1/tmp_reg_19741[0]_i_195_n_3.  Did not re-place instance top_i/StreamingDataflowPartition_1/inst/StreamingDataflowPartition_1_MVAU_hls_0/StreamingDataflowPartition_1_MVAU_hls_0/inst/grp_Matrix_Vector_Activate_Stream_Batch_fu_60/sparsemux_1569_10_8_1_1_U1/tmp_reg_19741[0]_i_195
INFO: [Physopt 32-663] Processed net top_i/StreamingDataflowPartition_1/inst/StreamingDataflowPartition_1_MVAU_hls_0/StreamingDataflowPartition_1_MVAU_hls_0/inst/grp_Matrix_Vector_Activate_Stream_Batch_fu_60/flow_control_loop_pipe_sequential_init_U/inputBuf_37_fu_1812[7]_i_2_n_3.  Re-placed instance top_i/StreamingDataflowPartition_1/inst/StreamingDataflowPartition_1_MVAU_hls_0/StreamingDataflowPartition_1_MVAU_hls_0/inst/grp_Matrix_Vector_Activate_Stream_Batch_fu_60/flow_control_loop_pipe_sequential_init_U/inputBuf_37_fu_1812[7]_i_2
INFO: [Physopt 32-662] Processed net top_i/StreamingDataflowPartition_1/inst/StreamingDataflowPartition_1_MVAU_hls_0/StreamingDataflowPartition_1_MVAU_hls_0/inst/grp_Matrix_Vector_Activate_Stream_Batch_fu_60/flow_control_loop_pipe_sequential_init_U/inputBuf_92_fu_2032[7]_i_3_n_3.  Did not re-place instance top_i/StreamingDataflowPartition_1/inst/StreamingDataflowPartition_1_MVAU_hls_0/StreamingDataflowPartition_1_MVAU_hls_0/inst/grp_Matrix_Vector_Activate_Stream_Batch_fu_60/flow_control_loop_pipe_sequential_init_U/inputBuf_92_fu_2032[7]_i_3
INFO: [Physopt 32-663] Processed net top_i/StreamingDataflowPartition_1/inst/StreamingDataflowPartition_1_MVAU_hls_0/StreamingDataflowPartition_1_MVAU_hls_0/inst/grp_Matrix_Vector_Activate_Stream_Batch_fu_60/flow_control_loop_pipe_sequential_init_U/inputBuf_21_fu_1748[7]_i_2_n_3.  Re-placed instance top_i/StreamingDataflowPartition_1/inst/StreamingDataflowPartition_1_MVAU_hls_0/StreamingDataflowPartition_1_MVAU_hls_0/inst/grp_Matrix_Vector_Activate_Stream_Batch_fu_60/flow_control_loop_pipe_sequential_init_U/inputBuf_21_fu_1748[7]_i_2
INFO: [Physopt 32-662] Processed net top_i/StreamingDataflowPartition_1/inst/StreamingDataflowPartition_1_MVAU_hls_0/StreamingDataflowPartition_1_MVAU_hls_0/inst/grp_Matrix_Vector_Activate_Stream_Batch_fu_60/flow_control_loop_pipe_sequential_init_U/icmp_ln253_fu_5067_p2.  Did not re-place instance top_i/StreamingDataflowPartition_1/inst/StreamingDataflowPartition_1_MVAU_hls_0/StreamingDataflowPartition_1_MVAU_hls_0/inst/grp_Matrix_Vector_Activate_Stream_Batch_fu_60/flow_control_loop_pipe_sequential_init_U/icmp_ln249_reg_19730[0]_i_3
INFO: [Physopt 32-662] Processed net top_i/StreamingDataflowPartition_1/inst/StreamingDataflowPartition_1_MVAU_hls_0/StreamingDataflowPartition_1_MVAU_hls_0/inst/grp_Matrix_Vector_Activate_Stream_Batch_fu_60/flow_control_loop_pipe_sequential_init_U/sf_fu_1652_reg[2]_91[0].  Did not re-place instance top_i/StreamingDataflowPartition_1/inst/StreamingDataflowPartition_1_MVAU_hls_0/StreamingDataflowPartition_1_MVAU_hls_0/inst/grp_Matrix_Vector_Activate_Stream_Batch_fu_60/flow_control_loop_pipe_sequential_init_U/inputBuf_45_fu_1844[7]_i_1
INFO: [Physopt 32-663] Processed net top_i/StreamingDataflowPartition_1/inst/StreamingDataflowPartition_1_MVAU_hls_0/StreamingDataflowPartition_1_MVAU_hls_0/inst/grp_Matrix_Vector_Activate_Stream_Batch_fu_60/flow_control_loop_pipe_sequential_init_U/inputBuf_188_fu_2416[7]_i_2_n_3.  Re-placed instance top_i/StreamingDataflowPartition_1/inst/StreamingDataflowPartition_1_MVAU_hls_0/StreamingDataflowPartition_1_MVAU_hls_0/inst/grp_Matrix_Vector_Activate_Stream_Batch_fu_60/flow_control_loop_pipe_sequential_init_U/inputBuf_188_fu_2416[7]_i_2
INFO: [Physopt 32-662] Processed net top_i/StreamingDataflowPartition_1/inst/StreamingDataflowPartition_1_MVAU_hls_0/StreamingDataflowPartition_1_MVAU_hls_0/inst/grp_Matrix_Vector_Activate_Stream_Batch_fu_60/flow_control_loop_pipe_sequential_init_U/icmp_ln249_reg_19730[0]_i_13_n_3.  Did not re-place instance top_i/StreamingDataflowPartition_1/inst/StreamingDataflowPartition_1_MVAU_hls_0/StreamingDataflowPartition_1_MVAU_hls_0/inst/grp_Matrix_Vector_Activate_Stream_Batch_fu_60/flow_control_loop_pipe_sequential_init_U/icmp_ln249_reg_19730[0]_i_13
INFO: [Physopt 32-663] Processed net top_i/StreamingDataflowPartition_1/inst/StreamingDataflowPartition_1_MVAU_hls_0/StreamingDataflowPartition_1_MVAU_hls_0/inst/grp_Matrix_Vector_Activate_Stream_Batch_fu_60/flow_control_loop_pipe_sequential_init_U/icmp_ln249_reg_19730[0]_i_15_n_3.  Re-placed instance top_i/StreamingDataflowPartition_1/inst/StreamingDataflowPartition_1_MVAU_hls_0/StreamingDataflowPartition_1_MVAU_hls_0/inst/grp_Matrix_Vector_Activate_Stream_Batch_fu_60/flow_control_loop_pipe_sequential_init_U/icmp_ln249_reg_19730[0]_i_15
INFO: [Physopt 32-662] Processed net top_i/StreamingDataflowPartition_1/inst/StreamingDataflowPartition_1_MVAU_hls_0/StreamingDataflowPartition_1_MVAU_hls_0/inst/grp_Matrix_Vector_Activate_Stream_Batch_fu_60/flow_control_loop_pipe_sequential_init_U/inputBuf_783_fu_4796[7]_i_121_n_3.  Did not re-place instance top_i/StreamingDataflowPartition_1/inst/StreamingDataflowPartition_1_MVAU_hls_0/StreamingDataflowPartition_1_MVAU_hls_0/inst/grp_Matrix_Vector_Activate_Stream_Batch_fu_60/flow_control_loop_pipe_sequential_init_U/inputBuf_783_fu_4796[7]_i_121
INFO: [Physopt 32-663] Processed net top_i/StreamingDataflowPartition_1/inst/StreamingDataflowPartition_1_MVAU_hls_0/StreamingDataflowPartition_1_MVAU_hls_0/inst/grp_Matrix_Vector_Activate_Stream_Batch_fu_60/flow_control_loop_pipe_sequential_init_U/inputBuf_783_fu_4796[7]_i_36_n_3.  Re-placed instance top_i/StreamingDataflowPartition_1/inst/StreamingDataflowPartition_1_MVAU_hls_0/StreamingDataflowPartition_1_MVAU_hls_0/inst/grp_Matrix_Vector_Activate_Stream_Batch_fu_60/flow_control_loop_pipe_sequential_init_U/inputBuf_783_fu_4796[7]_i_36
INFO: [Physopt 32-662] Processed net top_i/StreamingDataflowPartition_1/inst/StreamingDataflowPartition_1_MVAU_hls_0/StreamingDataflowPartition_1_MVAU_hls_0/inst/grp_Matrix_Vector_Activate_Stream_Batch_fu_60/flow_control_loop_pipe_sequential_init_U/inputBuf_783_fu_4796[7]_i_6_n_3.  Did not re-place instance top_i/StreamingDataflowPartition_1/inst/StreamingDataflowPartition_1_MVAU_hls_0/StreamingDataflowPartition_1_MVAU_hls_0/inst/grp_Matrix_Vector_Activate_Stream_Batch_fu_60/flow_control_loop_pipe_sequential_init_U/inputBuf_783_fu_4796[7]_i_6
INFO: [Physopt 32-663] Processed net top_i/StreamingDataflowPartition_1/inst/StreamingDataflowPartition_1_MVAU_hls_0/StreamingDataflowPartition_1_MVAU_hls_0/inst/grp_Matrix_Vector_Activate_Stream_Batch_fu_60/inputBuf_45_fu_1844[0].  Re-placed instance top_i/StreamingDataflowPartition_1/inst/StreamingDataflowPartition_1_MVAU_hls_0/StreamingDataflowPartition_1_MVAU_hls_0/inst/grp_Matrix_Vector_Activate_Stream_Batch_fu_60/inputBuf_45_fu_1844_reg[0]
INFO: [Physopt 32-663] Processed net top_i/StreamingDataflowPartition_1/inst/StreamingDataflowPartition_1_MVAU_hls_0/StreamingDataflowPartition_1_MVAU_hls_0/inst/grp_Matrix_Vector_Activate_Stream_Batch_fu_60/inputBuf_45_fu_1844[2].  Re-placed instance top_i/StreamingDataflowPartition_1/inst/StreamingDataflowPartition_1_MVAU_hls_0/StreamingDataflowPartition_1_MVAU_hls_0/inst/grp_Matrix_Vector_Activate_Stream_Batch_fu_60/inputBuf_45_fu_1844_reg[2]
INFO: [Physopt 32-663] Processed net top_i/StreamingDataflowPartition_1/inst/StreamingDataflowPartition_1_MVAU_hls_0/StreamingDataflowPartition_1_MVAU_hls_0/inst/grp_Matrix_Vector_Activate_Stream_Batch_fu_60/inputBuf_45_fu_1844[3].  Re-placed instance top_i/StreamingDataflowPartition_1/inst/StreamingDataflowPartition_1_MVAU_hls_0/StreamingDataflowPartition_1_MVAU_hls_0/inst/grp_Matrix_Vector_Activate_Stream_Batch_fu_60/inputBuf_45_fu_1844_reg[3]
INFO: [Physopt 32-663] Processed net top_i/StreamingDataflowPartition_1/inst/StreamingDataflowPartition_1_MVAU_hls_0/StreamingDataflowPartition_1_MVAU_hls_0/inst/grp_Matrix_Vector_Activate_Stream_Batch_fu_60/inputBuf_45_fu_1844[5].  Re-placed instance top_i/StreamingDataflowPartition_1/inst/StreamingDataflowPartition_1_MVAU_hls_0/StreamingDataflowPartition_1_MVAU_hls_0/inst/grp_Matrix_Vector_Activate_Stream_Batch_fu_60/inputBuf_45_fu_1844_reg[5]
INFO: [Physopt 32-663] Processed net top_i/StreamingDataflowPartition_1/inst/StreamingDataflowPartition_1_MVAU_hls_0/StreamingDataflowPartition_1_MVAU_hls_0/inst/grp_Matrix_Vector_Activate_Stream_Batch_fu_60/inputBuf_45_fu_1844[7].  Re-placed instance top_i/StreamingDataflowPartition_1/inst/StreamingDataflowPartition_1_MVAU_hls_0/StreamingDataflowPartition_1_MVAU_hls_0/inst/grp_Matrix_Vector_Activate_Stream_Batch_fu_60/inputBuf_45_fu_1844_reg[7]
INFO: [Physopt 32-662] Processed net top_i/StreamingDataflowPartition_1/inst/StreamingDataflowPartition_1_MVAU_hls_0/StreamingDataflowPartition_1_MVAU_hls_0/inst/grp_Matrix_Vector_Activate_Stream_Batch_fu_60/flow_control_loop_pipe_sequential_init_U/ap_loop_init_int_reg_rep__2_n_3.  Did not re-place instance top_i/StreamingDataflowPartition_1/inst/StreamingDataflowPartition_1_MVAU_hls_0/StreamingDataflowPartition_1_MVAU_hls_0/inst/grp_Matrix_Vector_Activate_Stream_Batch_fu_60/flow_control_loop_pipe_sequential_init_U/ap_loop_init_int_reg_rep__2
INFO: [Physopt 32-663] Processed net top_i/StreamingDataflowPartition_1/inst/StreamingDataflowPartition_1_MVAU_hls_0/StreamingDataflowPartition_1_MVAU_hls_0/inst/grp_Matrix_Vector_Activate_Stream_Batch_fu_60/flow_control_loop_pipe_sequential_init_U/sf_fu_1652_reg[2]_8.  Re-placed instance top_i/StreamingDataflowPartition_1/inst/StreamingDataflowPartition_1_MVAU_hls_0/StreamingDataflowPartition_1_MVAU_hls_0/inst/grp_Matrix_Vector_Activate_Stream_Batch_fu_60/flow_control_loop_pipe_sequential_init_U/inputBuf_16_fu_1728[7]_i_4
INFO: [Physopt 32-662] Processed net top_i/StreamingDataflowPartition_1/inst/StreamingDataflowPartition_1_MVAU_hls_0/StreamingDataflowPartition_1_MVAU_hls_0/inst/grp_Matrix_Vector_Activate_Stream_Batch_fu_60/sparsemux_1569_10_8_1_1_U1/D[6].  Did not re-place instance top_i/StreamingDataflowPartition_1/inst/StreamingDataflowPartition_1_MVAU_hls_0/StreamingDataflowPartition_1_MVAU_hls_0/inst/grp_Matrix_Vector_Activate_Stream_Batch_fu_60/sparsemux_1569_10_8_1_1_U1/tmp_reg_19741[6]_i_1
INFO: [Physopt 32-662] Processed net top_i/StreamingDataflowPartition_1/inst/StreamingDataflowPartition_1_MVAU_hls_0/StreamingDataflowPartition_1_MVAU_hls_0/inst/grp_Matrix_Vector_Activate_Stream_Batch_fu_60/sparsemux_1569_10_8_1_1_U1/tmp_reg_19741[6]_i_25_n_3.  Did not re-place instance top_i/StreamingDataflowPartition_1/inst/StreamingDataflowPartition_1_MVAU_hls_0/StreamingDataflowPartition_1_MVAU_hls_0/inst/grp_Matrix_Vector_Activate_Stream_Batch_fu_60/sparsemux_1569_10_8_1_1_U1/tmp_reg_19741[6]_i_25
INFO: [Physopt 32-662] Processed net top_i/StreamingDataflowPartition_1/inst/StreamingDataflowPartition_1_MVAU_hls_0/StreamingDataflowPartition_1_MVAU_hls_0/inst/grp_Matrix_Vector_Activate_Stream_Batch_fu_60/tmp_reg_19741[6].  Did not re-place instance top_i/StreamingDataflowPartition_1/inst/StreamingDataflowPartition_1_MVAU_hls_0/StreamingDataflowPartition_1_MVAU_hls_0/inst/grp_Matrix_Vector_Activate_Stream_Batch_fu_60/tmp_reg_19741_reg[6]
INFO: [Physopt 32-663] Processed net top_i/StreamingDataflowPartition_1/inst/StreamingDataflowPartition_1_MVAU_hls_0/StreamingDataflowPartition_1_MVAU_hls_0/inst/grp_Matrix_Vector_Activate_Stream_Batch_fu_60/flow_control_loop_pipe_sequential_init_U/sf_fu_1652_reg[1]_43.  Re-placed instance top_i/StreamingDataflowPartition_1/inst/StreamingDataflowPartition_1_MVAU_hls_0/StreamingDataflowPartition_1_MVAU_hls_0/inst/grp_Matrix_Vector_Activate_Stream_Batch_fu_60/flow_control_loop_pipe_sequential_init_U/inputBuf_520_fu_3744[7]_i_2
INFO: [Physopt 32-662] Processed net top_i/StreamingDataflowPartition_1/inst/StreamingDataflowPartition_1_MVAU_hls_0/StreamingDataflowPartition_1_MVAU_hls_0/inst/grp_Matrix_Vector_Activate_Stream_Batch_fu_60/sf_fu_1652_reg_n_3_[8].  Did not re-place instance top_i/StreamingDataflowPartition_1/inst/StreamingDataflowPartition_1_MVAU_hls_0/StreamingDataflowPartition_1_MVAU_hls_0/inst/grp_Matrix_Vector_Activate_Stream_Batch_fu_60/sf_fu_1652_reg[8]
INFO: [Physopt 32-662] Processed net top_i/StreamingDataflowPartition_1/inst/StreamingDataflowPartition_1_MVAU_hls_0/StreamingDataflowPartition_1_MVAU_hls_0/inst/grp_Matrix_Vector_Activate_Stream_Batch_fu_60/flow_control_loop_pipe_sequential_init_U/inputBuf_192_fu_2432[7]_i_4_n_3.  Did not re-place instance top_i/StreamingDataflowPartition_1/inst/StreamingDataflowPartition_1_MVAU_hls_0/StreamingDataflowPartition_1_MVAU_hls_0/inst/grp_Matrix_Vector_Activate_Stream_Batch_fu_60/flow_control_loop_pipe_sequential_init_U/inputBuf_192_fu_2432[7]_i_4
INFO: [Physopt 32-663] Processed net top_i/StreamingDataflowPartition_1/inst/StreamingDataflowPartition_1_MVAU_hls_0/StreamingDataflowPartition_1_MVAU_hls_0/inst/grp_Matrix_Vector_Activate_Stream_Batch_fu_60/flow_control_loop_pipe_sequential_init_U/inputBuf_232_fu_2592[7]_i_2_n_3.  Re-placed instance top_i/StreamingDataflowPartition_1/inst/StreamingDataflowPartition_1_MVAU_hls_0/StreamingDataflowPartition_1_MVAU_hls_0/inst/grp_Matrix_Vector_Activate_Stream_Batch_fu_60/flow_control_loop_pipe_sequential_init_U/inputBuf_232_fu_2592[7]_i_2
INFO: [Physopt 32-662] Processed net top_i/StreamingDataflowPartition_1/inst/StreamingDataflowPartition_1_MVAU_hls_0/StreamingDataflowPartition_1_MVAU_hls_0/inst/grp_Matrix_Vector_Activate_Stream_Batch_fu_60/flow_control_loop_pipe_sequential_init_U/inputBuf_783_fu_4796[7]_i_104_n_3.  Did not re-place instance top_i/StreamingDataflowPartition_1/inst/StreamingDataflowPartition_1_MVAU_hls_0/StreamingDataflowPartition_1_MVAU_hls_0/inst/grp_Matrix_Vector_Activate_Stream_Batch_fu_60/flow_control_loop_pipe_sequential_init_U/inputBuf_783_fu_4796[7]_i_104
INFO: [Physopt 32-662] Processed net top_i/StreamingDataflowPartition_1/inst/StreamingDataflowPartition_1_MVAU_hls_0/StreamingDataflowPartition_1_MVAU_hls_0/inst/grp_Matrix_Vector_Activate_Stream_Batch_fu_60/flow_control_loop_pipe_sequential_init_U/inputBuf_783_fu_4796[7]_i_32_n_3.  Did not re-place instance top_i/StreamingDataflowPartition_1/inst/StreamingDataflowPartition_1_MVAU_hls_0/StreamingDataflowPartition_1_MVAU_hls_0/inst/grp_Matrix_Vector_Activate_Stream_Batch_fu_60/flow_control_loop_pipe_sequential_init_U/inputBuf_783_fu_4796[7]_i_32
INFO: [Physopt 32-662] Processed net top_i/StreamingDataflowPartition_1/inst/StreamingDataflowPartition_1_MVAU_hls_0/StreamingDataflowPartition_1_MVAU_hls_0/inst/grp_Matrix_Vector_Activate_Stream_Batch_fu_60/sparsemux_1569_10_8_1_1_U1/tmp_reg_19741[5]_i_15_n_3.  Did not re-place instance top_i/StreamingDataflowPartition_1/inst/StreamingDataflowPartition_1_MVAU_hls_0/StreamingDataflowPartition_1_MVAU_hls_0/inst/grp_Matrix_Vector_Activate_Stream_Batch_fu_60/sparsemux_1569_10_8_1_1_U1/tmp_reg_19741[5]_i_15
INFO: [Physopt 32-662] Processed net top_i/StreamingDataflowPartition_1/inst/StreamingDataflowPartition_1_MVAU_hls_0/StreamingDataflowPartition_1_MVAU_hls_0/inst/grp_Matrix_Vector_Activate_Stream_Batch_fu_60/sparsemux_1569_10_8_1_1_U1/tmp_reg_19741[5]_i_184_n_3.  Did not re-place instance top_i/StreamingDataflowPartition_1/inst/StreamingDataflowPartition_1_MVAU_hls_0/StreamingDataflowPartition_1_MVAU_hls_0/inst/grp_Matrix_Vector_Activate_Stream_Batch_fu_60/sparsemux_1569_10_8_1_1_U1/tmp_reg_19741[5]_i_184
INFO: [Physopt 32-662] Processed net top_i/StreamingDataflowPartition_1/inst/StreamingDataflowPartition_1_MVAU_hls_0/StreamingDataflowPartition_1_MVAU_hls_0/inst/grp_Matrix_Vector_Activate_Stream_Batch_fu_60/sparsemux_1569_10_8_1_1_U1/tmp_reg_19741[5]_i_188_n_3.  Did not re-place instance top_i/StreamingDataflowPartition_1/inst/StreamingDataflowPartition_1_MVAU_hls_0/StreamingDataflowPartition_1_MVAU_hls_0/inst/grp_Matrix_Vector_Activate_Stream_Batch_fu_60/sparsemux_1569_10_8_1_1_U1/tmp_reg_19741[5]_i_188
INFO: [Physopt 32-663] Processed net top_i/StreamingDataflowPartition_1/inst/StreamingDataflowPartition_1_MVAU_hls_0/StreamingDataflowPartition_1_MVAU_hls_0/inst/grp_Matrix_Vector_Activate_Stream_Batch_fu_60_ap_start_reg.  Re-placed instance top_i/StreamingDataflowPartition_1/inst/StreamingDataflowPartition_1_MVAU_hls_0/StreamingDataflowPartition_1_MVAU_hls_0/inst/grp_Matrix_Vector_Activate_Stream_Batch_fu_60_ap_start_reg_reg
INFO: [Physopt 32-662] Processed net top_i/StreamingDataflowPartition_1/inst/StreamingDataflowPartition_1_MVAU_hls_0/StreamingDataflowPartition_1_MVAU_hls_0/inst/grp_Matrix_Vector_Activate_Stream_Batch_fu_60/sparsemux_1569_10_8_1_1_U1/D[7].  Did not re-place instance top_i/StreamingDataflowPartition_1/inst/StreamingDataflowPartition_1_MVAU_hls_0/StreamingDataflowPartition_1_MVAU_hls_0/inst/grp_Matrix_Vector_Activate_Stream_Batch_fu_60/sparsemux_1569_10_8_1_1_U1/tmp_reg_19741[7]_i_1
INFO: [Physopt 32-662] Processed net top_i/StreamingDataflowPartition_1/inst/StreamingDataflowPartition_1_MVAU_hls_0/StreamingDataflowPartition_1_MVAU_hls_0/inst/grp_Matrix_Vector_Activate_Stream_Batch_fu_60/sparsemux_1569_10_8_1_1_U1/tmp_reg_19741[5]_i_183_n_3.  Did not re-place instance top_i/StreamingDataflowPartition_1/inst/StreamingDataflowPartition_1_MVAU_hls_0/StreamingDataflowPartition_1_MVAU_hls_0/inst/grp_Matrix_Vector_Activate_Stream_Batch_fu_60/sparsemux_1569_10_8_1_1_U1/tmp_reg_19741[5]_i_183
INFO: [Physopt 32-662] Processed net top_i/StreamingDataflowPartition_1/inst/StreamingDataflowPartition_1_MVAU_hls_0/StreamingDataflowPartition_1_MVAU_hls_0/inst/grp_Matrix_Vector_Activate_Stream_Batch_fu_60/sparsemux_1569_10_8_1_1_U1/tmp_reg_19741[7]_i_31_n_3.  Did not re-place instance top_i/StreamingDataflowPartition_1/inst/StreamingDataflowPartition_1_MVAU_hls_0/StreamingDataflowPartition_1_MVAU_hls_0/inst/grp_Matrix_Vector_Activate_Stream_Batch_fu_60/sparsemux_1569_10_8_1_1_U1/tmp_reg_19741[7]_i_31
INFO: [Physopt 32-662] Processed net top_i/StreamingDataflowPartition_1/inst/StreamingDataflowPartition_1_MVAU_hls_0/StreamingDataflowPartition_1_MVAU_hls_0/inst/grp_Matrix_Vector_Activate_Stream_Batch_fu_60/tmp_reg_19741[7].  Did not re-place instance top_i/StreamingDataflowPartition_1/inst/StreamingDataflowPartition_1_MVAU_hls_0/StreamingDataflowPartition_1_MVAU_hls_0/inst/grp_Matrix_Vector_Activate_Stream_Batch_fu_60/tmp_reg_19741_reg[7]
INFO: [Physopt 32-662] Processed net top_i/StreamingDataflowPartition_1/inst/StreamingDataflowPartition_1_MVAU_hls_0/StreamingDataflowPartition_1_MVAU_hls_0/inst/grp_Matrix_Vector_Activate_Stream_Batch_fu_60/flow_control_loop_pipe_sequential_init_U/sf_fu_1652_reg[3]_119.  Did not re-place instance top_i/StreamingDataflowPartition_1/inst/StreamingDataflowPartition_1_MVAU_hls_0/StreamingDataflowPartition_1_MVAU_hls_0/inst/grp_Matrix_Vector_Activate_Stream_Batch_fu_60/flow_control_loop_pipe_sequential_init_U/tmp_reg_19741[4]_i_13
INFO: [Physopt 32-662] Processed net top_i/StreamingDataflowPartition_1/inst/StreamingDataflowPartition_1_MVAU_hls_0/StreamingDataflowPartition_1_MVAU_hls_0/inst/grp_Matrix_Vector_Activate_Stream_Batch_fu_60/sf_fu_1652_reg_n_3_[3].  Did not re-place instance top_i/StreamingDataflowPartition_1/inst/StreamingDataflowPartition_1_MVAU_hls_0/StreamingDataflowPartition_1_MVAU_hls_0/inst/grp_Matrix_Vector_Activate_Stream_Batch_fu_60/sf_fu_1652_reg[3]
INFO: [Physopt 32-662] Processed net top_i/StreamingDataflowPartition_1/inst/StreamingDataflowPartition_1_MVAU_hls_0/StreamingDataflowPartition_1_MVAU_hls_0/inst/grp_Matrix_Vector_Activate_Stream_Batch_fu_60/sparsemux_1569_10_8_1_1_U1/D[4].  Did not re-place instance top_i/StreamingDataflowPartition_1/inst/StreamingDataflowPartition_1_MVAU_hls_0/StreamingDataflowPartition_1_MVAU_hls_0/inst/grp_Matrix_Vector_Activate_Stream_Batch_fu_60/sparsemux_1569_10_8_1_1_U1/tmp_reg_19741[4]_i_1
INFO: [Physopt 32-662] Processed net top_i/StreamingDataflowPartition_1/inst/StreamingDataflowPartition_1_MVAU_hls_0/StreamingDataflowPartition_1_MVAU_hls_0/inst/grp_Matrix_Vector_Activate_Stream_Batch_fu_60/sparsemux_1569_10_8_1_1_U1/tmp_reg_19741[4]_i_19_n_3.  Did not re-place instance top_i/StreamingDataflowPartition_1/inst/StreamingDataflowPartition_1_MVAU_hls_0/StreamingDataflowPartition_1_MVAU_hls_0/inst/grp_Matrix_Vector_Activate_Stream_Batch_fu_60/sparsemux_1569_10_8_1_1_U1/tmp_reg_19741[4]_i_19
INFO: [Physopt 32-662] Processed net top_i/StreamingDataflowPartition_1/inst/StreamingDataflowPartition_1_MVAU_hls_0/StreamingDataflowPartition_1_MVAU_hls_0/inst/grp_Matrix_Vector_Activate_Stream_Batch_fu_60/tmp_reg_19741[4].  Did not re-place instance top_i/StreamingDataflowPartition_1/inst/StreamingDataflowPartition_1_MVAU_hls_0/StreamingDataflowPartition_1_MVAU_hls_0/inst/grp_Matrix_Vector_Activate_Stream_Batch_fu_60/tmp_reg_19741_reg[4]
INFO: [Physopt 32-663] Processed net top_i/StreamingDataflowPartition_1/inst/StreamingDataflowPartition_1_MVAU_hls_0/StreamingDataflowPartition_1_MVAU_hls_0/inst/grp_Matrix_Vector_Activate_Stream_Batch_fu_60/nf_1_fu_4800_reg_n_3_[21].  Re-placed instance top_i/StreamingDataflowPartition_1/inst/StreamingDataflowPartition_1_MVAU_hls_0/StreamingDataflowPartition_1_MVAU_hls_0/inst/grp_Matrix_Vector_Activate_Stream_Batch_fu_60/nf_1_fu_4800_reg[21]
INFO: [Physopt 32-662] Processed net top_i/StreamingDataflowPartition_1/inst/StreamingDataflowPartition_1_MVAU_hls_0/StreamingDataflowPartition_1_MVAU_hls_0/inst/grp_Matrix_Vector_Activate_Stream_Batch_fu_60/nf_1_fu_4800_reg_n_3_[22].  Did not re-place instance top_i/StreamingDataflowPartition_1/inst/StreamingDataflowPartition_1_MVAU_hls_0/StreamingDataflowPartition_1_MVAU_hls_0/inst/grp_Matrix_Vector_Activate_Stream_Batch_fu_60/nf_1_fu_4800_reg[22]
INFO: [Physopt 32-662] Processed net top_i/StreamingDataflowPartition_1/inst/StreamingDataflowPartition_1_MVAU_hls_0/StreamingDataflowPartition_1_MVAU_hls_0/inst/grp_Matrix_Vector_Activate_Stream_Batch_fu_60/nf_1_fu_4800_reg_n_3_[23].  Did not re-place instance top_i/StreamingDataflowPartition_1/inst/StreamingDataflowPartition_1_MVAU_hls_0/StreamingDataflowPartition_1_MVAU_hls_0/inst/grp_Matrix_Vector_Activate_Stream_Batch_fu_60/nf_1_fu_4800_reg[23]
INFO: [Physopt 32-662] Processed net top_i/StreamingDataflowPartition_1/inst/StreamingDataflowPartition_1_MVAU_hls_0/StreamingDataflowPartition_1_MVAU_hls_0/inst/grp_Matrix_Vector_Activate_Stream_Batch_fu_60/nf_1_fu_4800_reg_n_3_[24].  Did not re-place instance top_i/StreamingDataflowPartition_1/inst/StreamingDataflowPartition_1_MVAU_hls_0/StreamingDataflowPartition_1_MVAU_hls_0/inst/grp_Matrix_Vector_Activate_Stream_Batch_fu_60/nf_1_fu_4800_reg[24]
INFO: [Physopt 32-662] Processed net top_i/StreamingDataflowPartition_1/inst/StreamingDataflowPartition_1_MVAU_hls_0/StreamingDataflowPartition_1_MVAU_hls_0/inst/grp_Matrix_Vector_Activate_Stream_Batch_fu_60/sparsemux_1569_10_8_1_1_U1/tmp_reg_19741[5]_i_187_n_3.  Did not re-place instance top_i/StreamingDataflowPartition_1/inst/StreamingDataflowPartition_1_MVAU_hls_0/StreamingDataflowPartition_1_MVAU_hls_0/inst/grp_Matrix_Vector_Activate_Stream_Batch_fu_60/sparsemux_1569_10_8_1_1_U1/tmp_reg_19741[5]_i_187
INFO: [Physopt 32-662] Processed net top_i/StreamingDataflowPartition_1/inst/StreamingDataflowPartition_1_MVAU_hls_0/StreamingDataflowPartition_1_MVAU_hls_0/inst/grp_Matrix_Vector_Activate_Stream_Batch_fu_60/sparsemux_1569_10_8_1_1_U1/tmp_reg_19741[5]_i_185_n_3.  Did not re-place instance top_i/StreamingDataflowPartition_1/inst/StreamingDataflowPartition_1_MVAU_hls_0/StreamingDataflowPartition_1_MVAU_hls_0/inst/grp_Matrix_Vector_Activate_Stream_Batch_fu_60/sparsemux_1569_10_8_1_1_U1/tmp_reg_19741[5]_i_185
INFO: [Physopt 32-662] Processed net top_i/StreamingDataflowPartition_1/inst/StreamingDataflowPartition_1_MVAU_hls_0/StreamingDataflowPartition_1_MVAU_hls_0/inst/grp_Matrix_Vector_Activate_Stream_Batch_fu_60/nf_1_fu_4800_reg_n_3_[2].  Did not re-place instance top_i/StreamingDataflowPartition_1/inst/StreamingDataflowPartition_1_MVAU_hls_0/StreamingDataflowPartition_1_MVAU_hls_0/inst/grp_Matrix_Vector_Activate_Stream_Batch_fu_60/nf_1_fu_4800_reg[2]
INFO: [Physopt 32-662] Processed net top_i/StreamingDataflowPartition_1/inst/StreamingDataflowPartition_1_MVAU_hls_0/StreamingDataflowPartition_1_MVAU_hls_0/inst/grp_Matrix_Vector_Activate_Stream_Batch_fu_60/nf_1_fu_4800_reg_n_3_[3].  Did not re-place instance top_i/StreamingDataflowPartition_1/inst/StreamingDataflowPartition_1_MVAU_hls_0/StreamingDataflowPartition_1_MVAU_hls_0/inst/grp_Matrix_Vector_Activate_Stream_Batch_fu_60/nf_1_fu_4800_reg[3]
INFO: [Physopt 32-662] Processed net top_i/StreamingDataflowPartition_1/inst/StreamingDataflowPartition_1_MVAU_hls_0/StreamingDataflowPartition_1_MVAU_hls_0/inst/grp_Matrix_Vector_Activate_Stream_Batch_fu_60/nf_1_fu_4800_reg_n_3_[4].  Did not re-place instance top_i/StreamingDataflowPartition_1/inst/StreamingDataflowPartition_1_MVAU_hls_0/StreamingDataflowPartition_1_MVAU_hls_0/inst/grp_Matrix_Vector_Activate_Stream_Batch_fu_60/nf_1_fu_4800_reg[4]
INFO: [Physopt 32-662] Processed net top_i/StreamingDataflowPartition_1/inst/StreamingDataflowPartition_1_MVAU_hls_0/StreamingDataflowPartition_1_MVAU_hls_0/inst/grp_Matrix_Vector_Activate_Stream_Batch_fu_60/nf_1_fu_4800_reg_n_3_[26].  Did not re-place instance top_i/StreamingDataflowPartition_1/inst/StreamingDataflowPartition_1_MVAU_hls_0/StreamingDataflowPartition_1_MVAU_hls_0/inst/grp_Matrix_Vector_Activate_Stream_Batch_fu_60/nf_1_fu_4800_reg[26]
INFO: [Physopt 32-662] Processed net top_i/StreamingDataflowPartition_1/inst/StreamingDataflowPartition_1_MVAU_hls_0/StreamingDataflowPartition_1_MVAU_hls_0/inst/grp_Matrix_Vector_Activate_Stream_Batch_fu_60/nf_1_fu_4800_reg_n_3_[27].  Did not re-place instance top_i/StreamingDataflowPartition_1/inst/StreamingDataflowPartition_1_MVAU_hls_0/StreamingDataflowPartition_1_MVAU_hls_0/inst/grp_Matrix_Vector_Activate_Stream_Batch_fu_60/nf_1_fu_4800_reg[27]
INFO: [Physopt 32-662] Processed net top_i/StreamingDataflowPartition_1/inst/StreamingDataflowPartition_1_MVAU_hls_0/StreamingDataflowPartition_1_MVAU_hls_0/inst/grp_Matrix_Vector_Activate_Stream_Batch_fu_60/nf_1_fu_4800_reg_n_3_[28].  Did not re-place instance top_i/StreamingDataflowPartition_1/inst/StreamingDataflowPartition_1_MVAU_hls_0/StreamingDataflowPartition_1_MVAU_hls_0/inst/grp_Matrix_Vector_Activate_Stream_Batch_fu_60/nf_1_fu_4800_reg[28]
INFO: [Physopt 32-662] Processed net top_i/StreamingDataflowPartition_1/inst/StreamingDataflowPartition_1_MVAU_hls_0/StreamingDataflowPartition_1_MVAU_hls_0/inst/grp_Matrix_Vector_Activate_Stream_Batch_fu_60/flow_control_loop_pipe_sequential_init_U/sf_fu_1652[31]_i_5_n_3.  Did not re-place instance top_i/StreamingDataflowPartition_1/inst/StreamingDataflowPartition_1_MVAU_hls_0/StreamingDataflowPartition_1_MVAU_hls_0/inst/grp_Matrix_Vector_Activate_Stream_Batch_fu_60/flow_control_loop_pipe_sequential_init_U/sf_fu_1652[31]_i_5
INFO: [Physopt 32-662] Processed net top_i/StreamingDataflowPartition_1/inst/StreamingDataflowPartition_1_MVAU_hls_0/StreamingDataflowPartition_1_MVAU_hls_0/inst/grp_Matrix_Vector_Activate_Stream_Batch_fu_60/flow_control_loop_pipe_sequential_init_U/sf_fu_1652[31]_i_12_n_3.  Did not re-place instance top_i/StreamingDataflowPartition_1/inst/StreamingDataflowPartition_1_MVAU_hls_0/StreamingDataflowPartition_1_MVAU_hls_0/inst/grp_Matrix_Vector_Activate_Stream_Batch_fu_60/flow_control_loop_pipe_sequential_init_U/sf_fu_1652[31]_i_12
INFO: [Physopt 32-662] Processed net top_i/StreamingDataflowPartition_1/inst/StreamingDataflowPartition_1_MVAU_hls_0/StreamingDataflowPartition_1_MVAU_hls_0/inst/grp_Matrix_Vector_Activate_Stream_Batch_fu_60/sparsemux_1569_10_8_1_1_U1/D[3].  Did not re-place instance top_i/StreamingDataflowPartition_1/inst/StreamingDataflowPartition_1_MVAU_hls_0/StreamingDataflowPartition_1_MVAU_hls_0/inst/grp_Matrix_Vector_Activate_Stream_Batch_fu_60/sparsemux_1569_10_8_1_1_U1/tmp_reg_19741[3]_i_1
INFO: [Physopt 32-662] Processed net top_i/StreamingDataflowPartition_1/inst/StreamingDataflowPartition_1_MVAU_hls_0/StreamingDataflowPartition_1_MVAU_hls_0/inst/grp_Matrix_Vector_Activate_Stream_Batch_fu_60/sparsemux_1569_10_8_1_1_U1/tmp_reg_19741[3]_i_15_n_3.  Did not re-place instance top_i/StreamingDataflowPartition_1/inst/StreamingDataflowPartition_1_MVAU_hls_0/StreamingDataflowPartition_1_MVAU_hls_0/inst/grp_Matrix_Vector_Activate_Stream_Batch_fu_60/sparsemux_1569_10_8_1_1_U1/tmp_reg_19741[3]_i_15
INFO: [Physopt 32-662] Processed net top_i/StreamingDataflowPartition_1/inst/StreamingDataflowPartition_1_MVAU_hls_0/StreamingDataflowPartition_1_MVAU_hls_0/inst/grp_Matrix_Vector_Activate_Stream_Batch_fu_60/sparsemux_1569_10_8_1_1_U1/tmp_reg_19741[3]_i_188_n_3.  Did not re-place instance top_i/StreamingDataflowPartition_1/inst/StreamingDataflowPartition_1_MVAU_hls_0/StreamingDataflowPartition_1_MVAU_hls_0/inst/grp_Matrix_Vector_Activate_Stream_Batch_fu_60/sparsemux_1569_10_8_1_1_U1/tmp_reg_19741[3]_i_188
INFO: [Physopt 32-662] Processed net top_i/StreamingDataflowPartition_1/inst/StreamingDataflowPartition_1_MVAU_hls_0/StreamingDataflowPartition_1_MVAU_hls_0/inst/grp_Matrix_Vector_Activate_Stream_Batch_fu_60/sparsemux_1569_10_8_1_1_U1/tmp_reg_19741[6]_i_26_n_3.  Did not re-place instance top_i/StreamingDataflowPartition_1/inst/StreamingDataflowPartition_1_MVAU_hls_0/StreamingDataflowPartition_1_MVAU_hls_0/inst/grp_Matrix_Vector_Activate_Stream_Batch_fu_60/sparsemux_1569_10_8_1_1_U1/tmp_reg_19741[6]_i_26
INFO: [Physopt 32-662] Processed net top_i/StreamingDataflowPartition_1/inst/StreamingDataflowPartition_1_MVAU_hls_0/StreamingDataflowPartition_1_MVAU_hls_0/inst/grp_Matrix_Vector_Activate_Stream_Batch_fu_60/tmp_reg_19741[3].  Did not re-place instance top_i/StreamingDataflowPartition_1/inst/StreamingDataflowPartition_1_MVAU_hls_0/StreamingDataflowPartition_1_MVAU_hls_0/inst/grp_Matrix_Vector_Activate_Stream_Batch_fu_60/tmp_reg_19741_reg[3]
INFO: [Physopt 32-663] Processed net top_i/StreamingDataflowPartition_1/inst/StreamingDataflowPartition_1_MVAU_hls_0/StreamingDataflowPartition_1_MVAU_hls_0/inst/grp_Matrix_Vector_Activate_Stream_Batch_fu_60/flow_control_loop_pipe_sequential_init_U/sf_fu_1652_reg[0]_rep__1_79.  Re-placed instance top_i/StreamingDataflowPartition_1/inst/StreamingDataflowPartition_1_MVAU_hls_0/StreamingDataflowPartition_1_MVAU_hls_0/inst/grp_Matrix_Vector_Activate_Stream_Batch_fu_60/flow_control_loop_pipe_sequential_init_U/inputBuf_144_fu_2240[7]_i_4
INFO: [Physopt 32-662] Processed net top_i/StreamingDataflowPartition_1/inst/StreamingDataflowPartition_1_MVAU_hls_0/StreamingDataflowPartition_1_MVAU_hls_0/inst/grp_Matrix_Vector_Activate_Stream_Batch_fu_60/sparsemux_1569_10_8_1_1_U1/tmp_reg_19741[6]_i_346_n_3.  Did not re-place instance top_i/StreamingDataflowPartition_1/inst/StreamingDataflowPartition_1_MVAU_hls_0/StreamingDataflowPartition_1_MVAU_hls_0/inst/grp_Matrix_Vector_Activate_Stream_Batch_fu_60/sparsemux_1569_10_8_1_1_U1/tmp_reg_19741[6]_i_346
INFO: [Physopt 32-662] Processed net top_i/StreamingDataflowPartition_1/inst/StreamingDataflowPartition_1_MVAU_hls_0/StreamingDataflowPartition_1_MVAU_hls_0/inst/grp_Matrix_Vector_Activate_Stream_Batch_fu_60/flow_control_loop_pipe_sequential_init_U/ap_loop_init_int_reg_rep__3_n_3_repN.  Did not re-place instance top_i/StreamingDataflowPartition_1/inst/StreamingDataflowPartition_1_MVAU_hls_0/StreamingDataflowPartition_1_MVAU_hls_0/inst/grp_Matrix_Vector_Activate_Stream_Batch_fu_60/flow_control_loop_pipe_sequential_init_U/ap_loop_init_int_reg_rep__3_replica
INFO: [Physopt 32-662] Processed net top_i/StreamingDataflowPartition_1/inst/StreamingDataflowPartition_1_MVAU_hls_0/StreamingDataflowPartition_1_MVAU_hls_0/inst/grp_Matrix_Vector_Activate_Stream_Batch_fu_60/flow_control_loop_pipe_sequential_init_U/sf_fu_1652_reg[2]_89[0].  Did not re-place instance top_i/StreamingDataflowPartition_1/inst/StreamingDataflowPartition_1_MVAU_hls_0/StreamingDataflowPartition_1_MVAU_hls_0/inst/grp_Matrix_Vector_Activate_Stream_Batch_fu_60/flow_control_loop_pipe_sequential_init_U/inputBuf_77_fu_1972[7]_i_1
INFO: [Physopt 32-663] Processed net top_i/StreamingDataflowPartition_1/inst/StreamingDataflowPartition_1_MVAU_hls_0/StreamingDataflowPartition_1_MVAU_hls_0/inst/grp_Matrix_Vector_Activate_Stream_Batch_fu_60/inputBuf_77_fu_1972[2].  Re-placed instance top_i/StreamingDataflowPartition_1/inst/StreamingDataflowPartition_1_MVAU_hls_0/StreamingDataflowPartition_1_MVAU_hls_0/inst/grp_Matrix_Vector_Activate_Stream_Batch_fu_60/inputBuf_77_fu_1972_reg[2]
INFO: [Physopt 32-663] Processed net top_i/StreamingDataflowPartition_1/inst/StreamingDataflowPartition_1_MVAU_hls_0/StreamingDataflowPartition_1_MVAU_hls_0/inst/grp_Matrix_Vector_Activate_Stream_Batch_fu_60/inputBuf_77_fu_1972[4].  Re-placed instance top_i/StreamingDataflowPartition_1/inst/StreamingDataflowPartition_1_MVAU_hls_0/StreamingDataflowPartition_1_MVAU_hls_0/inst/grp_Matrix_Vector_Activate_Stream_Batch_fu_60/inputBuf_77_fu_1972_reg[4]
INFO: [Physopt 32-663] Processed net top_i/StreamingDataflowPartition_1/inst/StreamingDataflowPartition_1_MVAU_hls_0/StreamingDataflowPartition_1_MVAU_hls_0/inst/grp_Matrix_Vector_Activate_Stream_Batch_fu_60/inputBuf_77_fu_1972[5].  Re-placed instance top_i/StreamingDataflowPartition_1/inst/StreamingDataflowPartition_1_MVAU_hls_0/StreamingDataflowPartition_1_MVAU_hls_0/inst/grp_Matrix_Vector_Activate_Stream_Batch_fu_60/inputBuf_77_fu_1972_reg[5]
INFO: [Physopt 32-663] Processed net top_i/StreamingDataflowPartition_1/inst/StreamingDataflowPartition_1_MVAU_hls_0/StreamingDataflowPartition_1_MVAU_hls_0/inst/grp_Matrix_Vector_Activate_Stream_Batch_fu_60/inputBuf_77_fu_1972[6].  Re-placed instance top_i/StreamingDataflowPartition_1/inst/StreamingDataflowPartition_1_MVAU_hls_0/StreamingDataflowPartition_1_MVAU_hls_0/inst/grp_Matrix_Vector_Activate_Stream_Batch_fu_60/inputBuf_77_fu_1972_reg[6]
INFO: [Physopt 32-662] Processed net top_i/StreamingDataflowPartition_1/inst/StreamingDataflowPartition_1_MVAU_hls_0/StreamingDataflowPartition_1_MVAU_hls_0/inst/grp_Matrix_Vector_Activate_Stream_Batch_fu_60/sparsemux_1569_10_8_1_1_U1/tmp_reg_19741[5]_i_353_n_3.  Did not re-place instance top_i/StreamingDataflowPartition_1/inst/StreamingDataflowPartition_1_MVAU_hls_0/StreamingDataflowPartition_1_MVAU_hls_0/inst/grp_Matrix_Vector_Activate_Stream_Batch_fu_60/sparsemux_1569_10_8_1_1_U1/tmp_reg_19741[5]_i_353
INFO: [Physopt 32-663] Processed net top_i/StreamingDataflowPartition_1/inst/StreamingDataflowPartition_1_MVAU_hls_0/StreamingDataflowPartition_1_MVAU_hls_0/inst/grp_Matrix_Vector_Activate_Stream_Batch_fu_60/inputBuf_77_fu_1972[1].  Re-placed instance top_i/StreamingDataflowPartition_1/inst/StreamingDataflowPartition_1_MVAU_hls_0/StreamingDataflowPartition_1_MVAU_hls_0/inst/grp_Matrix_Vector_Activate_Stream_Batch_fu_60/inputBuf_77_fu_1972_reg[1]
INFO: [Physopt 32-662] Processed net top_i/StreamingDataflowPartition_1/inst/StreamingDataflowPartition_1_MVAU_hls_0/StreamingDataflowPartition_1_MVAU_hls_0/inst/grp_Matrix_Vector_Activate_Stream_Batch_fu_60/nf_1_fu_4800_reg_n_3_[25].  Did not re-place instance top_i/StreamingDataflowPartition_1/inst/StreamingDataflowPartition_1_MVAU_hls_0/StreamingDataflowPartition_1_MVAU_hls_0/inst/grp_Matrix_Vector_Activate_Stream_Batch_fu_60/nf_1_fu_4800_reg[25]
INFO: [Physopt 32-662] Processed net top_i/StreamingDataflowPartition_1/inst/StreamingDataflowPartition_1_MVAU_hls_0/StreamingDataflowPartition_1_MVAU_hls_0/inst/grp_Matrix_Vector_Activate_Stream_Batch_fu_60/nf_1_fu_4800_reg_n_3_[29].  Did not re-place instance top_i/StreamingDataflowPartition_1/inst/StreamingDataflowPartition_1_MVAU_hls_0/StreamingDataflowPartition_1_MVAU_hls_0/inst/grp_Matrix_Vector_Activate_Stream_Batch_fu_60/nf_1_fu_4800_reg[29]
INFO: [Physopt 32-662] Processed net top_i/StreamingDataflowPartition_1/inst/StreamingDataflowPartition_1_MVAU_hls_0/StreamingDataflowPartition_1_MVAU_hls_0/inst/grp_Matrix_Vector_Activate_Stream_Batch_fu_60/nf_1_fu_4800_reg_n_3_[30].  Did not re-place instance top_i/StreamingDataflowPartition_1/inst/StreamingDataflowPartition_1_MVAU_hls_0/StreamingDataflowPartition_1_MVAU_hls_0/inst/grp_Matrix_Vector_Activate_Stream_Batch_fu_60/nf_1_fu_4800_reg[30]
INFO: [Physopt 32-662] Processed net top_i/StreamingDataflowPartition_1/inst/StreamingDataflowPartition_1_MVAU_hls_0/StreamingDataflowPartition_1_MVAU_hls_0/inst/grp_Matrix_Vector_Activate_Stream_Batch_fu_60/nf_1_fu_4800_reg_n_3_[31].  Did not re-place instance top_i/StreamingDataflowPartition_1/inst/StreamingDataflowPartition_1_MVAU_hls_0/StreamingDataflowPartition_1_MVAU_hls_0/inst/grp_Matrix_Vector_Activate_Stream_Batch_fu_60/nf_1_fu_4800_reg[31]
INFO: [Physopt 32-662] Processed net top_i/StreamingDataflowPartition_1/inst/StreamingDataflowPartition_1_MVAU_hls_0/StreamingDataflowPartition_1_MVAU_hls_0/inst/grp_Matrix_Vector_Activate_Stream_Batch_fu_60/sparsemux_1569_10_8_1_1_U1/tmp_reg_19741[5]_i_186_n_3.  Did not re-place instance top_i/StreamingDataflowPartition_1/inst/StreamingDataflowPartition_1_MVAU_hls_0/StreamingDataflowPartition_1_MVAU_hls_0/inst/grp_Matrix_Vector_Activate_Stream_Batch_fu_60/sparsemux_1569_10_8_1_1_U1/tmp_reg_19741[5]_i_186
INFO: [Physopt 32-662] Processed net top_i/StreamingDataflowPartition_1/inst/StreamingDataflowPartition_1_MVAU_hls_0/StreamingDataflowPartition_1_MVAU_hls_0/inst/grp_Matrix_Vector_Activate_Stream_Batch_fu_60/flow_control_loop_pipe_sequential_init_U/tmp_reg_19741[7]_i_10_n_3.  Did not re-place instance top_i/StreamingDataflowPartition_1/inst/StreamingDataflowPartition_1_MVAU_hls_0/StreamingDataflowPartition_1_MVAU_hls_0/inst/grp_Matrix_Vector_Activate_Stream_Batch_fu_60/flow_control_loop_pipe_sequential_init_U/tmp_reg_19741[7]_i_10
INFO: [Physopt 32-663] Processed net top_i/StreamingDataflowPartition_1/inst/StreamingDataflowPartition_1_MVAU_hls_0/StreamingDataflowPartition_1_MVAU_hls_0/inst/grp_Matrix_Vector_Activate_Stream_Batch_fu_60/flow_control_loop_pipe_sequential_init_U/grp_Matrix_Vector_Activate_Stream_Batch_fu_60_weights_V_TREADY.  Re-placed instance top_i/StreamingDataflowPartition_1/inst/StreamingDataflowPartition_1_MVAU_hls_0/StreamingDataflowPartition_1_MVAU_hls_0/inst/grp_Matrix_Vector_Activate_Stream_Batch_fu_60/flow_control_loop_pipe_sequential_init_U/B_V_data_1_state[1]_i_2__0
INFO: [Physopt 32-662] Processed net top_i/StreamingDataflowPartition_1/inst/StreamingDataflowPartition_1_MVAU_hls_0/StreamingDataflowPartition_1_MVAU_hls_0/inst/grp_Matrix_Vector_Activate_Stream_Batch_fu_60/flow_control_loop_pipe_sequential_init_U/sf_fu_1652[31]_i_7_n_3.  Did not re-place instance top_i/StreamingDataflowPartition_1/inst/StreamingDataflowPartition_1_MVAU_hls_0/StreamingDataflowPartition_1_MVAU_hls_0/inst/grp_Matrix_Vector_Activate_Stream_Batch_fu_60/flow_control_loop_pipe_sequential_init_U/sf_fu_1652[31]_i_7
INFO: [Physopt 32-662] Processed net top_i/StreamingDataflowPartition_1/inst/StreamingDataflowPartition_1_MVAU_hls_0/StreamingDataflowPartition_1_MVAU_hls_0/inst/grp_Matrix_Vector_Activate_Stream_Batch_fu_60/flow_control_loop_pipe_sequential_init_U/sf_fu_1652[31]_i_14_n_3.  Did not re-place instance top_i/StreamingDataflowPartition_1/inst/StreamingDataflowPartition_1_MVAU_hls_0/StreamingDataflowPartition_1_MVAU_hls_0/inst/grp_Matrix_Vector_Activate_Stream_Batch_fu_60/flow_control_loop_pipe_sequential_init_U/sf_fu_1652[31]_i_14
INFO: [Physopt 32-662] Processed net top_i/StreamingDataflowPartition_1/inst/StreamingDataflowPartition_1_MVAU_hls_0/StreamingDataflowPartition_1_MVAU_hls_0/inst/grp_Matrix_Vector_Activate_Stream_Batch_fu_60/flow_control_loop_pipe_sequential_init_U/sf_fu_1652_reg[9][3].  Did not re-place instance top_i/StreamingDataflowPartition_1/inst/StreamingDataflowPartition_1_MVAU_hls_0/StreamingDataflowPartition_1_MVAU_hls_0/inst/grp_Matrix_Vector_Activate_Stream_Batch_fu_60/flow_control_loop_pipe_sequential_init_U/inputBuf_fu_1664[7]_i_6
INFO: [Physopt 32-662] Processed net top_i/StreamingDataflowPartition_1/inst/StreamingDataflowPartition_1_MVAU_hls_2/StreamingDataflowPartition_1_MVAU_hls_2/inst/grp_Matrix_Vector_Activate_Stream_Batch_fu_60/flow_control_loop_pipe_sequential_init_U/grp_Matrix_Vector_Activate_Stream_Batch_fu_60_ap_start_reg_reg_rep[0].  Did not re-place instance top_i/StreamingDataflowPartition_1/inst/StreamingDataflowPartition_1_MVAU_hls_2/StreamingDataflowPartition_1_MVAU_hls_2/inst/grp_Matrix_Vector_Activate_Stream_Batch_fu_60/flow_control_loop_pipe_sequential_init_U/nf_1_fu_1632[31]_i_1
INFO: [Physopt 32-663] Processed net top_i/StreamingDataflowPartition_1/inst/StreamingDataflowPartition_1_MVAU_hls_2/StreamingDataflowPartition_1_MVAU_hls_2/inst/grp_Matrix_Vector_Activate_Stream_Batch_fu_60/sf_fu_596[31]_i_4_n_3.  Re-placed instance top_i/StreamingDataflowPartition_1/inst/StreamingDataflowPartition_1_MVAU_hls_2/StreamingDataflowPartition_1_MVAU_hls_2/inst/grp_Matrix_Vector_Activate_Stream_Batch_fu_60/sf_fu_596[31]_i_4
INFO: [Physopt 32-662] Processed net top_i/StreamingDataflowPartition_1/inst/StreamingDataflowPartition_1_MVAU_hls_2/StreamingDataflowPartition_1_MVAU_hls_2/inst/grp_Matrix_Vector_Activate_Stream_Batch_fu_60/nf_1_fu_1632_reg_n_3_[0].  Did not re-place instance top_i/StreamingDataflowPartition_1/inst/StreamingDataflowPartition_1_MVAU_hls_2/StreamingDataflowPartition_1_MVAU_hls_2/inst/grp_Matrix_Vector_Activate_Stream_Batch_fu_60/nf_1_fu_1632_reg[0]
INFO: [Physopt 32-662] Processed net top_i/StreamingDataflowPartition_1/inst/StreamingDataflowPartition_1_MVAU_hls_2/StreamingDataflowPartition_1_MVAU_hls_2/inst/grp_Matrix_Vector_Activate_Stream_Batch_fu_60/sf_fu_596_reg_n_3_[0].  Did not re-place instance top_i/StreamingDataflowPartition_1/inst/StreamingDataflowPartition_1_MVAU_hls_2/StreamingDataflowPartition_1_MVAU_hls_2/inst/grp_Matrix_Vector_Activate_Stream_Batch_fu_60/sf_fu_596_reg[0]
INFO: [Physopt 32-663] Processed net top_i/StreamingDataflowPartition_1/inst/StreamingDataflowPartition_1_MVAU_hls_2/StreamingDataflowPartition_1_MVAU_hls_2/inst/grp_Matrix_Vector_Activate_Stream_Batch_fu_60/flow_control_loop_pipe_sequential_init_U/icmp_ln290_fu_5005_p2.  Re-placed instance top_i/StreamingDataflowPartition_1/inst/StreamingDataflowPartition_1_MVAU_hls_2/StreamingDataflowPartition_1_MVAU_hls_2/inst/grp_Matrix_Vector_Activate_Stream_Batch_fu_60/flow_control_loop_pipe_sequential_init_U/icmp_ln290_reg_7109[0]_i_1
INFO: [Physopt 32-662] Processed net top_i/StreamingDataflowPartition_1/inst/StreamingDataflowPartition_1_MVAU_hls_0/StreamingDataflowPartition_1_MVAU_hls_0/inst/grp_Matrix_Vector_Activate_Stream_Batch_fu_60/sparsemux_1569_10_8_1_1_U1/tmp_reg_19741[3]_i_22_n_3.  Did not re-place instance top_i/StreamingDataflowPartition_1/inst/StreamingDataflowPartition_1_MVAU_hls_0/StreamingDataflowPartition_1_MVAU_hls_0/inst/grp_Matrix_Vector_Activate_Stream_Batch_fu_60/sparsemux_1569_10_8_1_1_U1/tmp_reg_19741[3]_i_22
INFO: [Physopt 32-662] Processed net top_i/StreamingDataflowPartition_1/inst/StreamingDataflowPartition_1_MVAU_hls_2/StreamingDataflowPartition_1_MVAU_hls_2/inst/grp_Matrix_Vector_Activate_Stream_Batch_fu_60/flow_control_loop_pipe_sequential_init_U/sf_fu_596_reg[31][0].  Did not re-place instance top_i/StreamingDataflowPartition_1/inst/StreamingDataflowPartition_1_MVAU_hls_2/StreamingDataflowPartition_1_MVAU_hls_2/inst/grp_Matrix_Vector_Activate_Stream_Batch_fu_60/flow_control_loop_pipe_sequential_init_U/sf_2_fu_4999_p2_carry_i_1
INFO: [Physopt 32-663] Processed net top_i/StreamingDataflowPartition_1/inst/StreamingDataflowPartition_1_MVAU_hls_2/StreamingDataflowPartition_1_MVAU_hls_2/inst/grp_Matrix_Vector_Activate_Stream_Batch_fu_60/sf_fu_596[31]_i_8_n_3.  Re-placed instance top_i/StreamingDataflowPartition_1/inst/StreamingDataflowPartition_1_MVAU_hls_2/StreamingDataflowPartition_1_MVAU_hls_2/inst/grp_Matrix_Vector_Activate_Stream_Batch_fu_60/sf_fu_596[31]_i_8
INFO: [Physopt 32-663] Processed net top_i/StreamingDataflowPartition_1/inst/StreamingDataflowPartition_1_MVAU_hls_0/StreamingDataflowPartition_1_MVAU_hls_0/inst/grp_Matrix_Vector_Activate_Stream_Batch_fu_60/flow_control_loop_pipe_sequential_init_U/sf_fu_1652_reg[0]_rep__1_5.  Re-placed instance top_i/StreamingDataflowPartition_1/inst/StreamingDataflowPartition_1_MVAU_hls_0/StreamingDataflowPartition_1_MVAU_hls_0/inst/grp_Matrix_Vector_Activate_Stream_Batch_fu_60/flow_control_loop_pipe_sequential_init_U/inputBuf_688_fu_4416[7]_i_2
INFO: [Physopt 32-662] Processed net top_i/StreamingDataflowPartition_1/inst/StreamingDataflowPartition_1_MVAU_hls_0/StreamingDataflowPartition_1_MVAU_hls_0/inst/grp_Matrix_Vector_Activate_Stream_Batch_fu_60/sparsemux_1569_10_8_1_1_U1/tmp_reg_19741[3]_i_187_n_3.  Did not re-place instance top_i/StreamingDataflowPartition_1/inst/StreamingDataflowPartition_1_MVAU_hls_0/StreamingDataflowPartition_1_MVAU_hls_0/inst/grp_Matrix_Vector_Activate_Stream_Batch_fu_60/sparsemux_1569_10_8_1_1_U1/tmp_reg_19741[3]_i_187
INFO: [Physopt 32-662] Processed net top_i/StreamingDataflowPartition_1/inst/StreamingDataflowPartition_1_MVAU_hls_0/StreamingDataflowPartition_1_MVAU_hls_0/inst/grp_Matrix_Vector_Activate_Stream_Batch_fu_60/sparsemux_1569_10_8_1_1_U1/tmp_reg_19741[4]_i_229_n_3.  Did not re-place instance top_i/StreamingDataflowPartition_1/inst/StreamingDataflowPartition_1_MVAU_hls_0/StreamingDataflowPartition_1_MVAU_hls_0/inst/grp_Matrix_Vector_Activate_Stream_Batch_fu_60/sparsemux_1569_10_8_1_1_U1/tmp_reg_19741[4]_i_229
INFO: [Physopt 32-662] Processed net top_i/StreamingDataflowPartition_1/inst/StreamingDataflowPartition_1_MVAU_hls_0/StreamingDataflowPartition_1_MVAU_hls_0/inst/grp_Matrix_Vector_Activate_Stream_Batch_fu_60/sparsemux_1569_10_8_1_1_U1/tmp_reg_19741[5]_i_354_n_3.  Did not re-place instance top_i/StreamingDataflowPartition_1/inst/StreamingDataflowPartition_1_MVAU_hls_0/StreamingDataflowPartition_1_MVAU_hls_0/inst/grp_Matrix_Vector_Activate_Stream_Batch_fu_60/sparsemux_1569_10_8_1_1_U1/tmp_reg_19741[5]_i_354
INFO: [Physopt 32-662] Processed net top_i/StreamingDataflowPartition_1/inst/StreamingDataflowPartition_1_MVAU_hls_0/StreamingDataflowPartition_1_MVAU_hls_0/inst/grp_Matrix_Vector_Activate_Stream_Batch_fu_60/flow_control_loop_pipe_sequential_init_U/inputBuf_400_fu_3264[7]_i_3_n_3.  Did not re-place instance top_i/StreamingDataflowPartition_1/inst/StreamingDataflowPartition_1_MVAU_hls_0/StreamingDataflowPartition_1_MVAU_hls_0/inst/grp_Matrix_Vector_Activate_Stream_Batch_fu_60/flow_control_loop_pipe_sequential_init_U/inputBuf_400_fu_3264[7]_i_3
INFO: [Physopt 32-662] Processed net top_i/StreamingDataflowPartition_1/inst/StreamingDataflowPartition_1_MVAU_hls_0/StreamingDataflowPartition_1_MVAU_hls_0/inst/grp_Matrix_Vector_Activate_Stream_Batch_fu_60/flow_control_loop_pipe_sequential_init_U/inputBuf_783_fu_4796[7]_i_106_n_3.  Did not re-place instance top_i/StreamingDataflowPartition_1/inst/StreamingDataflowPartition_1_MVAU_hls_0/StreamingDataflowPartition_1_MVAU_hls_0/inst/grp_Matrix_Vector_Activate_Stream_Batch_fu_60/flow_control_loop_pipe_sequential_init_U/inputBuf_783_fu_4796[7]_i_106
INFO: [Physopt 32-663] Processed net top_i/StreamingDataflowPartition_1/inst/StreamingDataflowPartition_1_MVAU_hls_0/StreamingDataflowPartition_1_MVAU_hls_0/inst/grp_Matrix_Vector_Activate_Stream_Batch_fu_60/flow_control_loop_pipe_sequential_init_U/inputBuf_783_fu_4796[7]_i_147_n_3.  Re-placed instance top_i/StreamingDataflowPartition_1/inst/StreamingDataflowPartition_1_MVAU_hls_0/StreamingDataflowPartition_1_MVAU_hls_0/inst/grp_Matrix_Vector_Activate_Stream_Batch_fu_60/flow_control_loop_pipe_sequential_init_U/inputBuf_783_fu_4796[7]_i_147
INFO: [Physopt 32-662] Processed net top_i/StreamingDataflowPartition_1/inst/StreamingDataflowPartition_1_MVAU_hls_0/StreamingDataflowPartition_1_MVAU_hls_0/inst/grp_Matrix_Vector_Activate_Stream_Batch_fu_60/flow_control_loop_pipe_sequential_init_U/inputBuf_783_fu_4796[7]_i_177_n_3.  Did not re-place instance top_i/StreamingDataflowPartition_1/inst/StreamingDataflowPartition_1_MVAU_hls_0/StreamingDataflowPartition_1_MVAU_hls_0/inst/grp_Matrix_Vector_Activate_Stream_Batch_fu_60/flow_control_loop_pipe_sequential_init_U/inputBuf_783_fu_4796[7]_i_177
INFO: [Physopt 32-663] Processed net top_i/StreamingDataflowPartition_1/inst/StreamingDataflowPartition_1_MVAU_hls_0/StreamingDataflowPartition_1_MVAU_hls_0/inst/grp_Matrix_Vector_Activate_Stream_Batch_fu_60/flow_control_loop_pipe_sequential_init_U/inputBuf_783_fu_4796[7]_i_217_n_3.  Re-placed instance top_i/StreamingDataflowPartition_1/inst/StreamingDataflowPartition_1_MVAU_hls_0/StreamingDataflowPartition_1_MVAU_hls_0/inst/grp_Matrix_Vector_Activate_Stream_Batch_fu_60/flow_control_loop_pipe_sequential_init_U/inputBuf_783_fu_4796[7]_i_217
INFO: [Physopt 32-663] Processed net top_i/StreamingDataflowPartition_1/inst/StreamingDataflowPartition_1_MVAU_hls_0/StreamingDataflowPartition_1_MVAU_hls_0/inst/grp_Matrix_Vector_Activate_Stream_Batch_fu_60/flow_control_loop_pipe_sequential_init_U/inputBuf_783_fu_4796[7]_i_42_n_3.  Re-placed instance top_i/StreamingDataflowPartition_1/inst/StreamingDataflowPartition_1_MVAU_hls_0/StreamingDataflowPartition_1_MVAU_hls_0/inst/grp_Matrix_Vector_Activate_Stream_Batch_fu_60/flow_control_loop_pipe_sequential_init_U/inputBuf_783_fu_4796[7]_i_42
INFO: [Physopt 32-662] Processed net top_i/StreamingDataflowPartition_1/inst/StreamingDataflowPartition_1_MVAU_hls_0/StreamingDataflowPartition_1_MVAU_hls_0/inst/grp_Matrix_Vector_Activate_Stream_Batch_fu_60/flow_control_loop_pipe_sequential_init_U/inputBuf_783_fu_4796[7]_i_7_n_3.  Did not re-place instance top_i/StreamingDataflowPartition_1/inst/StreamingDataflowPartition_1_MVAU_hls_0/StreamingDataflowPartition_1_MVAU_hls_0/inst/grp_Matrix_Vector_Activate_Stream_Batch_fu_60/flow_control_loop_pipe_sequential_init_U/inputBuf_783_fu_4796[7]_i_7
INFO: [Physopt 32-662] Processed net top_i/StreamingDataflowPartition_1/inst/StreamingDataflowPartition_1_MVAU_hls_0/StreamingDataflowPartition_1_MVAU_hls_0/inst/grp_Matrix_Vector_Activate_Stream_Batch_fu_60/sparsemux_1569_10_8_1_1_U1/tmp_reg_19741[6]_i_345_n_3.  Did not re-place instance top_i/StreamingDataflowPartition_1/inst/StreamingDataflowPartition_1_MVAU_hls_0/StreamingDataflowPartition_1_MVAU_hls_0/inst/grp_Matrix_Vector_Activate_Stream_Batch_fu_60/sparsemux_1569_10_8_1_1_U1/tmp_reg_19741[6]_i_345
INFO: [Physopt 32-663] Processed net top_i/StreamingDataflowPartition_1/inst/StreamingDataflowPartition_1_MVAU_hls_0/StreamingDataflowPartition_1_MVAU_hls_0/inst/grp_Matrix_Vector_Activate_Stream_Batch_fu_60/flow_control_loop_pipe_sequential_init_U/inputBuf_22_fu_1752[7]_i_2_n_3.  Re-placed instance top_i/StreamingDataflowPartition_1/inst/StreamingDataflowPartition_1_MVAU_hls_0/StreamingDataflowPartition_1_MVAU_hls_0/inst/grp_Matrix_Vector_Activate_Stream_Batch_fu_60/flow_control_loop_pipe_sequential_init_U/inputBuf_22_fu_1752[7]_i_2
INFO: [Physopt 32-662] Processed net top_i/StreamingDataflowPartition_1/inst/StreamingDataflowPartition_1_MVAU_hls_0/StreamingDataflowPartition_1_MVAU_hls_0/inst/grp_Matrix_Vector_Activate_Stream_Batch_fu_60/flow_control_loop_pipe_sequential_init_U/sf_fu_1652_reg[2]_113[0].  Did not re-place instance top_i/StreamingDataflowPartition_1/inst/StreamingDataflowPartition_1_MVAU_hls_0/StreamingDataflowPartition_1_MVAU_hls_0/inst/grp_Matrix_Vector_Activate_Stream_Batch_fu_60/flow_control_loop_pipe_sequential_init_U/inputBuf_62_fu_1912[7]_i_1
INFO: [Physopt 32-663] Processed net top_i/StreamingDataflowPartition_1/inst/StreamingDataflowPartition_1_MVAU_hls_0/StreamingDataflowPartition_1_MVAU_hls_0/inst/grp_Matrix_Vector_Activate_Stream_Batch_fu_60/inputBuf_62_fu_1912[0].  Re-placed instance top_i/StreamingDataflowPartition_1/inst/StreamingDataflowPartition_1_MVAU_hls_0/StreamingDataflowPartition_1_MVAU_hls_0/inst/grp_Matrix_Vector_Activate_Stream_Batch_fu_60/inputBuf_62_fu_1912_reg[0]
INFO: [Physopt 32-663] Processed net top_i/StreamingDataflowPartition_1/inst/StreamingDataflowPartition_1_MVAU_hls_0/StreamingDataflowPartition_1_MVAU_hls_0/inst/grp_Matrix_Vector_Activate_Stream_Batch_fu_60/inputBuf_62_fu_1912[1].  Re-placed instance top_i/StreamingDataflowPartition_1/inst/StreamingDataflowPartition_1_MVAU_hls_0/StreamingDataflowPartition_1_MVAU_hls_0/inst/grp_Matrix_Vector_Activate_Stream_Batch_fu_60/inputBuf_62_fu_1912_reg[1]
INFO: [Physopt 32-663] Processed net top_i/StreamingDataflowPartition_1/inst/StreamingDataflowPartition_1_MVAU_hls_0/StreamingDataflowPartition_1_MVAU_hls_0/inst/grp_Matrix_Vector_Activate_Stream_Batch_fu_60/inputBuf_62_fu_1912[2].  Re-placed instance top_i/StreamingDataflowPartition_1/inst/StreamingDataflowPartition_1_MVAU_hls_0/StreamingDataflowPartition_1_MVAU_hls_0/inst/grp_Matrix_Vector_Activate_Stream_Batch_fu_60/inputBuf_62_fu_1912_reg[2]
INFO: [Physopt 32-663] Processed net top_i/StreamingDataflowPartition_1/inst/StreamingDataflowPartition_1_MVAU_hls_0/StreamingDataflowPartition_1_MVAU_hls_0/inst/grp_Matrix_Vector_Activate_Stream_Batch_fu_60/inputBuf_62_fu_1912[3].  Re-placed instance top_i/StreamingDataflowPartition_1/inst/StreamingDataflowPartition_1_MVAU_hls_0/StreamingDataflowPartition_1_MVAU_hls_0/inst/grp_Matrix_Vector_Activate_Stream_Batch_fu_60/inputBuf_62_fu_1912_reg[3]
INFO: [Physopt 32-663] Processed net top_i/StreamingDataflowPartition_1/inst/StreamingDataflowPartition_1_MVAU_hls_0/StreamingDataflowPartition_1_MVAU_hls_0/inst/grp_Matrix_Vector_Activate_Stream_Batch_fu_60/inputBuf_62_fu_1912[4].  Re-placed instance top_i/StreamingDataflowPartition_1/inst/StreamingDataflowPartition_1_MVAU_hls_0/StreamingDataflowPartition_1_MVAU_hls_0/inst/grp_Matrix_Vector_Activate_Stream_Batch_fu_60/inputBuf_62_fu_1912_reg[4]
INFO: [Physopt 32-663] Processed net top_i/StreamingDataflowPartition_1/inst/StreamingDataflowPartition_1_MVAU_hls_0/StreamingDataflowPartition_1_MVAU_hls_0/inst/grp_Matrix_Vector_Activate_Stream_Batch_fu_60/inputBuf_62_fu_1912[5].  Re-placed instance top_i/StreamingDataflowPartition_1/inst/StreamingDataflowPartition_1_MVAU_hls_0/StreamingDataflowPartition_1_MVAU_hls_0/inst/grp_Matrix_Vector_Activate_Stream_Batch_fu_60/inputBuf_62_fu_1912_reg[5]
INFO: [Physopt 32-663] Processed net top_i/StreamingDataflowPartition_1/inst/StreamingDataflowPartition_1_MVAU_hls_0/StreamingDataflowPartition_1_MVAU_hls_0/inst/grp_Matrix_Vector_Activate_Stream_Batch_fu_60/inputBuf_62_fu_1912[6].  Re-placed instance top_i/StreamingDataflowPartition_1/inst/StreamingDataflowPartition_1_MVAU_hls_0/StreamingDataflowPartition_1_MVAU_hls_0/inst/grp_Matrix_Vector_Activate_Stream_Batch_fu_60/inputBuf_62_fu_1912_reg[6]
INFO: [Physopt 32-663] Processed net top_i/StreamingDataflowPartition_1/inst/StreamingDataflowPartition_1_MVAU_hls_0/StreamingDataflowPartition_1_MVAU_hls_0/inst/grp_Matrix_Vector_Activate_Stream_Batch_fu_60/inputBuf_62_fu_1912[7].  Re-placed instance top_i/StreamingDataflowPartition_1/inst/StreamingDataflowPartition_1_MVAU_hls_0/StreamingDataflowPartition_1_MVAU_hls_0/inst/grp_Matrix_Vector_Activate_Stream_Batch_fu_60/inputBuf_62_fu_1912_reg[7]
INFO: [Physopt 32-662] Processed net top_i/StreamingDataflowPartition_1/inst/StreamingDataflowPartition_1_MVAU_hls_0/StreamingDataflowPartition_1_MVAU_hls_0/inst/grp_Matrix_Vector_Activate_Stream_Batch_fu_60/sparsemux_1569_10_8_1_1_U1/tmp_reg_19741[0]_i_198_n_3.  Did not re-place instance top_i/StreamingDataflowPartition_1/inst/StreamingDataflowPartition_1_MVAU_hls_0/StreamingDataflowPartition_1_MVAU_hls_0/inst/grp_Matrix_Vector_Activate_Stream_Batch_fu_60/sparsemux_1569_10_8_1_1_U1/tmp_reg_19741[0]_i_198
INFO: [Physopt 32-662] Processed net top_i/StreamingDataflowPartition_1/inst/StreamingDataflowPartition_1_MVAU_hls_0/StreamingDataflowPartition_1_MVAU_hls_0/inst/grp_Matrix_Vector_Activate_Stream_Batch_fu_60/sparsemux_1569_10_8_1_1_U1/tmp_reg_19741[4]_i_228_n_3.  Did not re-place instance top_i/StreamingDataflowPartition_1/inst/StreamingDataflowPartition_1_MVAU_hls_0/StreamingDataflowPartition_1_MVAU_hls_0/inst/grp_Matrix_Vector_Activate_Stream_Batch_fu_60/sparsemux_1569_10_8_1_1_U1/tmp_reg_19741[4]_i_228
INFO: [Physopt 32-662] Processed net top_i/StreamingDataflowPartition_1/inst/StreamingDataflowPartition_1_MVAU_hls_0/StreamingDataflowPartition_1_MVAU_hls_0/inst/grp_Matrix_Vector_Activate_Stream_Batch_fu_60/sparsemux_1569_10_8_1_1_U1/D[1].  Did not re-place instance top_i/StreamingDataflowPartition_1/inst/StreamingDataflowPartition_1_MVAU_hls_0/StreamingDataflowPartition_1_MVAU_hls_0/inst/grp_Matrix_Vector_Activate_Stream_Batch_fu_60/sparsemux_1569_10_8_1_1_U1/tmp_reg_19741[1]_i_1
INFO: [Physopt 32-662] Processed net top_i/StreamingDataflowPartition_1/inst/StreamingDataflowPartition_1_MVAU_hls_0/StreamingDataflowPartition_1_MVAU_hls_0/inst/grp_Matrix_Vector_Activate_Stream_Batch_fu_60/sparsemux_1569_10_8_1_1_U1/tmp_reg_19741[1]_i_20_n_3.  Did not re-place instance top_i/StreamingDataflowPartition_1/inst/StreamingDataflowPartition_1_MVAU_hls_0/StreamingDataflowPartition_1_MVAU_hls_0/inst/grp_Matrix_Vector_Activate_Stream_Batch_fu_60/sparsemux_1569_10_8_1_1_U1/tmp_reg_19741[1]_i_20
INFO: [Physopt 32-662] Processed net top_i/StreamingDataflowPartition_1/inst/StreamingDataflowPartition_1_MVAU_hls_0/StreamingDataflowPartition_1_MVAU_hls_0/inst/grp_Matrix_Vector_Activate_Stream_Batch_fu_60/tmp_reg_19741[1].  Did not re-place instance top_i/StreamingDataflowPartition_1/inst/StreamingDataflowPartition_1_MVAU_hls_0/StreamingDataflowPartition_1_MVAU_hls_0/inst/grp_Matrix_Vector_Activate_Stream_Batch_fu_60/tmp_reg_19741_reg[1]
INFO: [Physopt 32-663] Processed net top_i/StreamingDataflowPartition_1/inst/StreamingDataflowPartition_1_MVAU_hls_0/StreamingDataflowPartition_1_MVAU_hls_0/inst/grp_Matrix_Vector_Activate_Stream_Batch_fu_60/flow_control_loop_pipe_sequential_init_U/sf_fu_1652_reg[2]_129.  Re-placed instance top_i/StreamingDataflowPartition_1/inst/StreamingDataflowPartition_1_MVAU_hls_0/StreamingDataflowPartition_1_MVAU_hls_0/inst/grp_Matrix_Vector_Activate_Stream_Batch_fu_60/flow_control_loop_pipe_sequential_init_U/tmp_reg_19741[3]_i_353
INFO: [Physopt 32-662] Processed net top_i/StreamingDataflowPartition_1/inst/StreamingDataflowPartition_1_MVAU_hls_0/StreamingDataflowPartition_1_MVAU_hls_0/inst/grp_Matrix_Vector_Activate_Stream_Batch_fu_60/sparsemux_1569_10_8_1_1_U1/tmp_reg_19741[2]_i_26_n_3.  Did not re-place instance top_i/StreamingDataflowPartition_1/inst/StreamingDataflowPartition_1_MVAU_hls_0/StreamingDataflowPartition_1_MVAU_hls_0/inst/grp_Matrix_Vector_Activate_Stream_Batch_fu_60/sparsemux_1569_10_8_1_1_U1/tmp_reg_19741[2]_i_26
INFO: [Physopt 32-662] Processed net top_i/StreamingDataflowPartition_1/inst/StreamingDataflowPartition_1_MVAU_hls_0/StreamingDataflowPartition_1_MVAU_hls_0/inst/grp_Matrix_Vector_Activate_Stream_Batch_fu_60/inputBuf_783_fu_4796[0].  Did not re-place instance top_i/StreamingDataflowPartition_1/inst/StreamingDataflowPartition_1_MVAU_hls_0/StreamingDataflowPartition_1_MVAU_hls_0/inst/grp_Matrix_Vector_Activate_Stream_Batch_fu_60/inputBuf_783_fu_4796_reg[0]
INFO: [Physopt 32-662] Processed net top_i/StreamingDataflowPartition_1/inst/StreamingDataflowPartition_1_MVAU_hls_0/StreamingDataflowPartition_1_MVAU_hls_0/inst/grp_Matrix_Vector_Activate_Stream_Batch_fu_60/inputBuf_783_fu_4796[1].  Did not re-place instance top_i/StreamingDataflowPartition_1/inst/StreamingDataflowPartition_1_MVAU_hls_0/StreamingDataflowPartition_1_MVAU_hls_0/inst/grp_Matrix_Vector_Activate_Stream_Batch_fu_60/inputBuf_783_fu_4796_reg[1]
INFO: [Physopt 32-662] Processed net top_i/StreamingDataflowPartition_1/inst/StreamingDataflowPartition_1_MVAU_hls_0/StreamingDataflowPartition_1_MVAU_hls_0/inst/grp_Matrix_Vector_Activate_Stream_Batch_fu_60/inputBuf_783_fu_4796[2].  Did not re-place instance top_i/StreamingDataflowPartition_1/inst/StreamingDataflowPartition_1_MVAU_hls_0/StreamingDataflowPartition_1_MVAU_hls_0/inst/grp_Matrix_Vector_Activate_Stream_Batch_fu_60/inputBuf_783_fu_4796_reg[2]
INFO: [Physopt 32-662] Processed net top_i/StreamingDataflowPartition_1/inst/StreamingDataflowPartition_1_MVAU_hls_0/StreamingDataflowPartition_1_MVAU_hls_0/inst/grp_Matrix_Vector_Activate_Stream_Batch_fu_60/inputBuf_783_fu_4796[6].  Did not re-place instance top_i/StreamingDataflowPartition_1/inst/StreamingDataflowPartition_1_MVAU_hls_0/StreamingDataflowPartition_1_MVAU_hls_0/inst/grp_Matrix_Vector_Activate_Stream_Batch_fu_60/inputBuf_783_fu_4796_reg[6]
INFO: [Physopt 32-662] Processed net top_i/StreamingDataflowPartition_1/inst/StreamingDataflowPartition_1_MVAU_hls_0/StreamingDataflowPartition_1_MVAU_hls_0/inst/grp_Matrix_Vector_Activate_Stream_Batch_fu_60/inputBuf_783_fu_4796[4].  Did not re-place instance top_i/StreamingDataflowPartition_1/inst/StreamingDataflowPartition_1_MVAU_hls_0/StreamingDataflowPartition_1_MVAU_hls_0/inst/grp_Matrix_Vector_Activate_Stream_Batch_fu_60/inputBuf_783_fu_4796_reg[4]
INFO: [Physopt 32-662] Processed net top_i/StreamingDataflowPartition_1/inst/StreamingDataflowPartition_1_MVAU_hls_0/StreamingDataflowPartition_1_MVAU_hls_0/inst/grp_Matrix_Vector_Activate_Stream_Batch_fu_60/sparsemux_1569_10_8_1_1_U1/tmp_reg_19741[7]_i_28_n_3.  Did not re-place instance top_i/StreamingDataflowPartition_1/inst/StreamingDataflowPartition_1_MVAU_hls_0/StreamingDataflowPartition_1_MVAU_hls_0/inst/grp_Matrix_Vector_Activate_Stream_Batch_fu_60/sparsemux_1569_10_8_1_1_U1/tmp_reg_19741[7]_i_28
INFO: [Physopt 32-662] Processed net top_i/StreamingDataflowPartition_1/inst/StreamingDataflowPartition_1_MVAU_hls_0/StreamingDataflowPartition_1_MVAU_hls_0/inst/grp_Matrix_Vector_Activate_Stream_Batch_fu_60/sparsemux_1569_10_8_1_1_U1/tmp_reg_19741[7]_i_30_n_3.  Did not re-place instance top_i/StreamingDataflowPartition_1/inst/StreamingDataflowPartition_1_MVAU_hls_0/StreamingDataflowPartition_1_MVAU_hls_0/inst/grp_Matrix_Vector_Activate_Stream_Batch_fu_60/sparsemux_1569_10_8_1_1_U1/tmp_reg_19741[7]_i_30
INFO: [Physopt 32-662] Processed net top_i/StreamingDataflowPartition_1/inst/StreamingDataflowPartition_1_MVAU_hls_0/StreamingDataflowPartition_1_MVAU_hls_0/inst/grp_Matrix_Vector_Activate_Stream_Batch_fu_60/sparsemux_1569_10_8_1_1_U1/tmp_reg_19741[7]_i_351_n_3.  Did not re-place instance top_i/StreamingDataflowPartition_1/inst/StreamingDataflowPartition_1_MVAU_hls_0/StreamingDataflowPartition_1_MVAU_hls_0/inst/grp_Matrix_Vector_Activate_Stream_Batch_fu_60/sparsemux_1569_10_8_1_1_U1/tmp_reg_19741[7]_i_351
INFO: [Physopt 32-663] Processed net top_i/StreamingDataflowPartition_1/inst/StreamingDataflowPartition_1_MVAU_hls_0/StreamingDataflowPartition_1_MVAU_hls_0/inst/grp_Matrix_Vector_Activate_Stream_Batch_fu_60/flow_control_loop_pipe_sequential_init_U/sf_fu_1652_reg[1]_40.  Re-placed instance top_i/StreamingDataflowPartition_1/inst/StreamingDataflowPartition_1_MVAU_hls_0/StreamingDataflowPartition_1_MVAU_hls_0/inst/grp_Matrix_Vector_Activate_Stream_Batch_fu_60/flow_control_loop_pipe_sequential_init_U/inputBuf_256_fu_2688[7]_i_3
INFO: [Physopt 32-662] Processed net top_i/StreamingDataflowPartition_1/inst/StreamingDataflowPartition_1_MVAU_hls_0/StreamingDataflowPartition_1_MVAU_hls_0/inst/grp_Matrix_Vector_Activate_Stream_Batch_fu_60/sparsemux_1569_10_8_1_1_U1/tmp_reg_19741[0]_i_197_n_3.  Did not re-place instance top_i/StreamingDataflowPartition_1/inst/StreamingDataflowPartition_1_MVAU_hls_0/StreamingDataflowPartition_1_MVAU_hls_0/inst/grp_Matrix_Vector_Activate_Stream_Batch_fu_60/sparsemux_1569_10_8_1_1_U1/tmp_reg_19741[0]_i_197
INFO: [Physopt 32-662] Processed net top_i/StreamingDataflowPartition_1/inst/StreamingDataflowPartition_1_MVAU_hls_0/StreamingDataflowPartition_1_MVAU_hls_0/inst/grp_Matrix_Vector_Activate_Stream_Batch_fu_60/sparsemux_1569_10_8_1_1_U1/tmp_reg_19741[1]_i_246_n_3.  Did not re-place instance top_i/StreamingDataflowPartition_1/inst/StreamingDataflowPartition_1_MVAU_hls_0/StreamingDataflowPartition_1_MVAU_hls_0/inst/grp_Matrix_Vector_Activate_Stream_Batch_fu_60/sparsemux_1569_10_8_1_1_U1/tmp_reg_19741[1]_i_246
INFO: [Physopt 32-663] Processed net top_i/StreamingDataflowPartition_1/inst/StreamingDataflowPartition_1_MVAU_hls_0/StreamingDataflowPartition_1_MVAU_hls_0/inst/grp_Matrix_Vector_Activate_Stream_Batch_fu_60/flow_control_loop_pipe_sequential_init_U/sf_fu_1652_reg[3]_118.  Re-placed instance top_i/StreamingDataflowPartition_1/inst/StreamingDataflowPartition_1_MVAU_hls_0/StreamingDataflowPartition_1_MVAU_hls_0/inst/grp_Matrix_Vector_Activate_Stream_Batch_fu_60/flow_control_loop_pipe_sequential_init_U/tmp_reg_19741[1]_i_13
INFO: [Physopt 32-662] Processed net top_i/StreamingDataflowPartition_1/inst/StreamingDataflowPartition_1_MVAU_hls_0/StreamingDataflowPartition_1_MVAU_hls_0/inst/grp_Matrix_Vector_Activate_Stream_Batch_fu_60/sparsemux_1569_10_8_1_1_U1/tmp_reg_19741[1]_i_26_n_3.  Did not re-place instance top_i/StreamingDataflowPartition_1/inst/StreamingDataflowPartition_1_MVAU_hls_0/StreamingDataflowPartition_1_MVAU_hls_0/inst/grp_Matrix_Vector_Activate_Stream_Batch_fu_60/sparsemux_1569_10_8_1_1_U1/tmp_reg_19741[1]_i_26
INFO: [Physopt 32-663] Processed net top_i/StreamingDataflowPartition_1/inst/StreamingDataflowPartition_1_MVAU_hls_2/StreamingDataflowPartition_1_MVAU_hls_2/inst/grp_Matrix_Vector_Activate_Stream_Batch_fu_60_ap_start_reg_reg_rep_n_3.  Re-placed instance top_i/StreamingDataflowPartition_1/inst/StreamingDataflowPartition_1_MVAU_hls_2/StreamingDataflowPartition_1_MVAU_hls_2/inst/grp_Matrix_Vector_Activate_Stream_Batch_fu_60_ap_start_reg_reg_rep
INFO: [Physopt 32-662] Processed net top_i/StreamingDataflowPartition_1/inst/StreamingDataflowPartition_1_MVAU_hls_0/StreamingDataflowPartition_1_MVAU_hls_0/inst/grp_Matrix_Vector_Activate_Stream_Batch_fu_60/sparsemux_1569_10_8_1_1_U1/tmp_reg_19741[6]_i_344_n_3.  Did not re-place instance top_i/StreamingDataflowPartition_1/inst/StreamingDataflowPartition_1_MVAU_hls_0/StreamingDataflowPartition_1_MVAU_hls_0/inst/grp_Matrix_Vector_Activate_Stream_Batch_fu_60/sparsemux_1569_10_8_1_1_U1/tmp_reg_19741[6]_i_344
INFO: [Physopt 32-662] Processed net top_i/StreamingDataflowPartition_1/inst/StreamingDataflowPartition_1_MVAU_hls_0/StreamingDataflowPartition_1_MVAU_hls_0/inst/grp_Matrix_Vector_Activate_Stream_Batch_fu_60/flow_control_loop_pipe_sequential_init_U/sf_fu_1652_reg[0]_rep__1.  Did not re-place instance top_i/StreamingDataflowPartition_1/inst/StreamingDataflowPartition_1_MVAU_hls_0/StreamingDataflowPartition_1_MVAU_hls_0/inst/grp_Matrix_Vector_Activate_Stream_Batch_fu_60/flow_control_loop_pipe_sequential_init_U/inputBuf_33_fu_1796[7]_i_2
INFO: [Physopt 32-662] Processed net top_i/StreamingDataflowPartition_1/inst/StreamingDataflowPartition_1_MVAU_hls_0/StreamingDataflowPartition_1_MVAU_hls_0/inst/grp_Matrix_Vector_Activate_Stream_Batch_fu_60/sparsemux_1569_10_8_1_1_U1/tmp_reg_19741[6]_i_20_n_3.  Did not re-place instance top_i/StreamingDataflowPartition_1/inst/StreamingDataflowPartition_1_MVAU_hls_0/StreamingDataflowPartition_1_MVAU_hls_0/inst/grp_Matrix_Vector_Activate_Stream_Batch_fu_60/sparsemux_1569_10_8_1_1_U1/tmp_reg_19741[6]_i_20
INFO: [Physopt 32-662] Processed net top_i/StreamingDataflowPartition_1/inst/StreamingDataflowPartition_1_MVAU_hls_0/StreamingDataflowPartition_1_MVAU_hls_0/inst/grp_Matrix_Vector_Activate_Stream_Batch_fu_60/sparsemux_1569_10_8_1_1_U1/tmp_reg_19741[6]_i_242_n_3.  Did not re-place instance top_i/StreamingDataflowPartition_1/inst/StreamingDataflowPartition_1_MVAU_hls_0/StreamingDataflowPartition_1_MVAU_hls_0/inst/grp_Matrix_Vector_Activate_Stream_Batch_fu_60/sparsemux_1569_10_8_1_1_U1/tmp_reg_19741[6]_i_242
INFO: [Physopt 32-662] Processed net top_i/StreamingDataflowPartition_1/inst/StreamingDataflowPartition_1_MVAU_hls_0/StreamingDataflowPartition_1_MVAU_hls_0/inst/grp_Matrix_Vector_Activate_Stream_Batch_fu_60/sparsemux_1569_10_8_1_1_U1/tmp_reg_19741[6]_i_27_n_3.  Did not re-place instance top_i/StreamingDataflowPartition_1/inst/StreamingDataflowPartition_1_MVAU_hls_0/StreamingDataflowPartition_1_MVAU_hls_0/inst/grp_Matrix_Vector_Activate_Stream_Batch_fu_60/sparsemux_1569_10_8_1_1_U1/tmp_reg_19741[6]_i_27
INFO: [Physopt 32-662] Processed net top_i/StreamingDataflowPartition_1/inst/StreamingDataflowPartition_1_MVAU_hls_0/StreamingDataflowPartition_1_MVAU_hls_0/inst/grp_Matrix_Vector_Activate_Stream_Batch_fu_60/sparsemux_1569_10_8_1_1_U1/tmp_reg_19741[6]_i_358_n_3.  Did not re-place instance top_i/StreamingDataflowPartition_1/inst/StreamingDataflowPartition_1_MVAU_hls_0/StreamingDataflowPartition_1_MVAU_hls_0/inst/grp_Matrix_Vector_Activate_Stream_Batch_fu_60/sparsemux_1569_10_8_1_1_U1/tmp_reg_19741[6]_i_358
INFO: [Physopt 32-662] Processed net top_i/StreamingDataflowPartition_1/inst/StreamingDataflowPartition_1_MVAU_hls_0/StreamingDataflowPartition_1_MVAU_hls_0/inst/grp_Matrix_Vector_Activate_Stream_Batch_fu_60/flow_control_loop_pipe_sequential_init_U/sf_fu_1652_reg[1]_45.  Did not re-place instance top_i/StreamingDataflowPartition_1/inst/StreamingDataflowPartition_1_MVAU_hls_0/StreamingDataflowPartition_1_MVAU_hls_0/inst/grp_Matrix_Vector_Activate_Stream_Batch_fu_60/flow_control_loop_pipe_sequential_init_U/inputBuf_584_fu_4000[7]_i_2
INFO: [Physopt 32-662] Processed net top_i/StreamingDataflowPartition_1/inst/StreamingDataflowPartition_1_MVAU_hls_0/StreamingDataflowPartition_1_MVAU_hls_0/inst/grp_Matrix_Vector_Activate_Stream_Batch_fu_60/flow_control_loop_pipe_sequential_init_U/sf_fu_1652_reg[2]_112[0].  Did not re-place instance top_i/StreamingDataflowPartition_1/inst/StreamingDataflowPartition_1_MVAU_hls_0/StreamingDataflowPartition_1_MVAU_hls_0/inst/grp_Matrix_Vector_Activate_Stream_Batch_fu_60/flow_control_loop_pipe_sequential_init_U/inputBuf_78_fu_1976[7]_i_1
INFO: [Physopt 32-663] Processed net top_i/StreamingDataflowPartition_1/inst/StreamingDataflowPartition_1_MVAU_hls_0/StreamingDataflowPartition_1_MVAU_hls_0/inst/grp_Matrix_Vector_Activate_Stream_Batch_fu_60/inputBuf_78_fu_1976[4].  Re-placed instance top_i/StreamingDataflowPartition_1/inst/StreamingDataflowPartition_1_MVAU_hls_0/StreamingDataflowPartition_1_MVAU_hls_0/inst/grp_Matrix_Vector_Activate_Stream_Batch_fu_60/inputBuf_78_fu_1976_reg[4]
INFO: [Physopt 32-662] Processed net top_i/StreamingDataflowPartition_1/inst/StreamingDataflowPartition_1_MVAU_hls_0/StreamingDataflowPartition_1_MVAU_hls_0/inst/grp_Matrix_Vector_Activate_Stream_Batch_fu_60/sparsemux_1569_10_8_1_1_U1/tmp_reg_19741[6]_i_357_n_3.  Did not re-place instance top_i/StreamingDataflowPartition_1/inst/StreamingDataflowPartition_1_MVAU_hls_0/StreamingDataflowPartition_1_MVAU_hls_0/inst/grp_Matrix_Vector_Activate_Stream_Batch_fu_60/sparsemux_1569_10_8_1_1_U1/tmp_reg_19741[6]_i_357
INFO: [Physopt 32-662] Processed net top_i/StreamingDataflowPartition_1/inst/StreamingDataflowPartition_1_MVAU_hls_0/StreamingDataflowPartition_1_MVAU_hls_0/inst/grp_Matrix_Vector_Activate_Stream_Batch_fu_60/sparsemux_1569_10_8_1_1_U1/tmp_reg_19741[6]_i_241_n_3.  Did not re-place instance top_i/StreamingDataflowPartition_1/inst/StreamingDataflowPartition_1_MVAU_hls_0/StreamingDataflowPartition_1_MVAU_hls_0/inst/grp_Matrix_Vector_Activate_Stream_Batch_fu_60/sparsemux_1569_10_8_1_1_U1/tmp_reg_19741[6]_i_241
INFO: [Physopt 32-662] Processed net top_i/StreamingDataflowPartition_1/inst/StreamingDataflowPartition_1_MVAU_hls_0/StreamingDataflowPartition_1_MVAU_hls_0/inst/grp_Matrix_Vector_Activate_Stream_Batch_fu_60/sparsemux_1569_10_8_1_1_U1/tmp_reg_19741[6]_i_343_n_3.  Did not re-place instance top_i/StreamingDataflowPartition_1/inst/StreamingDataflowPartition_1_MVAU_hls_0/StreamingDataflowPartition_1_MVAU_hls_0/inst/grp_Matrix_Vector_Activate_Stream_Batch_fu_60/sparsemux_1569_10_8_1_1_U1/tmp_reg_19741[6]_i_343
INFO: [Physopt 32-662] Processed net top_i/StreamingDataflowPartition_1/inst/StreamingDataflowPartition_1_MVAU_hls_0/StreamingDataflowPartition_1_MVAU_hls_0/inst/grp_Matrix_Vector_Activate_Stream_Batch_fu_60/sparsemux_1569_10_8_1_1_U1/tmp_reg_19741[7]_i_350_n_3.  Did not re-place instance top_i/StreamingDataflowPartition_1/inst/StreamingDataflowPartition_1_MVAU_hls_0/StreamingDataflowPartition_1_MVAU_hls_0/inst/grp_Matrix_Vector_Activate_Stream_Batch_fu_60/sparsemux_1569_10_8_1_1_U1/tmp_reg_19741[7]_i_350
INFO: [Physopt 32-662] Processed net top_i/idma0/inst/StreamingDataflowPartition_0_IODMA_hls_0/inst/StreamingDataWidthConverter_Batch_64u_8u_98u_U0/grp_StreamingDataWidthConverter_Batch_64u_8u_98u_Pipeline_VITIS_LOOP_526_1_fu_46/flow_control_loop_pipe_sequential_init_U/ap_loop_init_int_reg_0[0].  Did not re-place instance top_i/idma0/inst/StreamingDataflowPartition_0_IODMA_hls_0/inst/StreamingDataWidthConverter_Batch_64u_8u_98u_U0/grp_StreamingDataWidthConverter_Batch_64u_8u_98u_Pipeline_VITIS_LOOP_526_1_fu_46/flow_control_loop_pipe_sequential_init_U/o_fu_48[31]_i_1
INFO: [Physopt 32-663] Processed net top_i/idma0/inst/StreamingDataflowPartition_0_IODMA_hls_0/inst/StreamingDataWidthConverter_Batch_64u_8u_98u_U0/grp_StreamingDataWidthConverter_Batch_64u_8u_98u_Pipeline_VITIS_LOOP_526_1_fu_46/flow_control_loop_pipe_sequential_init_U/ap_sig_allocacmp_o_3[0].  Re-placed instance top_i/idma0/inst/StreamingDataflowPartition_0_IODMA_hls_0/inst/StreamingDataWidthConverter_Batch_64u_8u_98u_U0/grp_StreamingDataWidthConverter_Batch_64u_8u_98u_Pipeline_VITIS_LOOP_526_1_fu_46/flow_control_loop_pipe_sequential_init_U/o_4_fu_124_p2_carry_i_1
INFO: [Physopt 32-663] Processed net top_i/idma0/inst/StreamingDataflowPartition_0_IODMA_hls_0/inst/StreamingDataWidthConverter_Batch_64u_8u_98u_U0/grp_StreamingDataWidthConverter_Batch_64u_8u_98u_Pipeline_VITIS_LOOP_526_1_fu_46/o_fu_48_reg_n_0_[0].  Re-placed instance top_i/idma0/inst/StreamingDataflowPartition_0_IODMA_hls_0/inst/StreamingDataWidthConverter_Batch_64u_8u_98u_U0/grp_StreamingDataWidthConverter_Batch_64u_8u_98u_Pipeline_VITIS_LOOP_526_1_fu_46/o_fu_48_reg[0]
INFO: [Physopt 32-663] Processed net top_i/idma0/inst/StreamingDataflowPartition_0_IODMA_hls_0/inst/StreamingDataWidthConverter_Batch_64u_8u_98u_U0/grp_StreamingDataWidthConverter_Batch_64u_8u_98u_Pipeline_VITIS_LOOP_526_1_fu_46/o_fu_48_reg_n_0_[5].  Re-placed instance top_i/idma0/inst/StreamingDataflowPartition_0_IODMA_hls_0/inst/StreamingDataWidthConverter_Batch_64u_8u_98u_U0/grp_StreamingDataWidthConverter_Batch_64u_8u_98u_Pipeline_VITIS_LOOP_526_1_fu_46/o_fu_48_reg[5]
INFO: [Physopt 32-663] Processed net top_i/idma0/inst/StreamingDataflowPartition_0_IODMA_hls_0/inst/StreamingDataWidthConverter_Batch_64u_8u_98u_U0/grp_StreamingDataWidthConverter_Batch_64u_8u_98u_Pipeline_VITIS_LOOP_526_1_fu_46/o_fu_48_reg_n_0_[6].  Re-placed instance top_i/idma0/inst/StreamingDataflowPartition_0_IODMA_hls_0/inst/StreamingDataWidthConverter_Batch_64u_8u_98u_U0/grp_StreamingDataWidthConverter_Batch_64u_8u_98u_Pipeline_VITIS_LOOP_526_1_fu_46/o_fu_48_reg[6]
INFO: [Physopt 32-663] Processed net top_i/idma0/inst/StreamingDataflowPartition_0_IODMA_hls_0/inst/StreamingDataWidthConverter_Batch_64u_8u_98u_U0/grp_StreamingDataWidthConverter_Batch_64u_8u_98u_Pipeline_VITIS_LOOP_526_1_fu_46/o_fu_48_reg_n_0_[7].  Re-placed instance top_i/idma0/inst/StreamingDataflowPartition_0_IODMA_hls_0/inst/StreamingDataWidthConverter_Batch_64u_8u_98u_U0/grp_StreamingDataWidthConverter_Batch_64u_8u_98u_Pipeline_VITIS_LOOP_526_1_fu_46/o_fu_48_reg[7]
INFO: [Physopt 32-663] Processed net top_i/idma0/inst/StreamingDataflowPartition_0_IODMA_hls_0/inst/StreamingDataWidthConverter_Batch_64u_8u_98u_U0/grp_StreamingDataWidthConverter_Batch_64u_8u_98u_Pipeline_VITIS_LOOP_526_1_fu_46/o_fu_48_reg_n_0_[8].  Re-placed instance top_i/idma0/inst/StreamingDataflowPartition_0_IODMA_hls_0/inst/StreamingDataWidthConverter_Batch_64u_8u_98u_U0/grp_StreamingDataWidthConverter_Batch_64u_8u_98u_Pipeline_VITIS_LOOP_526_1_fu_46/o_fu_48_reg[8]
INFO: [Physopt 32-662] Processed net top_i/idma0/inst/StreamingDataflowPartition_0_IODMA_hls_0/inst/StreamingDataWidthConverter_Batch_64u_8u_98u_U0/grp_StreamingDataWidthConverter_Batch_64u_8u_98u_Pipeline_VITIS_LOOP_526_1_fu_46/flow_control_loop_pipe_sequential_init_U/o_fu_48[31]_i_2_n_0.  Did not re-place instance top_i/idma0/inst/StreamingDataflowPartition_0_IODMA_hls_0/inst/StreamingDataWidthConverter_Batch_64u_8u_98u_U0/grp_StreamingDataWidthConverter_Batch_64u_8u_98u_Pipeline_VITIS_LOOP_526_1_fu_46/flow_control_loop_pipe_sequential_init_U/o_fu_48[31]_i_2
INFO: [Physopt 32-663] Processed net top_i/idma0/inst/StreamingDataflowPartition_0_IODMA_hls_0/inst/StreamingDataWidthConverter_Batch_64u_8u_98u_U0/grp_StreamingDataWidthConverter_Batch_64u_8u_98u_Pipeline_VITIS_LOOP_526_1_fu_46/o_fu_48[31]_i_6_n_0.  Re-placed instance top_i/idma0/inst/StreamingDataflowPartition_0_IODMA_hls_0/inst/StreamingDataWidthConverter_Batch_64u_8u_98u_U0/grp_StreamingDataWidthConverter_Batch_64u_8u_98u_Pipeline_VITIS_LOOP_526_1_fu_46/o_fu_48[31]_i_6
INFO: [Physopt 32-662] Processed net top_i/StreamingDataflowPartition_1/inst/StreamingDataflowPartition_1_MVAU_hls_0/StreamingDataflowPartition_1_MVAU_hls_0/inst/grp_Matrix_Vector_Activate_Stream_Batch_fu_60/sparsemux_1569_10_8_1_1_U1/tmp_reg_19741[1]_i_245_n_3.  Did not re-place instance top_i/StreamingDataflowPartition_1/inst/StreamingDataflowPartition_1_MVAU_hls_0/StreamingDataflowPartition_1_MVAU_hls_0/inst/grp_Matrix_Vector_Activate_Stream_Batch_fu_60/sparsemux_1569_10_8_1_1_U1/tmp_reg_19741[1]_i_245
INFO: [Physopt 32-662] Processed net top_i/StreamingDataflowPartition_1/inst/StreamingDataflowPartition_1_MVAU_hls_1/StreamingDataflowPartition_1_MVAU_hls_1/inst/grp_Matrix_Vector_Activate_Stream_Batch_fu_60/flow_control_loop_pipe_sequential_init_U/grp_Matrix_Vector_Activate_Stream_Batch_fu_60_ap_start_reg_reg_1[0].  Did not re-place instance top_i/StreamingDataflowPartition_1/inst/StreamingDataflowPartition_1_MVAU_hls_1/StreamingDataflowPartition_1_MVAU_hls_1/inst/grp_Matrix_Vector_Activate_Stream_Batch_fu_60/flow_control_loop_pipe_sequential_init_U/nf_1_fu_1630[31]_i_1
INFO: [Physopt 32-662] Processed net top_i/StreamingDataflowPartition_1/inst/StreamingDataflowPartition_1_MVAU_hls_1/StreamingDataflowPartition_1_MVAU_hls_1/inst/grp_Matrix_Vector_Activate_Stream_Batch_fu_60/nf_1_fu_1630_reg_n_3_[0].  Did not re-place instance top_i/StreamingDataflowPartition_1/inst/StreamingDataflowPartition_1_MVAU_hls_1/StreamingDataflowPartition_1_MVAU_hls_1/inst/grp_Matrix_Vector_Activate_Stream_Batch_fu_60/nf_1_fu_1630_reg[0]
INFO: [Physopt 32-663] Processed net top_i/StreamingDataflowPartition_1/inst/StreamingDataflowPartition_1_MVAU_hls_1/StreamingDataflowPartition_1_MVAU_hls_1/inst/grp_Matrix_Vector_Activate_Stream_Batch_fu_60/nf_1_fu_1630_reg_n_3_[5].  Re-placed instance top_i/StreamingDataflowPartition_1/inst/StreamingDataflowPartition_1_MVAU_hls_1/StreamingDataflowPartition_1_MVAU_hls_1/inst/grp_Matrix_Vector_Activate_Stream_Batch_fu_60/nf_1_fu_1630_reg[5]
INFO: [Physopt 32-663] Processed net top_i/StreamingDataflowPartition_1/inst/StreamingDataflowPartition_1_MVAU_hls_1/StreamingDataflowPartition_1_MVAU_hls_1/inst/grp_Matrix_Vector_Activate_Stream_Batch_fu_60/nf_1_fu_1630_reg_n_3_[6].  Re-placed instance top_i/StreamingDataflowPartition_1/inst/StreamingDataflowPartition_1_MVAU_hls_1/StreamingDataflowPartition_1_MVAU_hls_1/inst/grp_Matrix_Vector_Activate_Stream_Batch_fu_60/nf_1_fu_1630_reg[6]
INFO: [Physopt 32-663] Processed net top_i/StreamingDataflowPartition_1/inst/StreamingDataflowPartition_1_MVAU_hls_1/StreamingDataflowPartition_1_MVAU_hls_1/inst/grp_Matrix_Vector_Activate_Stream_Batch_fu_60/nf_1_fu_1630_reg_n_3_[7].  Re-placed instance top_i/StreamingDataflowPartition_1/inst/StreamingDataflowPartition_1_MVAU_hls_1/StreamingDataflowPartition_1_MVAU_hls_1/inst/grp_Matrix_Vector_Activate_Stream_Batch_fu_60/nf_1_fu_1630_reg[7]
INFO: [Physopt 32-662] Processed net top_i/StreamingDataflowPartition_1/inst/StreamingDataflowPartition_1_MVAU_hls_1/StreamingDataflowPartition_1_MVAU_hls_1/inst/grp_Matrix_Vector_Activate_Stream_Batch_fu_60/nf_1_fu_1630_reg_n_3_[8].  Did not re-place instance top_i/StreamingDataflowPartition_1/inst/StreamingDataflowPartition_1_MVAU_hls_1/StreamingDataflowPartition_1_MVAU_hls_1/inst/grp_Matrix_Vector_Activate_Stream_Batch_fu_60/nf_1_fu_1630_reg[8]
INFO: [Physopt 32-662] Processed net top_i/StreamingDataflowPartition_1/inst/StreamingDataflowPartition_1_MVAU_hls_1/StreamingDataflowPartition_1_MVAU_hls_1/inst/grp_Matrix_Vector_Activate_Stream_Batch_fu_60/flow_control_loop_pipe_sequential_init_U/nf_1_fu_1630_reg[7][0].  Did not re-place instance top_i/StreamingDataflowPartition_1/inst/StreamingDataflowPartition_1_MVAU_hls_1/StreamingDataflowPartition_1_MVAU_hls_1/inst/grp_Matrix_Vector_Activate_Stream_Batch_fu_60/flow_control_loop_pipe_sequential_init_U/nf_2_reg_7055[0]_i_1
INFO: [Physopt 32-662] Processed net top_i/StreamingDataflowPartition_1/inst/StreamingDataflowPartition_1_MVAU_hls_0/StreamingDataflowPartition_1_MVAU_hls_0/inst/grp_Matrix_Vector_Activate_Stream_Batch_fu_60/sparsemux_1569_10_8_1_1_U1/tmp_reg_19741[2]_i_360_n_3.  Did not re-place instance top_i/StreamingDataflowPartition_1/inst/StreamingDataflowPartition_1_MVAU_hls_0/StreamingDataflowPartition_1_MVAU_hls_0/inst/grp_Matrix_Vector_Activate_Stream_Batch_fu_60/sparsemux_1569_10_8_1_1_U1/tmp_reg_19741[2]_i_360
INFO: [Physopt 32-662] Processed net top_i/StreamingDataflowPartition_1/inst/StreamingDataflowPartition_1_MVAU_hls_1/StreamingDataflowPartition_1_MVAU_hls_1/inst/grp_Matrix_Vector_Activate_Stream_Batch_fu_60/flow_control_loop_pipe_sequential_init_U/nf_1_fu_1630[31]_i_2_n_3.  Did not re-place instance top_i/StreamingDataflowPartition_1/inst/StreamingDataflowPartition_1_MVAU_hls_1/StreamingDataflowPartition_1_MVAU_hls_1/inst/grp_Matrix_Vector_Activate_Stream_Batch_fu_60/flow_control_loop_pipe_sequential_init_U/nf_1_fu_1630[31]_i_2
INFO: [Physopt 32-662] Processed net top_i/StreamingDataflowPartition_1/inst/StreamingDataflowPartition_1_MVAU_hls_1/StreamingDataflowPartition_1_MVAU_hls_1/inst/grp_Matrix_Vector_Activate_Stream_Batch_fu_60/flow_control_loop_pipe_sequential_init_U/nf_1_fu_1630[31]_i_3_n_3.  Did not re-place instance top_i/StreamingDataflowPartition_1/inst/StreamingDataflowPartition_1_MVAU_hls_1/StreamingDataflowPartition_1_MVAU_hls_1/inst/grp_Matrix_Vector_Activate_Stream_Batch_fu_60/flow_control_loop_pipe_sequential_init_U/nf_1_fu_1630[31]_i_3
INFO: [Physopt 32-662] Processed net top_i/StreamingDataflowPartition_1/inst/StreamingDataflowPartition_1_MVAU_hls_1/StreamingDataflowPartition_1_MVAU_hls_1/inst/grp_Matrix_Vector_Activate_Stream_Batch_fu_60/flow_control_loop_pipe_sequential_init_U/nf_1_fu_1630[31]_i_7_n_3.  Did not re-place instance top_i/StreamingDataflowPartition_1/inst/StreamingDataflowPartition_1_MVAU_hls_1/StreamingDataflowPartition_1_MVAU_hls_1/inst/grp_Matrix_Vector_Activate_Stream_Batch_fu_60/flow_control_loop_pipe_sequential_init_U/nf_1_fu_1630[31]_i_7
INFO: [Physopt 32-662] Processed net top_i/StreamingDataflowPartition_1/inst/StreamingDataflowPartition_1_MVAU_hls_0/StreamingDataflowPartition_1_MVAU_hls_0/inst/grp_Matrix_Vector_Activate_Stream_Batch_fu_60/sparsemux_1569_10_8_1_1_U1/tmp_reg_19741[2]_i_22_n_3.  Did not re-place instance top_i/StreamingDataflowPartition_1/inst/StreamingDataflowPartition_1_MVAU_hls_0/StreamingDataflowPartition_1_MVAU_hls_0/inst/grp_Matrix_Vector_Activate_Stream_Batch_fu_60/sparsemux_1569_10_8_1_1_U1/tmp_reg_19741[2]_i_22
INFO: [Physopt 32-662] Processed net top_i/StreamingDataflowPartition_1/inst/StreamingDataflowPartition_1_MVAU_hls_0/StreamingDataflowPartition_1_MVAU_hls_0/inst/grp_Matrix_Vector_Activate_Stream_Batch_fu_60/flow_control_loop_pipe_sequential_init_U/sf_fu_1652[4]_i_4_n_3.  Did not re-place instance top_i/StreamingDataflowPartition_1/inst/StreamingDataflowPartition_1_MVAU_hls_0/StreamingDataflowPartition_1_MVAU_hls_0/inst/grp_Matrix_Vector_Activate_Stream_Batch_fu_60/flow_control_loop_pipe_sequential_init_U/sf_fu_1652[4]_i_4
INFO: [Physopt 32-662] Processed net top_i/StreamingDataflowPartition_1/inst/StreamingDataflowPartition_1_MVAU_hls_0/StreamingDataflowPartition_1_MVAU_hls_0/inst/grp_Matrix_Vector_Activate_Stream_Batch_fu_60/sparsemux_1569_10_8_1_1_U1/tmp_reg_19741[3]_i_189_n_3.  Did not re-place instance top_i/StreamingDataflowPartition_1/inst/StreamingDataflowPartition_1_MVAU_hls_0/StreamingDataflowPartition_1_MVAU_hls_0/inst/grp_Matrix_Vector_Activate_Stream_Batch_fu_60/sparsemux_1569_10_8_1_1_U1/tmp_reg_19741[3]_i_189
INFO: [Physopt 32-662] Processed net top_i/StreamingDataflowPartition_1/inst/StreamingDataflowPartition_1_MVAU_hls_0/StreamingDataflowPartition_1_MVAU_hls_0/inst/grp_Matrix_Vector_Activate_Stream_Batch_fu_60/flow_control_loop_pipe_sequential_init_U/inputBuf_fu_1664[7]_i_5_n_3.  Did not re-place instance top_i/StreamingDataflowPartition_1/inst/StreamingDataflowPartition_1_MVAU_hls_0/StreamingDataflowPartition_1_MVAU_hls_0/inst/grp_Matrix_Vector_Activate_Stream_Batch_fu_60/flow_control_loop_pipe_sequential_init_U/inputBuf_fu_1664[7]_i_5
INFO: [Physopt 32-662] Processed net top_i/StreamingDataflowPartition_1/inst/StreamingDataflowPartition_1_MVAU_hls_0/StreamingDataflowPartition_1_MVAU_hls_0/inst/grp_Matrix_Vector_Activate_Stream_Batch_fu_60/flow_control_loop_pipe_sequential_init_U/inputBuf_783_fu_4796[7]_i_67_n_3.  Did not re-place instance top_i/StreamingDataflowPartition_1/inst/StreamingDataflowPartition_1_MVAU_hls_0/StreamingDataflowPartition_1_MVAU_hls_0/inst/grp_Matrix_Vector_Activate_Stream_Batch_fu_60/flow_control_loop_pipe_sequential_init_U/inputBuf_783_fu_4796[7]_i_67
INFO: [Physopt 32-662] Processed net top_i/StreamingDataflowPartition_1/inst/StreamingDataflowPartition_1_MVAU_hls_0/StreamingDataflowPartition_1_MVAU_hls_0/inst/grp_Matrix_Vector_Activate_Stream_Batch_fu_60/flow_control_loop_pipe_sequential_init_U/inputBuf_783_fu_4796[7]_i_10_n_3.  Did not re-place instance top_i/StreamingDataflowPartition_1/inst/StreamingDataflowPartition_1_MVAU_hls_0/StreamingDataflowPartition_1_MVAU_hls_0/inst/grp_Matrix_Vector_Activate_Stream_Batch_fu_60/flow_control_loop_pipe_sequential_init_U/inputBuf_783_fu_4796[7]_i_10
INFO: [Physopt 32-662] Processed net top_i/StreamingDataflowPartition_1/inst/StreamingDataflowPartition_1_MVAU_hls_0/StreamingDataflowPartition_1_MVAU_hls_0/inst/grp_Matrix_Vector_Activate_Stream_Batch_fu_60/flow_control_loop_pipe_sequential_init_U/inputBuf_783_fu_4796[7]_i_51_n_3.  Did not re-place instance top_i/StreamingDataflowPartition_1/inst/StreamingDataflowPartition_1_MVAU_hls_0/StreamingDataflowPartition_1_MVAU_hls_0/inst/grp_Matrix_Vector_Activate_Stream_Batch_fu_60/flow_control_loop_pipe_sequential_init_U/inputBuf_783_fu_4796[7]_i_51
INFO: [Physopt 32-662] Processed net top_i/StreamingDataflowPartition_1/inst/StreamingDataflowPartition_1_MVAU_hls_0/StreamingDataflowPartition_1_MVAU_hls_0/inst/grp_Matrix_Vector_Activate_Stream_Batch_fu_60/sparsemux_1569_10_8_1_1_U1/tmp_reg_19741[1]_i_244_n_3.  Did not re-place instance top_i/StreamingDataflowPartition_1/inst/StreamingDataflowPartition_1_MVAU_hls_0/StreamingDataflowPartition_1_MVAU_hls_0/inst/grp_Matrix_Vector_Activate_Stream_Batch_fu_60/sparsemux_1569_10_8_1_1_U1/tmp_reg_19741[1]_i_244
INFO: [Physopt 32-662] Processed net top_i/StreamingDataflowPartition_1/inst/StreamingDataflowPartition_1_MVAU_hls_0/StreamingDataflowPartition_1_MVAU_hls_0/inst/grp_Matrix_Vector_Activate_Stream_Batch_fu_60/sparsemux_1569_10_8_1_1_U1/tmp_reg_19741[0]_i_22_n_3.  Did not re-place instance top_i/StreamingDataflowPartition_1/inst/StreamingDataflowPartition_1_MVAU_hls_0/StreamingDataflowPartition_1_MVAU_hls_0/inst/grp_Matrix_Vector_Activate_Stream_Batch_fu_60/sparsemux_1569_10_8_1_1_U1/tmp_reg_19741[0]_i_22
INFO: [Physopt 32-663] Processed net top_i/StreamingDataflowPartition_1/inst/StreamingDataflowPartition_1_MVAU_hls_0/StreamingDataflowPartition_1_MVAU_hls_0/inst/grp_Matrix_Vector_Activate_Stream_Batch_fu_60/flow_control_loop_pipe_sequential_init_U/sf_fu_1652_reg[1].  Re-placed instance top_i/StreamingDataflowPartition_1/inst/StreamingDataflowPartition_1_MVAU_hls_0/StreamingDataflowPartition_1_MVAU_hls_0/inst/grp_Matrix_Vector_Activate_Stream_Batch_fu_60/flow_control_loop_pipe_sequential_init_U/inputBuf_720_fu_4544[7]_i_2
INFO: [Physopt 32-662] Processed net top_i/StreamingDataflowPartition_1/inst/StreamingDataflowPartition_1_MVAU_hls_0/StreamingDataflowPartition_1_MVAU_hls_0/inst/grp_Matrix_Vector_Activate_Stream_Batch_fu_60/flow_control_loop_pipe_sequential_init_U/inputBuf_164_fu_2320[7]_i_3_n_3.  Did not re-place instance top_i/StreamingDataflowPartition_1/inst/StreamingDataflowPartition_1_MVAU_hls_0/StreamingDataflowPartition_1_MVAU_hls_0/inst/grp_Matrix_Vector_Activate_Stream_Batch_fu_60/flow_control_loop_pipe_sequential_init_U/inputBuf_164_fu_2320[7]_i_3
INFO: [Physopt 32-663] Processed net top_i/StreamingDataflowPartition_1/inst/StreamingDataflowPartition_1_MVAU_hls_0/StreamingDataflowPartition_1_MVAU_hls_0/inst/grp_Matrix_Vector_Activate_Stream_Batch_fu_60/flow_control_loop_pipe_sequential_init_U/inputBuf_783_fu_4796[7]_i_172_n_3.  Re-placed instance top_i/StreamingDataflowPartition_1/inst/StreamingDataflowPartition_1_MVAU_hls_0/StreamingDataflowPartition_1_MVAU_hls_0/inst/grp_Matrix_Vector_Activate_Stream_Batch_fu_60/flow_control_loop_pipe_sequential_init_U/inputBuf_783_fu_4796[7]_i_172
INFO: [Physopt 32-662] Processed net top_i/StreamingDataflowPartition_1/inst/StreamingDataflowPartition_1_MVAU_hls_0/StreamingDataflowPartition_1_MVAU_hls_0/inst/grp_Matrix_Vector_Activate_Stream_Batch_fu_60/flow_control_loop_pipe_sequential_init_U/inputBuf_783_fu_4796[7]_i_26_n_3.  Did not re-place instance top_i/StreamingDataflowPartition_1/inst/StreamingDataflowPartition_1_MVAU_hls_0/StreamingDataflowPartition_1_MVAU_hls_0/inst/grp_Matrix_Vector_Activate_Stream_Batch_fu_60/flow_control_loop_pipe_sequential_init_U/inputBuf_783_fu_4796[7]_i_26
INFO: [Physopt 32-662] Processed net top_i/StreamingDataflowPartition_1/inst/StreamingDataflowPartition_1_MVAU_hls_0/StreamingDataflowPartition_1_MVAU_hls_0/inst/grp_Matrix_Vector_Activate_Stream_Batch_fu_60/flow_control_loop_pipe_sequential_init_U/inputBuf_783_fu_4796[7]_i_5_n_3.  Did not re-place instance top_i/StreamingDataflowPartition_1/inst/StreamingDataflowPartition_1_MVAU_hls_0/StreamingDataflowPartition_1_MVAU_hls_0/inst/grp_Matrix_Vector_Activate_Stream_Batch_fu_60/flow_control_loop_pipe_sequential_init_U/inputBuf_783_fu_4796[7]_i_5
INFO: [Physopt 32-662] Processed net top_i/StreamingDataflowPartition_1/inst/StreamingDataflowPartition_1_MVAU_hls_0/StreamingDataflowPartition_1_MVAU_hls_0/inst/grp_Matrix_Vector_Activate_Stream_Batch_fu_60/flow_control_loop_pipe_sequential_init_U/inputBuf_783_fu_4796[7]_i_94_n_3.  Did not re-place instance top_i/StreamingDataflowPartition_1/inst/StreamingDataflowPartition_1_MVAU_hls_0/StreamingDataflowPartition_1_MVAU_hls_0/inst/grp_Matrix_Vector_Activate_Stream_Batch_fu_60/flow_control_loop_pipe_sequential_init_U/inputBuf_783_fu_4796[7]_i_94
INFO: [Physopt 32-662] Processed net top_i/StreamingDataflowPartition_1/inst/StreamingDataflowPartition_1_MVAU_hls_0/StreamingDataflowPartition_1_MVAU_hls_0/inst/grp_Matrix_Vector_Activate_Stream_Batch_fu_60/sparsemux_1569_10_8_1_1_U1/tmp_reg_19741[4]_i_230_n_3.  Did not re-place instance top_i/StreamingDataflowPartition_1/inst/StreamingDataflowPartition_1_MVAU_hls_0/StreamingDataflowPartition_1_MVAU_hls_0/inst/grp_Matrix_Vector_Activate_Stream_Batch_fu_60/sparsemux_1569_10_8_1_1_U1/tmp_reg_19741[4]_i_230
INFO: [Physopt 32-662] Processed net top_i/StreamingDataflowPartition_1/inst/StreamingDataflowPartition_1_MVAU_hls_0/StreamingDataflowPartition_1_MVAU_hls_0/inst/grp_Matrix_Vector_Activate_Stream_Batch_fu_60/sparsemux_1569_10_8_1_1_U1/tmp_reg_19741[4]_i_231_n_3.  Did not re-place instance top_i/StreamingDataflowPartition_1/inst/StreamingDataflowPartition_1_MVAU_hls_0/StreamingDataflowPartition_1_MVAU_hls_0/inst/grp_Matrix_Vector_Activate_Stream_Batch_fu_60/sparsemux_1569_10_8_1_1_U1/tmp_reg_19741[4]_i_231
INFO: [Physopt 32-663] Processed net top_i/StreamingDataflowPartition_1/inst/StreamingDataflowPartition_1_MVAU_hls_0/StreamingDataflowPartition_1_MVAU_hls_0/inst/grp_Matrix_Vector_Activate_Stream_Batch_fu_60/flow_control_loop_pipe_sequential_init_U/sf_fu_1652_reg[0]_rep__1_0.  Re-placed instance top_i/StreamingDataflowPartition_1/inst/StreamingDataflowPartition_1_MVAU_hls_0/StreamingDataflowPartition_1_MVAU_hls_0/inst/grp_Matrix_Vector_Activate_Stream_Batch_fu_60/flow_control_loop_pipe_sequential_init_U/inputBuf_237_fu_2612[7]_i_2
INFO: [Physopt 32-662] Processed net top_i/StreamingDataflowPartition_1/inst/StreamingDataflowPartition_1_MVAU_hls_0/StreamingDataflowPartition_1_MVAU_hls_0/inst/grp_Matrix_Vector_Activate_Stream_Batch_fu_60/sparsemux_1569_10_8_1_1_U1/tmp_reg_19741[7]_i_361_n_3.  Did not re-place instance top_i/StreamingDataflowPartition_1/inst/StreamingDataflowPartition_1_MVAU_hls_0/StreamingDataflowPartition_1_MVAU_hls_0/inst/grp_Matrix_Vector_Activate_Stream_Batch_fu_60/sparsemux_1569_10_8_1_1_U1/tmp_reg_19741[7]_i_361
INFO: [Physopt 32-662] Processed net top_i/StreamingDataflowPartition_1/inst/StreamingDataflowPartition_1_MVAU_hls_0/StreamingDataflowPartition_1_MVAU_hls_0/inst/grp_Matrix_Vector_Activate_Stream_Batch_fu_60/flow_control_loop_pipe_sequential_init_U/sf_fu_1652_reg[2]_90[0].  Did not re-place instance top_i/StreamingDataflowPartition_1/inst/StreamingDataflowPartition_1_MVAU_hls_0/StreamingDataflowPartition_1_MVAU_hls_0/inst/grp_Matrix_Vector_Activate_Stream_Batch_fu_60/flow_control_loop_pipe_sequential_init_U/inputBuf_61_fu_1908[7]_i_1
INFO: [Physopt 32-663] Processed net top_i/StreamingDataflowPartition_1/inst/StreamingDataflowPartition_1_MVAU_hls_0/StreamingDataflowPartition_1_MVAU_hls_0/inst/grp_Matrix_Vector_Activate_Stream_Batch_fu_60/inputBuf_61_fu_1908[7].  Re-placed instance top_i/StreamingDataflowPartition_1/inst/StreamingDataflowPartition_1_MVAU_hls_0/StreamingDataflowPartition_1_MVAU_hls_0/inst/grp_Matrix_Vector_Activate_Stream_Batch_fu_60/inputBuf_61_fu_1908_reg[7]
INFO: [Physopt 32-662] Processed net top_i/StreamingDataflowPartition_1/inst/StreamingDataflowPartition_1_MVAU_hls_0/StreamingDataflowPartition_1_MVAU_hls_0/inst/grp_Matrix_Vector_Activate_Stream_Batch_fu_60/sparsemux_1569_10_8_1_1_U1/tmp_reg_19741[1]_i_23_n_3.  Did not re-place instance top_i/StreamingDataflowPartition_1/inst/StreamingDataflowPartition_1_MVAU_hls_0/StreamingDataflowPartition_1_MVAU_hls_0/inst/grp_Matrix_Vector_Activate_Stream_Batch_fu_60/sparsemux_1569_10_8_1_1_U1/tmp_reg_19741[1]_i_23
INFO: [Physopt 32-662] Processed net top_i/StreamingDataflowPartition_1/inst/StreamingDataflowPartition_1_MVAU_hls_0/StreamingDataflowPartition_1_MVAU_hls_0/inst/grp_Matrix_Vector_Activate_Stream_Batch_fu_60/sparsemux_1569_10_8_1_1_U1/tmp_reg_19741[2]_i_19_n_3.  Did not re-place instance top_i/StreamingDataflowPartition_1/inst/StreamingDataflowPartition_1_MVAU_hls_0/StreamingDataflowPartition_1_MVAU_hls_0/inst/grp_Matrix_Vector_Activate_Stream_Batch_fu_60/sparsemux_1569_10_8_1_1_U1/tmp_reg_19741[2]_i_19
INFO: [Physopt 32-662] Processed net top_i/StreamingDataflowPartition_1/inst/StreamingDataflowPartition_1_MVAU_hls_0/StreamingDataflowPartition_1_MVAU_hls_0/inst/grp_Matrix_Vector_Activate_Stream_Batch_fu_60/sparsemux_1569_10_8_1_1_U1/tmp_reg_19741[2]_i_244_n_3.  Did not re-place instance top_i/StreamingDataflowPartition_1/inst/StreamingDataflowPartition_1_MVAU_hls_0/StreamingDataflowPartition_1_MVAU_hls_0/inst/grp_Matrix_Vector_Activate_Stream_Batch_fu_60/sparsemux_1569_10_8_1_1_U1/tmp_reg_19741[2]_i_244
INFO: [Physopt 32-662] Processed net top_i/StreamingDataflowPartition_1/inst/StreamingDataflowPartition_1_MVAU_hls_0/StreamingDataflowPartition_1_MVAU_hls_0/inst/grp_Matrix_Vector_Activate_Stream_Batch_fu_60/sparsemux_1569_10_8_1_1_U1/tmp_reg_19741[6]_i_356_n_3.  Did not re-place instance top_i/StreamingDataflowPartition_1/inst/StreamingDataflowPartition_1_MVAU_hls_0/StreamingDataflowPartition_1_MVAU_hls_0/inst/grp_Matrix_Vector_Activate_Stream_Batch_fu_60/sparsemux_1569_10_8_1_1_U1/tmp_reg_19741[6]_i_356
INFO: [Physopt 32-661] Optimized 64 nets.  Re-placed 64 instances.
INFO: [Physopt 32-775] End 1 Pass. Optimized 64 nets or cells. Created 0 new cell, deleted 0 existing cell and moved 64 existing cells
INFO: [Physopt 32-619] Estimated Timing Summary | WNS=-1.851 | TNS=-8303.531 |
Netlist sorting complete. Time (s): cpu = 00:00:00.29 ; elapsed = 00:00:00.05 . Memory (MB): peak = 3620.988 ; gain = 0.000 ; free physical = 3260 ; free virtual = 12091
Phase 4 Single Cell Placement Optimization | Checksum: eff4b6e1

Time (s): cpu = 00:04:47 ; elapsed = 00:01:06 . Memory (MB): peak = 3620.988 ; gain = 0.000 ; free physical = 3235 ; free virtual = 12097

Phase 5 Multi Cell Placement Optimization
INFO: [Physopt 32-660] Identified 100 candidate nets for placement-based optimization.
INFO: [Physopt 32-662] Processed net top_i/StreamingDataflowPartition_1/inst/StreamingDataflowPartition_1_MVAU_hls_0/StreamingDataflowPartition_1_MVAU_hls_0/inst/grp_Matrix_Vector_Activate_Stream_Batch_fu_60/flow_control_loop_pipe_sequential_init_U/sf_fu_1652_reg[0]_rep__1_3.  Did not re-place instance top_i/StreamingDataflowPartition_1/inst/StreamingDataflowPartition_1_MVAU_hls_0/StreamingDataflowPartition_1_MVAU_hls_0/inst/grp_Matrix_Vector_Activate_Stream_Batch_fu_60/flow_control_loop_pipe_sequential_init_U/sf_fu_1652[4]_i_2/O
INFO: [Physopt 32-662] Processed net top_i/StreamingDataflowPartition_1/inst/StreamingDataflowPartition_1_MVAU_hls_0/StreamingDataflowPartition_1_MVAU_hls_0/inst/grp_Matrix_Vector_Activate_Stream_Batch_fu_60/flow_control_loop_pipe_sequential_init_U/nf_1_fu_4800.  Did not re-place instance top_i/StreamingDataflowPartition_1/inst/StreamingDataflowPartition_1_MVAU_hls_0/StreamingDataflowPartition_1_MVAU_hls_0/inst/grp_Matrix_Vector_Activate_Stream_Batch_fu_60/flow_control_loop_pipe_sequential_init_U/sf_fu_1652[31]_i_1/O
INFO: [Physopt 32-662] Processed net top_i/StreamingDataflowPartition_1/inst/StreamingDataflowPartition_1_MVAU_hls_0/StreamingDataflowPartition_1_MVAU_hls_0/inst/grp_Matrix_Vector_Activate_Stream_Batch_fu_60/flow_control_loop_pipe_sequential_init_U/sf_fu_1652[31]_i_4_n_3.  Did not re-place instance top_i/StreamingDataflowPartition_1/inst/StreamingDataflowPartition_1_MVAU_hls_0/StreamingDataflowPartition_1_MVAU_hls_0/inst/grp_Matrix_Vector_Activate_Stream_Batch_fu_60/flow_control_loop_pipe_sequential_init_U/sf_fu_1652[31]_i_4/O
INFO: [Physopt 32-663] Processed net top_i/StreamingDataflowPartition_1/inst/StreamingDataflowPartition_1_MVAU_hls_0/StreamingDataflowPartition_1_MVAU_hls_0/inst/grp_Matrix_Vector_Activate_Stream_Batch_fu_60/nf_1_fu_4800_reg_n_3_[13].  Re-placed instance top_i/StreamingDataflowPartition_1/inst/StreamingDataflowPartition_1_MVAU_hls_0/StreamingDataflowPartition_1_MVAU_hls_0/inst/grp_Matrix_Vector_Activate_Stream_Batch_fu_60/nf_1_fu_4800_reg[13]/Q
INFO: [Physopt 32-663] Processed net top_i/StreamingDataflowPartition_1/inst/StreamingDataflowPartition_1_MVAU_hls_0/StreamingDataflowPartition_1_MVAU_hls_0/inst/grp_Matrix_Vector_Activate_Stream_Batch_fu_60/nf_1_fu_4800_reg_n_3_[14].  Re-placed instance top_i/StreamingDataflowPartition_1/inst/StreamingDataflowPartition_1_MVAU_hls_0/StreamingDataflowPartition_1_MVAU_hls_0/inst/grp_Matrix_Vector_Activate_Stream_Batch_fu_60/nf_1_fu_4800_reg[14]/Q
INFO: [Physopt 32-663] Processed net top_i/StreamingDataflowPartition_1/inst/StreamingDataflowPartition_1_MVAU_hls_0/StreamingDataflowPartition_1_MVAU_hls_0/inst/grp_Matrix_Vector_Activate_Stream_Batch_fu_60/nf_1_fu_4800_reg_n_3_[15].  Re-placed instance top_i/StreamingDataflowPartition_1/inst/StreamingDataflowPartition_1_MVAU_hls_0/StreamingDataflowPartition_1_MVAU_hls_0/inst/grp_Matrix_Vector_Activate_Stream_Batch_fu_60/nf_1_fu_4800_reg[15]/Q
INFO: [Physopt 32-662] Processed net top_i/StreamingDataflowPartition_1/inst/StreamingDataflowPartition_1_MVAU_hls_0/StreamingDataflowPartition_1_MVAU_hls_0/inst/grp_Matrix_Vector_Activate_Stream_Batch_fu_60/nf_1_fu_4800_reg_n_3_[16].  Did not re-place instance top_i/StreamingDataflowPartition_1/inst/StreamingDataflowPartition_1_MVAU_hls_0/StreamingDataflowPartition_1_MVAU_hls_0/inst/grp_Matrix_Vector_Activate_Stream_Batch_fu_60/nf_1_fu_4800_reg[16]/Q
INFO: [Physopt 32-662] Processed net top_i/StreamingDataflowPartition_1/inst/StreamingDataflowPartition_1_MVAU_hls_0/StreamingDataflowPartition_1_MVAU_hls_0/inst/grp_Matrix_Vector_Activate_Stream_Batch_fu_60/flow_control_loop_pipe_sequential_init_U/sf_fu_1652[31]_i_11_n_3.  Did not re-place instance top_i/StreamingDataflowPartition_1/inst/StreamingDataflowPartition_1_MVAU_hls_0/StreamingDataflowPartition_1_MVAU_hls_0/inst/grp_Matrix_Vector_Activate_Stream_Batch_fu_60/flow_control_loop_pipe_sequential_init_U/sf_fu_1652[31]_i_11/O
INFO: [Physopt 32-662] Processed net top_i/StreamingDataflowPartition_1/inst/StreamingDataflowPartition_1_MVAU_hls_0/StreamingDataflowPartition_1_MVAU_hls_0/inst/grp_Matrix_Vector_Activate_Stream_Batch_fu_60/nf_1_fu_4800_reg_n_3_[1].  Did not re-place instance top_i/StreamingDataflowPartition_1/inst/StreamingDataflowPartition_1_MVAU_hls_0/StreamingDataflowPartition_1_MVAU_hls_0/inst/grp_Matrix_Vector_Activate_Stream_Batch_fu_60/nf_1_fu_4800_reg[1]/Q
INFO: [Physopt 32-662] Processed net top_i/StreamingDataflowPartition_1/inst/StreamingDataflowPartition_1_MVAU_hls_0/StreamingDataflowPartition_1_MVAU_hls_0/inst/grp_Matrix_Vector_Activate_Stream_Batch_fu_60/nf_1_fu_4800_reg_n_3_[5].  Did not re-place instance top_i/StreamingDataflowPartition_1/inst/StreamingDataflowPartition_1_MVAU_hls_0/StreamingDataflowPartition_1_MVAU_hls_0/inst/grp_Matrix_Vector_Activate_Stream_Batch_fu_60/nf_1_fu_4800_reg[5]/Q
INFO: [Physopt 32-662] Processed net top_i/StreamingDataflowPartition_1/inst/StreamingDataflowPartition_1_MVAU_hls_0/StreamingDataflowPartition_1_MVAU_hls_0/inst/grp_Matrix_Vector_Activate_Stream_Batch_fu_60/nf_1_fu_4800_reg_n_3_[6].  Did not re-place instance top_i/StreamingDataflowPartition_1/inst/StreamingDataflowPartition_1_MVAU_hls_0/StreamingDataflowPartition_1_MVAU_hls_0/inst/grp_Matrix_Vector_Activate_Stream_Batch_fu_60/nf_1_fu_4800_reg[6]/Q
INFO: [Physopt 32-663] Processed net top_i/StreamingDataflowPartition_1/inst/StreamingDataflowPartition_1_MVAU_hls_0/StreamingDataflowPartition_1_MVAU_hls_0/inst/grp_Matrix_Vector_Activate_Stream_Batch_fu_60/nf_1_fu_4800_reg_n_3_[8].  Re-placed instance top_i/StreamingDataflowPartition_1/inst/StreamingDataflowPartition_1_MVAU_hls_0/StreamingDataflowPartition_1_MVAU_hls_0/inst/grp_Matrix_Vector_Activate_Stream_Batch_fu_60/nf_1_fu_4800_reg[8]/Q
INFO: [Physopt 32-663] Processed net top_i/StreamingDataflowPartition_1/inst/StreamingDataflowPartition_1_MVAU_hls_0/StreamingDataflowPartition_1_MVAU_hls_0/inst/grp_Matrix_Vector_Activate_Stream_Batch_fu_60/nf_1_fu_4800_reg_n_3_[9].  Re-placed instance top_i/StreamingDataflowPartition_1/inst/StreamingDataflowPartition_1_MVAU_hls_0/StreamingDataflowPartition_1_MVAU_hls_0/inst/grp_Matrix_Vector_Activate_Stream_Batch_fu_60/nf_1_fu_4800_reg[9]/Q
INFO: [Physopt 32-662] Processed net top_i/StreamingDataflowPartition_1/inst/StreamingDataflowPartition_1_MVAU_hls_0/StreamingDataflowPartition_1_MVAU_hls_0/inst/grp_Matrix_Vector_Activate_Stream_Batch_fu_60/nf_1_fu_4800_reg_n_3_[17].  Did not re-place instance top_i/StreamingDataflowPartition_1/inst/StreamingDataflowPartition_1_MVAU_hls_0/StreamingDataflowPartition_1_MVAU_hls_0/inst/grp_Matrix_Vector_Activate_Stream_Batch_fu_60/nf_1_fu_4800_reg[17]/Q
INFO: [Physopt 32-663] Processed net top_i/StreamingDataflowPartition_1/inst/StreamingDataflowPartition_1_MVAU_hls_0/StreamingDataflowPartition_1_MVAU_hls_0/inst/grp_Matrix_Vector_Activate_Stream_Batch_fu_60/nf_1_fu_4800_reg_n_3_[18].  Re-placed instance top_i/StreamingDataflowPartition_1/inst/StreamingDataflowPartition_1_MVAU_hls_0/StreamingDataflowPartition_1_MVAU_hls_0/inst/grp_Matrix_Vector_Activate_Stream_Batch_fu_60/nf_1_fu_4800_reg[18]/Q
INFO: [Physopt 32-662] Processed net top_i/StreamingDataflowPartition_1/inst/StreamingDataflowPartition_1_MVAU_hls_0/StreamingDataflowPartition_1_MVAU_hls_0/inst/grp_Matrix_Vector_Activate_Stream_Batch_fu_60/nf_1_fu_4800_reg_n_3_[19].  Did not re-place instance top_i/StreamingDataflowPartition_1/inst/StreamingDataflowPartition_1_MVAU_hls_0/StreamingDataflowPartition_1_MVAU_hls_0/inst/grp_Matrix_Vector_Activate_Stream_Batch_fu_60/nf_1_fu_4800_reg[19]/Q
INFO: [Physopt 32-662] Processed net top_i/StreamingDataflowPartition_1/inst/StreamingDataflowPartition_1_MVAU_hls_0/StreamingDataflowPartition_1_MVAU_hls_0/inst/grp_Matrix_Vector_Activate_Stream_Batch_fu_60/nf_1_fu_4800_reg_n_3_[20].  Did not re-place instance top_i/StreamingDataflowPartition_1/inst/StreamingDataflowPartition_1_MVAU_hls_0/StreamingDataflowPartition_1_MVAU_hls_0/inst/grp_Matrix_Vector_Activate_Stream_Batch_fu_60/nf_1_fu_4800_reg[20]/Q
INFO: [Physopt 32-662] Processed net top_i/StreamingDataflowPartition_1/inst/StreamingDataflowPartition_1_MVAU_hls_0/StreamingDataflowPartition_1_MVAU_hls_0/inst/grp_Matrix_Vector_Activate_Stream_Batch_fu_60/flow_control_loop_pipe_sequential_init_U/icmp_ln290_fu_14505_p2.  Did not re-place instance top_i/StreamingDataflowPartition_1/inst/StreamingDataflowPartition_1_MVAU_hls_0/StreamingDataflowPartition_1_MVAU_hls_0/inst/grp_Matrix_Vector_Activate_Stream_Batch_fu_60/flow_control_loop_pipe_sequential_init_U/icmp_ln290_reg_19761[0]_i_1/O
INFO: [Physopt 32-662] Processed net top_i/StreamingDataflowPartition_1/inst/StreamingDataflowPartition_1_MVAU_hls_0/StreamingDataflowPartition_1_MVAU_hls_0/inst/grp_Matrix_Vector_Activate_Stream_Batch_fu_60/sparsemux_1569_10_8_1_1_U1/D[5].  Did not re-place instance top_i/StreamingDataflowPartition_1/inst/StreamingDataflowPartition_1_MVAU_hls_0/StreamingDataflowPartition_1_MVAU_hls_0/inst/grp_Matrix_Vector_Activate_Stream_Batch_fu_60/sparsemux_1569_10_8_1_1_U1/tmp_reg_19741[5]_i_1/O
INFO: [Physopt 32-663] Processed net top_i/StreamingDataflowPartition_1/inst/StreamingDataflowPartition_1_MVAU_hls_0/StreamingDataflowPartition_1_MVAU_hls_0/inst/grp_Matrix_Vector_Activate_Stream_Batch_fu_60/sf_fu_1652_reg_n_3_[5].  Re-placed instance top_i/StreamingDataflowPartition_1/inst/StreamingDataflowPartition_1_MVAU_hls_0/StreamingDataflowPartition_1_MVAU_hls_0/inst/grp_Matrix_Vector_Activate_Stream_Batch_fu_60/sf_fu_1652_reg[5]/Q
INFO: [Physopt 32-662] Processed net top_i/StreamingDataflowPartition_1/inst/StreamingDataflowPartition_1_MVAU_hls_0/StreamingDataflowPartition_1_MVAU_hls_0/inst/grp_Matrix_Vector_Activate_Stream_Batch_fu_60/flow_control_loop_pipe_sequential_init_U/inputBuf_783_fu_4796[7]_i_7_0[0].  Did not re-place instance top_i/StreamingDataflowPartition_1/inst/StreamingDataflowPartition_1_MVAU_hls_0/StreamingDataflowPartition_1_MVAU_hls_0/inst/grp_Matrix_Vector_Activate_Stream_Batch_fu_60/flow_control_loop_pipe_sequential_init_U/inputBuf_783_fu_4796[7]_i_1/O
INFO: [Physopt 32-662] Processed net top_i/StreamingDataflowPartition_1/inst/StreamingDataflowPartition_1_MVAU_hls_0/StreamingDataflowPartition_1_MVAU_hls_0/inst/grp_Matrix_Vector_Activate_Stream_Batch_fu_60/flow_control_loop_pipe_sequential_init_U/inputBuf_400_fu_3264[7]_i_2_n_3.  Did not re-place instance top_i/StreamingDataflowPartition_1/inst/StreamingDataflowPartition_1_MVAU_hls_0/StreamingDataflowPartition_1_MVAU_hls_0/inst/grp_Matrix_Vector_Activate_Stream_Batch_fu_60/flow_control_loop_pipe_sequential_init_U/inputBuf_400_fu_3264[7]_i_2/O
INFO: [Physopt 32-662] Processed net top_i/StreamingDataflowPartition_1/inst/StreamingDataflowPartition_1_MVAU_hls_0/StreamingDataflowPartition_1_MVAU_hls_0/inst/grp_Matrix_Vector_Activate_Stream_Batch_fu_60/flow_control_loop_pipe_sequential_init_U/inputBuf_783_fu_4796[7]_i_2_n_3.  Did not re-place instance top_i/StreamingDataflowPartition_1/inst/StreamingDataflowPartition_1_MVAU_hls_0/StreamingDataflowPartition_1_MVAU_hls_0/inst/grp_Matrix_Vector_Activate_Stream_Batch_fu_60/flow_control_loop_pipe_sequential_init_U/inputBuf_783_fu_4796[7]_i_2/O
INFO: [Physopt 32-662] Processed net top_i/StreamingDataflowPartition_1/inst/StreamingDataflowPartition_1_MVAU_hls_0/StreamingDataflowPartition_1_MVAU_hls_0/inst/grp_Matrix_Vector_Activate_Stream_Batch_fu_60/flow_control_loop_pipe_sequential_init_U/inputBuf_783_fu_4796[7]_i_44_n_3.  Did not re-place instance top_i/StreamingDataflowPartition_1/inst/StreamingDataflowPartition_1_MVAU_hls_0/StreamingDataflowPartition_1_MVAU_hls_0/inst/grp_Matrix_Vector_Activate_Stream_Batch_fu_60/flow_control_loop_pipe_sequential_init_U/inputBuf_783_fu_4796[7]_i_44/O
INFO: [Physopt 32-662] Processed net top_i/StreamingDataflowPartition_1/inst/StreamingDataflowPartition_1_MVAU_hls_0/StreamingDataflowPartition_1_MVAU_hls_0/inst/grp_Matrix_Vector_Activate_Stream_Batch_fu_60/flow_control_loop_pipe_sequential_init_U/inputBuf_783_fu_4796[7]_i_8_n_3.  Did not re-place instance top_i/StreamingDataflowPartition_1/inst/StreamingDataflowPartition_1_MVAU_hls_0/StreamingDataflowPartition_1_MVAU_hls_0/inst/grp_Matrix_Vector_Activate_Stream_Batch_fu_60/flow_control_loop_pipe_sequential_init_U/inputBuf_783_fu_4796[7]_i_8/O
INFO: [Physopt 32-663] Processed net top_i/StreamingDataflowPartition_1/inst/StreamingDataflowPartition_1_MVAU_hls_0/StreamingDataflowPartition_1_MVAU_hls_0/inst/grp_Matrix_Vector_Activate_Stream_Batch_fu_60/sf_fu_1652_reg_n_3_[3].  Re-placed instance top_i/StreamingDataflowPartition_1/inst/StreamingDataflowPartition_1_MVAU_hls_0/StreamingDataflowPartition_1_MVAU_hls_0/inst/grp_Matrix_Vector_Activate_Stream_Batch_fu_60/sf_fu_1652_reg[3]/Q
INFO: [Physopt 32-662] Processed net top_i/StreamingDataflowPartition_1/inst/StreamingDataflowPartition_1_MVAU_hls_0/StreamingDataflowPartition_1_MVAU_hls_0/inst/grp_Matrix_Vector_Activate_Stream_Batch_fu_60/sparsemux_1569_10_8_1_1_U1/D[4].  Did not re-place instance top_i/StreamingDataflowPartition_1/inst/StreamingDataflowPartition_1_MVAU_hls_0/StreamingDataflowPartition_1_MVAU_hls_0/inst/grp_Matrix_Vector_Activate_Stream_Batch_fu_60/sparsemux_1569_10_8_1_1_U1/tmp_reg_19741[4]_i_1/O
INFO: [Physopt 32-662] Processed net top_i/StreamingDataflowPartition_1/inst/StreamingDataflowPartition_1_MVAU_hls_0/StreamingDataflowPartition_1_MVAU_hls_0/inst/grp_Matrix_Vector_Activate_Stream_Batch_fu_60/nf_1_fu_4800_reg_n_3_[22].  Did not re-place instance top_i/StreamingDataflowPartition_1/inst/StreamingDataflowPartition_1_MVAU_hls_0/StreamingDataflowPartition_1_MVAU_hls_0/inst/grp_Matrix_Vector_Activate_Stream_Batch_fu_60/nf_1_fu_4800_reg[22]/Q
INFO: [Physopt 32-662] Processed net top_i/StreamingDataflowPartition_1/inst/StreamingDataflowPartition_1_MVAU_hls_0/StreamingDataflowPartition_1_MVAU_hls_0/inst/grp_Matrix_Vector_Activate_Stream_Batch_fu_60/nf_1_fu_4800_reg_n_3_[23].  Did not re-place instance top_i/StreamingDataflowPartition_1/inst/StreamingDataflowPartition_1_MVAU_hls_0/StreamingDataflowPartition_1_MVAU_hls_0/inst/grp_Matrix_Vector_Activate_Stream_Batch_fu_60/nf_1_fu_4800_reg[23]/Q
INFO: [Physopt 32-663] Processed net top_i/StreamingDataflowPartition_1/inst/StreamingDataflowPartition_1_MVAU_hls_0/StreamingDataflowPartition_1_MVAU_hls_0/inst/grp_Matrix_Vector_Activate_Stream_Batch_fu_60/nf_1_fu_4800_reg_n_3_[24].  Re-placed instance top_i/StreamingDataflowPartition_1/inst/StreamingDataflowPartition_1_MVAU_hls_0/StreamingDataflowPartition_1_MVAU_hls_0/inst/grp_Matrix_Vector_Activate_Stream_Batch_fu_60/nf_1_fu_4800_reg[24]/Q
INFO: [Physopt 32-662] Processed net top_i/StreamingDataflowPartition_1/inst/StreamingDataflowPartition_1_MVAU_hls_0/StreamingDataflowPartition_1_MVAU_hls_0/inst/grp_Matrix_Vector_Activate_Stream_Batch_fu_60/nf_1_fu_4800_reg_n_3_[2].  Did not re-place instance top_i/StreamingDataflowPartition_1/inst/StreamingDataflowPartition_1_MVAU_hls_0/StreamingDataflowPartition_1_MVAU_hls_0/inst/grp_Matrix_Vector_Activate_Stream_Batch_fu_60/nf_1_fu_4800_reg[2]/Q
INFO: [Physopt 32-662] Processed net top_i/StreamingDataflowPartition_1/inst/StreamingDataflowPartition_1_MVAU_hls_0/StreamingDataflowPartition_1_MVAU_hls_0/inst/grp_Matrix_Vector_Activate_Stream_Batch_fu_60/nf_1_fu_4800_reg_n_3_[3].  Did not re-place instance top_i/StreamingDataflowPartition_1/inst/StreamingDataflowPartition_1_MVAU_hls_0/StreamingDataflowPartition_1_MVAU_hls_0/inst/grp_Matrix_Vector_Activate_Stream_Batch_fu_60/nf_1_fu_4800_reg[3]/Q
INFO: [Physopt 32-662] Processed net top_i/StreamingDataflowPartition_1/inst/StreamingDataflowPartition_1_MVAU_hls_0/StreamingDataflowPartition_1_MVAU_hls_0/inst/grp_Matrix_Vector_Activate_Stream_Batch_fu_60/nf_1_fu_4800_reg_n_3_[4].  Did not re-place instance top_i/StreamingDataflowPartition_1/inst/StreamingDataflowPartition_1_MVAU_hls_0/StreamingDataflowPartition_1_MVAU_hls_0/inst/grp_Matrix_Vector_Activate_Stream_Batch_fu_60/nf_1_fu_4800_reg[4]/Q
INFO: [Physopt 32-662] Processed net top_i/StreamingDataflowPartition_1/inst/StreamingDataflowPartition_1_MVAU_hls_0/StreamingDataflowPartition_1_MVAU_hls_0/inst/grp_Matrix_Vector_Activate_Stream_Batch_fu_60/nf_1_fu_4800_reg_n_3_[21].  Did not re-place instance top_i/StreamingDataflowPartition_1/inst/StreamingDataflowPartition_1_MVAU_hls_0/StreamingDataflowPartition_1_MVAU_hls_0/inst/grp_Matrix_Vector_Activate_Stream_Batch_fu_60/nf_1_fu_4800_reg[21]/Q
INFO: [Physopt 32-663] Processed net top_i/StreamingDataflowPartition_1/inst/StreamingDataflowPartition_1_MVAU_hls_0/StreamingDataflowPartition_1_MVAU_hls_0/inst/grp_Matrix_Vector_Activate_Stream_Batch_fu_60/nf_1_fu_4800_reg_n_3_[26].  Re-placed instance top_i/StreamingDataflowPartition_1/inst/StreamingDataflowPartition_1_MVAU_hls_0/StreamingDataflowPartition_1_MVAU_hls_0/inst/grp_Matrix_Vector_Activate_Stream_Batch_fu_60/nf_1_fu_4800_reg[26]/Q
INFO: [Physopt 32-663] Processed net top_i/StreamingDataflowPartition_1/inst/StreamingDataflowPartition_1_MVAU_hls_0/StreamingDataflowPartition_1_MVAU_hls_0/inst/grp_Matrix_Vector_Activate_Stream_Batch_fu_60/nf_1_fu_4800_reg_n_3_[27].  Re-placed instance top_i/StreamingDataflowPartition_1/inst/StreamingDataflowPartition_1_MVAU_hls_0/StreamingDataflowPartition_1_MVAU_hls_0/inst/grp_Matrix_Vector_Activate_Stream_Batch_fu_60/nf_1_fu_4800_reg[27]/Q
INFO: [Physopt 32-662] Processed net top_i/StreamingDataflowPartition_1/inst/StreamingDataflowPartition_1_MVAU_hls_0/StreamingDataflowPartition_1_MVAU_hls_0/inst/grp_Matrix_Vector_Activate_Stream_Batch_fu_60/nf_1_fu_4800_reg_n_3_[28].  Did not re-place instance top_i/StreamingDataflowPartition_1/inst/StreamingDataflowPartition_1_MVAU_hls_0/StreamingDataflowPartition_1_MVAU_hls_0/inst/grp_Matrix_Vector_Activate_Stream_Batch_fu_60/nf_1_fu_4800_reg[28]/Q
INFO: [Physopt 32-662] Processed net top_i/StreamingDataflowPartition_1/inst/StreamingDataflowPartition_1_MVAU_hls_0/StreamingDataflowPartition_1_MVAU_hls_0/inst/grp_Matrix_Vector_Activate_Stream_Batch_fu_60/flow_control_loop_pipe_sequential_init_U/sf_fu_1652[31]_i_5_n_3.  Did not re-place instance top_i/StreamingDataflowPartition_1/inst/StreamingDataflowPartition_1_MVAU_hls_0/StreamingDataflowPartition_1_MVAU_hls_0/inst/grp_Matrix_Vector_Activate_Stream_Batch_fu_60/flow_control_loop_pipe_sequential_init_U/sf_fu_1652[31]_i_5/O
INFO: [Physopt 32-662] Processed net top_i/StreamingDataflowPartition_1/inst/StreamingDataflowPartition_1_MVAU_hls_0/StreamingDataflowPartition_1_MVAU_hls_0/inst/grp_Matrix_Vector_Activate_Stream_Batch_fu_60/flow_control_loop_pipe_sequential_init_U/sf_fu_1652[31]_i_12_n_3.  Did not re-place instance top_i/StreamingDataflowPartition_1/inst/StreamingDataflowPartition_1_MVAU_hls_0/StreamingDataflowPartition_1_MVAU_hls_0/inst/grp_Matrix_Vector_Activate_Stream_Batch_fu_60/flow_control_loop_pipe_sequential_init_U/sf_fu_1652[31]_i_12/O
INFO: [Physopt 32-662] Processed net top_i/StreamingDataflowPartition_1/inst/StreamingDataflowPartition_1_MVAU_hls_0/StreamingDataflowPartition_1_MVAU_hls_0/inst/grp_Matrix_Vector_Activate_Stream_Batch_fu_60/nf_1_fu_4800_reg_n_3_[25].  Did not re-place instance top_i/StreamingDataflowPartition_1/inst/StreamingDataflowPartition_1_MVAU_hls_0/StreamingDataflowPartition_1_MVAU_hls_0/inst/grp_Matrix_Vector_Activate_Stream_Batch_fu_60/nf_1_fu_4800_reg[25]/Q
INFO: [Physopt 32-662] Processed net top_i/StreamingDataflowPartition_1/inst/StreamingDataflowPartition_1_MVAU_hls_0/StreamingDataflowPartition_1_MVAU_hls_0/inst/grp_Matrix_Vector_Activate_Stream_Batch_fu_60/nf_1_fu_4800_reg_n_3_[29].  Did not re-place instance top_i/StreamingDataflowPartition_1/inst/StreamingDataflowPartition_1_MVAU_hls_0/StreamingDataflowPartition_1_MVAU_hls_0/inst/grp_Matrix_Vector_Activate_Stream_Batch_fu_60/nf_1_fu_4800_reg[29]/Q
INFO: [Physopt 32-662] Processed net top_i/StreamingDataflowPartition_1/inst/StreamingDataflowPartition_1_MVAU_hls_0/StreamingDataflowPartition_1_MVAU_hls_0/inst/grp_Matrix_Vector_Activate_Stream_Batch_fu_60/nf_1_fu_4800_reg_n_3_[30].  Did not re-place instance top_i/StreamingDataflowPartition_1/inst/StreamingDataflowPartition_1_MVAU_hls_0/StreamingDataflowPartition_1_MVAU_hls_0/inst/grp_Matrix_Vector_Activate_Stream_Batch_fu_60/nf_1_fu_4800_reg[30]/Q
INFO: [Physopt 32-662] Processed net top_i/StreamingDataflowPartition_1/inst/StreamingDataflowPartition_1_MVAU_hls_0/StreamingDataflowPartition_1_MVAU_hls_0/inst/grp_Matrix_Vector_Activate_Stream_Batch_fu_60/nf_1_fu_4800_reg_n_3_[31].  Did not re-place instance top_i/StreamingDataflowPartition_1/inst/StreamingDataflowPartition_1_MVAU_hls_0/StreamingDataflowPartition_1_MVAU_hls_0/inst/grp_Matrix_Vector_Activate_Stream_Batch_fu_60/nf_1_fu_4800_reg[31]/Q
INFO: [Physopt 32-662] Processed net top_i/StreamingDataflowPartition_1/inst/StreamingDataflowPartition_1_MVAU_hls_0/StreamingDataflowPartition_1_MVAU_hls_0/inst/grp_Matrix_Vector_Activate_Stream_Batch_fu_60/flow_control_loop_pipe_sequential_init_U/sf_fu_1652[31]_i_7_n_3.  Did not re-place instance top_i/StreamingDataflowPartition_1/inst/StreamingDataflowPartition_1_MVAU_hls_0/StreamingDataflowPartition_1_MVAU_hls_0/inst/grp_Matrix_Vector_Activate_Stream_Batch_fu_60/flow_control_loop_pipe_sequential_init_U/sf_fu_1652[31]_i_7/O
INFO: [Physopt 32-662] Processed net top_i/StreamingDataflowPartition_1/inst/StreamingDataflowPartition_1_MVAU_hls_0/StreamingDataflowPartition_1_MVAU_hls_0/inst/grp_Matrix_Vector_Activate_Stream_Batch_fu_60/flow_control_loop_pipe_sequential_init_U/sf_fu_1652[31]_i_14_n_3.  Did not re-place instance top_i/StreamingDataflowPartition_1/inst/StreamingDataflowPartition_1_MVAU_hls_0/StreamingDataflowPartition_1_MVAU_hls_0/inst/grp_Matrix_Vector_Activate_Stream_Batch_fu_60/flow_control_loop_pipe_sequential_init_U/sf_fu_1652[31]_i_14/O
INFO: [Physopt 32-662] Processed net top_i/StreamingDataflowPartition_1/inst/StreamingDataflowPartition_1_MVAU_hls_0/StreamingDataflowPartition_1_MVAU_hls_0/inst/grp_Matrix_Vector_Activate_Stream_Batch_fu_60/sf_fu_1652_reg_n_3_[8].  Did not re-place instance top_i/StreamingDataflowPartition_1/inst/StreamingDataflowPartition_1_MVAU_hls_0/StreamingDataflowPartition_1_MVAU_hls_0/inst/grp_Matrix_Vector_Activate_Stream_Batch_fu_60/sf_fu_1652_reg[8]/Q
INFO: [Physopt 32-663] Processed net top_i/StreamingDataflowPartition_1/inst/StreamingDataflowPartition_1_MVAU_hls_0/StreamingDataflowPartition_1_MVAU_hls_0/inst/grp_Matrix_Vector_Activate_Stream_Batch_fu_60/flow_control_loop_pipe_sequential_init_U/inputBuf_400_fu_3264[7]_i_3_n_3.  Re-placed instance top_i/StreamingDataflowPartition_1/inst/StreamingDataflowPartition_1_MVAU_hls_0/StreamingDataflowPartition_1_MVAU_hls_0/inst/grp_Matrix_Vector_Activate_Stream_Batch_fu_60/flow_control_loop_pipe_sequential_init_U/inputBuf_400_fu_3264[7]_i_3/O
INFO: [Physopt 32-662] Processed net top_i/StreamingDataflowPartition_1/inst/StreamingDataflowPartition_1_MVAU_hls_0/StreamingDataflowPartition_1_MVAU_hls_0/inst/grp_Matrix_Vector_Activate_Stream_Batch_fu_60/flow_control_loop_pipe_sequential_init_U/inputBuf_783_fu_4796[7]_i_106_n_3.  Did not re-place instance top_i/StreamingDataflowPartition_1/inst/StreamingDataflowPartition_1_MVAU_hls_0/StreamingDataflowPartition_1_MVAU_hls_0/inst/grp_Matrix_Vector_Activate_Stream_Batch_fu_60/flow_control_loop_pipe_sequential_init_U/inputBuf_783_fu_4796[7]_i_106/O
INFO: [Physopt 32-662] Processed net top_i/StreamingDataflowPartition_1/inst/StreamingDataflowPartition_1_MVAU_hls_0/StreamingDataflowPartition_1_MVAU_hls_0/inst/grp_Matrix_Vector_Activate_Stream_Batch_fu_60/flow_control_loop_pipe_sequential_init_U/inputBuf_783_fu_4796[7]_i_177_n_3.  Did not re-place instance top_i/StreamingDataflowPartition_1/inst/StreamingDataflowPartition_1_MVAU_hls_0/StreamingDataflowPartition_1_MVAU_hls_0/inst/grp_Matrix_Vector_Activate_Stream_Batch_fu_60/flow_control_loop_pipe_sequential_init_U/inputBuf_783_fu_4796[7]_i_177/O
INFO: [Physopt 32-662] Processed net top_i/StreamingDataflowPartition_1/inst/StreamingDataflowPartition_1_MVAU_hls_0/StreamingDataflowPartition_1_MVAU_hls_0/inst/grp_Matrix_Vector_Activate_Stream_Batch_fu_60/flow_control_loop_pipe_sequential_init_U/inputBuf_783_fu_4796[7]_i_32_n_3.  Did not re-place instance top_i/StreamingDataflowPartition_1/inst/StreamingDataflowPartition_1_MVAU_hls_0/StreamingDataflowPartition_1_MVAU_hls_0/inst/grp_Matrix_Vector_Activate_Stream_Batch_fu_60/flow_control_loop_pipe_sequential_init_U/inputBuf_783_fu_4796[7]_i_32/O
INFO: [Physopt 32-662] Processed net top_i/StreamingDataflowPartition_1/inst/StreamingDataflowPartition_1_MVAU_hls_0/StreamingDataflowPartition_1_MVAU_hls_0/inst/grp_Matrix_Vector_Activate_Stream_Batch_fu_60/flow_control_loop_pipe_sequential_init_U/inputBuf_783_fu_4796[7]_i_6_n_3.  Did not re-place instance top_i/StreamingDataflowPartition_1/inst/StreamingDataflowPartition_1_MVAU_hls_0/StreamingDataflowPartition_1_MVAU_hls_0/inst/grp_Matrix_Vector_Activate_Stream_Batch_fu_60/flow_control_loop_pipe_sequential_init_U/inputBuf_783_fu_4796[7]_i_6/O
INFO: [Physopt 32-662] Processed net top_i/StreamingDataflowPartition_1/inst/StreamingDataflowPartition_1_MVAU_hls_0/StreamingDataflowPartition_1_MVAU_hls_0/inst/grp_Matrix_Vector_Activate_Stream_Batch_fu_60/sparsemux_1569_10_8_1_1_U1/D[6].  Did not re-place instance top_i/StreamingDataflowPartition_1/inst/StreamingDataflowPartition_1_MVAU_hls_0/StreamingDataflowPartition_1_MVAU_hls_0/inst/grp_Matrix_Vector_Activate_Stream_Batch_fu_60/sparsemux_1569_10_8_1_1_U1/tmp_reg_19741[6]_i_1/O
INFO: [Physopt 32-662] Processed net top_i/StreamingDataflowPartition_1/inst/StreamingDataflowPartition_1_MVAU_hls_0/StreamingDataflowPartition_1_MVAU_hls_0/inst/grp_Matrix_Vector_Activate_Stream_Batch_fu_60/sparsemux_1569_10_8_1_1_U1/D[0].  Did not re-place instance top_i/StreamingDataflowPartition_1/inst/StreamingDataflowPartition_1_MVAU_hls_0/StreamingDataflowPartition_1_MVAU_hls_0/inst/grp_Matrix_Vector_Activate_Stream_Batch_fu_60/sparsemux_1569_10_8_1_1_U1/tmp_reg_19741[0]_i_1/O
INFO: [Physopt 32-662] Processed net top_i/StreamingDataflowPartition_1/inst/StreamingDataflowPartition_1_MVAU_hls_1/StreamingDataflowPartition_1_MVAU_hls_1/inst/grp_Matrix_Vector_Activate_Stream_Batch_fu_60/nf_1_fu_1630_reg_n_3_[0].  Did not re-place instance top_i/StreamingDataflowPartition_1/inst/StreamingDataflowPartition_1_MVAU_hls_1/StreamingDataflowPartition_1_MVAU_hls_1/inst/grp_Matrix_Vector_Activate_Stream_Batch_fu_60/nf_1_fu_1630_reg[0]/Q
INFO: [Physopt 32-662] Processed net top_i/StreamingDataflowPartition_1/inst/StreamingDataflowPartition_1_MVAU_hls_1/StreamingDataflowPartition_1_MVAU_hls_1/inst/grp_Matrix_Vector_Activate_Stream_Batch_fu_60/nf_1_fu_1630_reg_n_3_[8].  Did not re-place instance top_i/StreamingDataflowPartition_1/inst/StreamingDataflowPartition_1_MVAU_hls_1/StreamingDataflowPartition_1_MVAU_hls_1/inst/grp_Matrix_Vector_Activate_Stream_Batch_fu_60/nf_1_fu_1630_reg[8]/Q
INFO: [Physopt 32-662] Processed net top_i/StreamingDataflowPartition_1/inst/StreamingDataflowPartition_1_MVAU_hls_0/StreamingDataflowPartition_1_MVAU_hls_0/inst/grp_Matrix_Vector_Activate_Stream_Batch_fu_60/sparsemux_1569_10_8_1_1_U1/D[2].  Did not re-place instance top_i/StreamingDataflowPartition_1/inst/StreamingDataflowPartition_1_MVAU_hls_0/StreamingDataflowPartition_1_MVAU_hls_0/inst/grp_Matrix_Vector_Activate_Stream_Batch_fu_60/sparsemux_1569_10_8_1_1_U1/tmp_reg_19741[2]_i_1/O
INFO: [Physopt 32-662] Processed net top_i/StreamingDataflowPartition_1/inst/StreamingDataflowPartition_1_MVAU_hls_1/StreamingDataflowPartition_1_MVAU_hls_1/inst/grp_Matrix_Vector_Activate_Stream_Batch_fu_60/flow_control_loop_pipe_sequential_init_U/nf_1_fu_1630[31]_i_2_n_3.  Did not re-place instance top_i/StreamingDataflowPartition_1/inst/StreamingDataflowPartition_1_MVAU_hls_1/StreamingDataflowPartition_1_MVAU_hls_1/inst/grp_Matrix_Vector_Activate_Stream_Batch_fu_60/flow_control_loop_pipe_sequential_init_U/nf_1_fu_1630[31]_i_2/O
INFO: [Physopt 32-662] Processed net top_i/StreamingDataflowPartition_1/inst/StreamingDataflowPartition_1_MVAU_hls_1/StreamingDataflowPartition_1_MVAU_hls_1/inst/grp_Matrix_Vector_Activate_Stream_Batch_fu_60/flow_control_loop_pipe_sequential_init_U/nf_1_fu_1630[31]_i_3_n_3.  Did not re-place instance top_i/StreamingDataflowPartition_1/inst/StreamingDataflowPartition_1_MVAU_hls_1/StreamingDataflowPartition_1_MVAU_hls_1/inst/grp_Matrix_Vector_Activate_Stream_Batch_fu_60/flow_control_loop_pipe_sequential_init_U/nf_1_fu_1630[31]_i_3/O
INFO: [Physopt 32-662] Processed net top_i/StreamingDataflowPartition_1/inst/StreamingDataflowPartition_1_MVAU_hls_1/StreamingDataflowPartition_1_MVAU_hls_1/inst/grp_Matrix_Vector_Activate_Stream_Batch_fu_60/flow_control_loop_pipe_sequential_init_U/nf_1_fu_1630[31]_i_7_n_3.  Did not re-place instance top_i/StreamingDataflowPartition_1/inst/StreamingDataflowPartition_1_MVAU_hls_1/StreamingDataflowPartition_1_MVAU_hls_1/inst/grp_Matrix_Vector_Activate_Stream_Batch_fu_60/flow_control_loop_pipe_sequential_init_U/nf_1_fu_1630[31]_i_7/O
INFO: [Physopt 32-662] Processed net top_i/StreamingDataflowPartition_1/inst/StreamingDataflowPartition_1_MVAU_hls_0/StreamingDataflowPartition_1_MVAU_hls_0/inst/grp_Matrix_Vector_Activate_Stream_Batch_fu_60/flow_control_loop_pipe_sequential_init_U/inputBuf_783_fu_4796[7]_i_67_n_3.  Did not re-place instance top_i/StreamingDataflowPartition_1/inst/StreamingDataflowPartition_1_MVAU_hls_0/StreamingDataflowPartition_1_MVAU_hls_0/inst/grp_Matrix_Vector_Activate_Stream_Batch_fu_60/flow_control_loop_pipe_sequential_init_U/inputBuf_783_fu_4796[7]_i_67/O
INFO: [Physopt 32-662] Processed net top_i/StreamingDataflowPartition_1/inst/StreamingDataflowPartition_1_MVAU_hls_0/StreamingDataflowPartition_1_MVAU_hls_0/inst/grp_Matrix_Vector_Activate_Stream_Batch_fu_60/flow_control_loop_pipe_sequential_init_U/inputBuf_783_fu_4796[7]_i_10_n_3.  Did not re-place instance top_i/StreamingDataflowPartition_1/inst/StreamingDataflowPartition_1_MVAU_hls_0/StreamingDataflowPartition_1_MVAU_hls_0/inst/grp_Matrix_Vector_Activate_Stream_Batch_fu_60/flow_control_loop_pipe_sequential_init_U/inputBuf_783_fu_4796[7]_i_10/O
INFO: [Physopt 32-662] Processed net top_i/StreamingDataflowPartition_1/inst/StreamingDataflowPartition_1_MVAU_hls_0/StreamingDataflowPartition_1_MVAU_hls_0/inst/grp_Matrix_Vector_Activate_Stream_Batch_fu_60/flow_control_loop_pipe_sequential_init_U/inputBuf_783_fu_4796[7]_i_51_n_3.  Did not re-place instance top_i/StreamingDataflowPartition_1/inst/StreamingDataflowPartition_1_MVAU_hls_0/StreamingDataflowPartition_1_MVAU_hls_0/inst/grp_Matrix_Vector_Activate_Stream_Batch_fu_60/flow_control_loop_pipe_sequential_init_U/inputBuf_783_fu_4796[7]_i_51/O
INFO: [Physopt 32-662] Processed net top_i/StreamingDataflowPartition_1/inst/StreamingDataflowPartition_1_MVAU_hls_0/StreamingDataflowPartition_1_MVAU_hls_0/inst/grp_Matrix_Vector_Activate_Stream_Batch_fu_60/flow_control_loop_pipe_sequential_init_U/sf_fu_1652[31]_i_6_n_3.  Did not re-place instance top_i/StreamingDataflowPartition_1/inst/StreamingDataflowPartition_1_MVAU_hls_0/StreamingDataflowPartition_1_MVAU_hls_0/inst/grp_Matrix_Vector_Activate_Stream_Batch_fu_60/flow_control_loop_pipe_sequential_init_U/sf_fu_1652[31]_i_6/O
INFO: [Physopt 32-661] Optimized 12 nets.  Re-placed 30 instances.
INFO: [Physopt 32-775] End 1 Pass. Optimized 12 nets or cells. Created 0 new cell, deleted 0 existing cell and moved 30 existing cells
INFO: [Physopt 32-619] Estimated Timing Summary | WNS=-1.851 | TNS=-8301.504 |
Netlist sorting complete. Time (s): cpu = 00:00:00.01 ; elapsed = 00:00:00.01 . Memory (MB): peak = 3620.988 ; gain = 0.000 ; free physical = 3176 ; free virtual = 12025
Phase 5 Multi Cell Placement Optimization | Checksum: d100c97a

Time (s): cpu = 00:08:07 ; elapsed = 00:01:45 . Memory (MB): peak = 3620.988 ; gain = 0.000 ; free physical = 3177 ; free virtual = 12026

Phase 6 Rewire
INFO: [Physopt 32-246] Starting Signal Push optimization...
INFO: [Physopt 32-77] Pass 1. Identified 44 candidate nets for rewire optimization.
INFO: [Physopt 32-134] Processed net top_i/StreamingDataflowPartition_1/inst/StreamingDataflowPartition_1_MVAU_hls_0/StreamingDataflowPartition_1_MVAU_hls_0/inst/grp_Matrix_Vector_Activate_Stream_Batch_fu_60/flow_control_loop_pipe_sequential_init_U/sf_fu_1652[31]_i_11_n_3. Rewiring did not optimize the net.
INFO: [Physopt 32-134] Processed net top_i/StreamingDataflowPartition_1/inst/StreamingDataflowPartition_1_MVAU_hls_0/StreamingDataflowPartition_1_MVAU_hls_0/inst/grp_Matrix_Vector_Activate_Stream_Batch_fu_60/flow_control_loop_pipe_sequential_init_U/sf_fu_1652[31]_i_4_n_3. Rewiring did not optimize the net.
INFO: [Physopt 32-134] Processed net top_i/StreamingDataflowPartition_1/inst/StreamingDataflowPartition_1_MVAU_hls_0/StreamingDataflowPartition_1_MVAU_hls_0/inst/grp_Matrix_Vector_Activate_Stream_Batch_fu_60/flow_control_loop_pipe_sequential_init_U/inputBuf_400_fu_3264[7]_i_2_n_3. Rewiring did not optimize the net.
INFO: [Physopt 32-134] Processed net top_i/StreamingDataflowPartition_1/inst/StreamingDataflowPartition_1_MVAU_hls_0/StreamingDataflowPartition_1_MVAU_hls_0/inst/grp_Matrix_Vector_Activate_Stream_Batch_fu_60/flow_control_loop_pipe_sequential_init_U/sf_fu_1652[31]_i_12_n_3. Rewiring did not optimize the net.
INFO: [Physopt 32-134] Processed net top_i/StreamingDataflowPartition_1/inst/StreamingDataflowPartition_1_MVAU_hls_0/StreamingDataflowPartition_1_MVAU_hls_0/inst/grp_Matrix_Vector_Activate_Stream_Batch_fu_60/flow_control_loop_pipe_sequential_init_U/sf_fu_1652[31]_i_5_n_3. Rewiring did not optimize the net.
INFO: [Physopt 32-134] Processed net top_i/StreamingDataflowPartition_1/inst/StreamingDataflowPartition_1_MVAU_hls_0/StreamingDataflowPartition_1_MVAU_hls_0/inst/grp_Matrix_Vector_Activate_Stream_Batch_fu_60/flow_control_loop_pipe_sequential_init_U/sf_fu_1652[31]_i_14_n_3. Rewiring did not optimize the net.
INFO: [Physopt 32-134] Processed net top_i/StreamingDataflowPartition_1/inst/StreamingDataflowPartition_1_MVAU_hls_0/StreamingDataflowPartition_1_MVAU_hls_0/inst/grp_Matrix_Vector_Activate_Stream_Batch_fu_60/flow_control_loop_pipe_sequential_init_U/sf_fu_1652[31]_i_7_n_3. Rewiring did not optimize the net.
INFO: [Physopt 32-242] Processed net top_i/StreamingDataflowPartition_1/inst/StreamingDataflowPartition_1_MVAU_hls_0/StreamingDataflowPartition_1_MVAU_hls_0/inst/grp_Matrix_Vector_Activate_Stream_Batch_fu_60/flow_control_loop_pipe_sequential_init_U/inputBuf_200_fu_2464[7]_i_2_n_3. Rewired (signal push) top_i/StreamingDataflowPartition_1/inst/StreamingDataflowPartition_1_MVAU_hls_0/StreamingDataflowPartition_1_MVAU_hls_0/inst/grp_Matrix_Vector_Activate_Stream_Batch_fu_60/flow_control_loop_pipe_sequential_init_U/sf_fu_1652_reg[9][3] to 3 loads. Replicated 1 times.
INFO: [Physopt 32-134] Processed net top_i/StreamingDataflowPartition_1/inst/StreamingDataflowPartition_1_MVAU_hls_1/StreamingDataflowPartition_1_MVAU_hls_1/inst/grp_Matrix_Vector_Activate_Stream_Batch_fu_60/flow_control_loop_pipe_sequential_init_U/nf_1_fu_1630[31]_i_3_n_3. Rewiring did not optimize the net.
INFO: [Physopt 32-134] Processed net top_i/StreamingDataflowPartition_1/inst/StreamingDataflowPartition_1_MVAU_hls_0/StreamingDataflowPartition_1_MVAU_hls_0/inst/grp_Matrix_Vector_Activate_Stream_Batch_fu_60/flow_control_loop_pipe_sequential_init_U/sf_fu_1652[31]_i_13_n_3. Rewiring did not optimize the net.
INFO: [Physopt 32-134] Processed net top_i/StreamingDataflowPartition_1/inst/StreamingDataflowPartition_1_MVAU_hls_0/StreamingDataflowPartition_1_MVAU_hls_0/inst/grp_Matrix_Vector_Activate_Stream_Batch_fu_60/flow_control_loop_pipe_sequential_init_U/sf_fu_1652[31]_i_6_n_3. Rewiring did not optimize the net.
INFO: [Physopt 32-134] Processed net top_i/StreamingDataflowPartition_1/inst/StreamingDataflowPartition_1_MVAU_hls_0/StreamingDataflowPartition_1_MVAU_hls_0/inst/grp_Matrix_Vector_Activate_Stream_Batch_fu_60/flow_control_loop_pipe_sequential_init_U/nf_1_fu_4800[31]_i_7_n_3. Rewiring did not optimize the net.
INFO: [Physopt 32-242] Processed net top_i/StreamingDataflowPartition_1/inst/StreamingDataflowPartition_1_MVAU_hls_1/StreamingDataflowPartition_1_MVAU_hls_1/inst/grp_Matrix_Vector_Activate_Stream_Batch_fu_60/nf_1_fu_1630[31]_i_8_n_3. Rewired (signal push) top_i/StreamingDataflowPartition_1/inst/StreamingDataflowPartition_1_MVAU_hls_1/StreamingDataflowPartition_1_MVAU_hls_1/inst/grp_Matrix_Vector_Activate_Stream_Batch_fu_60/nf_fu_5014_p2[14] to 1 loads. Replicated 0 times.
INFO: [Physopt 32-134] Processed net top_i/StreamingDataflowPartition_1/inst/StreamingDataflowPartition_1_MVAU_hls_1/StreamingDataflowPartition_1_MVAU_hls_1/inst/grp_Matrix_Vector_Activate_Stream_Batch_fu_60/nf_1_fu_1630[31]_i_4_n_3. Rewiring did not optimize the net.
INFO: [Physopt 32-242] Processed net top_i/StreamingDataflowPartition_1/inst/StreamingDataflowPartition_1_MVAU_hls_2/StreamingDataflowPartition_1_MVAU_hls_2/inst/grp_Matrix_Vector_Activate_Stream_Batch_fu_60/nf_1_fu_1632[31]_i_8_n_3. Rewired (signal push) top_i/StreamingDataflowPartition_1/inst/StreamingDataflowPartition_1_MVAU_hls_2/StreamingDataflowPartition_1_MVAU_hls_2/inst/grp_Matrix_Vector_Activate_Stream_Batch_fu_60/nf_fu_5016_p2[15] to 1 loads. Replicated 0 times.
INFO: [Physopt 32-134] Processed net top_i/StreamingDataflowPartition_1/inst/StreamingDataflowPartition_1_MVAU_hls_2/StreamingDataflowPartition_1_MVAU_hls_2/inst/grp_Matrix_Vector_Activate_Stream_Batch_fu_60/nf_1_fu_1632[31]_i_4_n_3. Rewiring did not optimize the net.
INFO: [Physopt 32-134] Processed net top_i/StreamingDataflowPartition_1/inst/StreamingDataflowPartition_1_MVAU_hls_0/StreamingDataflowPartition_1_MVAU_hls_0/inst/grp_Matrix_Vector_Activate_Stream_Batch_fu_60/flow_control_loop_pipe_sequential_init_U/nf_1_fu_4800[31]_i_12_n_3. Rewiring did not optimize the net.
INFO: [Physopt 32-134] Processed net top_i/StreamingDataflowPartition_1/inst/StreamingDataflowPartition_1_MVAU_hls_0/StreamingDataflowPartition_1_MVAU_hls_0/inst/grp_Matrix_Vector_Activate_Stream_Batch_fu_60/flow_control_loop_pipe_sequential_init_U/nf_1_fu_4800[31]_i_8_n_3. Rewiring did not optimize the net.
INFO: [Physopt 32-242] Processed net top_i/StreamingDataflowPartition_1/inst/StreamingDataflowPartition_1_MVAU_hls_0/StreamingDataflowPartition_1_MVAU_hls_0/inst/grp_Matrix_Vector_Activate_Stream_Batch_fu_60/flow_control_loop_pipe_sequential_init_U/inputBuf_500_fu_3664[7]_i_3_n_3. Rewired (signal push) top_i/StreamingDataflowPartition_1/inst/StreamingDataflowPartition_1_MVAU_hls_0/StreamingDataflowPartition_1_MVAU_hls_0/inst/grp_Matrix_Vector_Activate_Stream_Batch_fu_60/flow_control_loop_pipe_sequential_init_U/sf_fu_1652_reg[9][7] to 3 loads. Replicated 0 times.
INFO: [Physopt 32-134] Processed net top_i/StreamingDataflowPartition_1/inst/StreamingDataflowPartition_1_MVAU_hls_1/StreamingDataflowPartition_1_MVAU_hls_1/inst/grp_Matrix_Vector_Activate_Stream_Batch_fu_60/sf_fu_594[31]_i_8_n_3. Rewiring did not optimize the net.
INFO: [Physopt 32-134] Processed net top_i/StreamingDataflowPartition_1/inst/StreamingDataflowPartition_1_MVAU_hls_1/StreamingDataflowPartition_1_MVAU_hls_1/inst/grp_Matrix_Vector_Activate_Stream_Batch_fu_60/sf_fu_594[31]_i_4_n_3. Rewiring did not optimize the net.
INFO: [Physopt 32-242] Processed net top_i/StreamingDataflowPartition_1/inst/StreamingDataflowPartition_1_MVAU_hls_0/StreamingDataflowPartition_1_MVAU_hls_0/inst/grp_Matrix_Vector_Activate_Stream_Batch_fu_60/flow_control_loop_pipe_sequential_init_U/inputBuf_272_fu_2752[7]_i_2_n_3. Rewired (signal push) top_i/StreamingDataflowPartition_1/inst/StreamingDataflowPartition_1_MVAU_hls_0/StreamingDataflowPartition_1_MVAU_hls_0/inst/grp_Matrix_Vector_Activate_Stream_Batch_fu_60/flow_control_loop_pipe_sequential_init_U/sf_fu_1652_reg[9][7] to 1 loads. Replicated 1 times.
INFO: [Physopt 32-242] Processed net top_i/StreamingDataflowPartition_1/inst/StreamingDataflowPartition_1_MVAU_hls_0/StreamingDataflowPartition_1_MVAU_hls_0/inst/grp_Matrix_Vector_Activate_Stream_Batch_fu_60/flow_control_loop_pipe_sequential_init_U/inputBuf_160_fu_2304[7]_i_2_n_3. Rewired (signal push) top_i/StreamingDataflowPartition_1/inst/StreamingDataflowPartition_1_MVAU_hls_0/StreamingDataflowPartition_1_MVAU_hls_0/inst/grp_Matrix_Vector_Activate_Stream_Batch_fu_60/flow_control_loop_pipe_sequential_init_U/sf_fu_1652_reg[9][4] to 1 loads. Replicated 1 times.
INFO: [Physopt 32-242] Processed net top_i/StreamingDataflowPartition_1/inst/StreamingDataflowPartition_1_MVAU_hls_1/StreamingDataflowPartition_1_MVAU_hls_1/inst/grp_Matrix_Vector_Activate_Stream_Batch_fu_60/flow_control_loop_pipe_sequential_init_U/icmp_ln249_fu_1881_p2. Rewired (signal push) top_i/StreamingDataflowPartition_1/inst/StreamingDataflowPartition_1_MVAU_hls_1/StreamingDataflowPartition_1_MVAU_hls_1/inst/grp_Matrix_Vector_Activate_Stream_Batch_fu_60/flow_control_loop_pipe_sequential_init_U/icmp_ln249_reg_7060[0]_i_3_n_3 to 6 loads. Replicated 1 times.
INFO: [Physopt 32-242] Processed net top_i/StreamingDataflowPartition_1/inst/StreamingDataflowPartition_1_MVAU_hls_0/StreamingDataflowPartition_1_MVAU_hls_0/inst/grp_Matrix_Vector_Activate_Stream_Batch_fu_60/flow_control_loop_pipe_sequential_init_U/inputBuf_196_fu_2448[7]_i_3_n_3. Rewired (signal push) top_i/StreamingDataflowPartition_1/inst/StreamingDataflowPartition_1_MVAU_hls_0/StreamingDataflowPartition_1_MVAU_hls_0/inst/grp_Matrix_Vector_Activate_Stream_Batch_fu_60/flow_control_loop_pipe_sequential_init_U/sf_fu_1652_reg[9][8] to 1 loads. Replicated 0 times.
INFO: [Physopt 32-134] Processed net top_i/StreamingDataflowPartition_1/inst/StreamingDataflowPartition_1_MVAU_hls_0/StreamingDataflowPartition_1_MVAU_hls_0/inst/grp_Matrix_Vector_Activate_Stream_Batch_fu_60/flow_control_loop_pipe_sequential_init_U/inputBuf_196_fu_2448[7]_i_2_n_3. Rewiring did not optimize the net.
INFO: [Physopt 32-134] Processed net top_i/StreamingDataflowPartition_1/inst/StreamingDataflowPartition_1_MVAU_hls_0/StreamingDataflowPartition_1_MVAU_hls_0/inst/grp_Matrix_Vector_Activate_Stream_Batch_fu_60/flow_control_loop_pipe_sequential_init_U/inputBuf_536_fu_3808[7]_i_2_n_3. Rewiring did not optimize the net.
INFO: [Physopt 32-242] Processed net top_i/StreamingDataflowPartition_1/inst/StreamingDataflowPartition_1_MVAU_hls_0/StreamingDataflowPartition_1_MVAU_hls_0/inst/grp_Matrix_Vector_Activate_Stream_Batch_fu_60/flow_control_loop_pipe_sequential_init_U/inputBuf_236_fu_2608[7]_i_2_n_3. Rewired (signal push) top_i/StreamingDataflowPartition_1/inst/StreamingDataflowPartition_1_MVAU_hls_0/StreamingDataflowPartition_1_MVAU_hls_0/inst/grp_Matrix_Vector_Activate_Stream_Batch_fu_60/flow_control_loop_pipe_sequential_init_U/sf_fu_1652_reg[9][8] to 2 loads. Replicated 1 times.
INFO: [Physopt 32-134] Processed net top_i/StreamingDataflowPartition_1/inst/StreamingDataflowPartition_1_MVAU_hls_0/StreamingDataflowPartition_1_MVAU_hls_0/inst/grp_Matrix_Vector_Activate_Stream_Batch_fu_60/flow_control_loop_pipe_sequential_init_U/inputBuf_228_fu_2576[7]_i_2_n_3. Rewiring did not optimize the net.
INFO: [Physopt 32-134] Processed net top_i/StreamingDataflowPartition_1/inst/StreamingDataflowPartition_1_MVAU_hls_0/StreamingDataflowPartition_1_MVAU_hls_0/inst/grp_Matrix_Vector_Activate_Stream_Batch_fu_60/flow_control_loop_pipe_sequential_init_U/inputBuf_37_fu_1812[7]_i_2_n_3. Rewiring did not optimize the net.
INFO: [Physopt 32-242] Processed net top_i/StreamingDataflowPartition_1/inst/StreamingDataflowPartition_1_MVAU_hls_0/StreamingDataflowPartition_1_MVAU_hls_0/inst/grp_Matrix_Vector_Activate_Stream_Batch_fu_60/flow_control_loop_pipe_sequential_init_U/inputBuf_124_fu_2160[7]_i_2_n_3. Rewired (signal push) top_i/StreamingDataflowPartition_1/inst/StreamingDataflowPartition_1_MVAU_hls_0/StreamingDataflowPartition_1_MVAU_hls_0/inst/grp_Matrix_Vector_Activate_Stream_Batch_fu_60/flow_control_loop_pipe_sequential_init_U/inputBuf_92_fu_2032[7]_i_3_n_3 to 2 loads. Replicated 1 times.
INFO: [Physopt 32-242] Processed net top_i/StreamingDataflowPartition_1/inst/StreamingDataflowPartition_1_MVAU_hls_2/StreamingDataflowPartition_1_MVAU_hls_2/inst/grp_Matrix_Vector_Activate_Stream_Batch_fu_60/sf_fu_596[31]_i_4_n_3. Rewired (signal push) top_i/StreamingDataflowPartition_1/inst/StreamingDataflowPartition_1_MVAU_hls_2/StreamingDataflowPartition_1_MVAU_hls_2/inst/grp_Matrix_Vector_Activate_Stream_Batch_fu_60/sf_2_fu_4999_p2[28] to 3 loads. Replicated 0 times.
INFO: [Physopt 32-134] Processed net top_i/StreamingDataflowPartition_1/inst/StreamingDataflowPartition_1_MVAU_hls_2/StreamingDataflowPartition_1_MVAU_hls_2/inst/grp_Matrix_Vector_Activate_Stream_Batch_fu_60/flow_control_loop_pipe_sequential_init_U/nf_1_fu_1632[31]_i_3_n_3. Rewiring did not optimize the net.
INFO: [Physopt 32-134] Processed net top_i/StreamingDataflowPartition_1/inst/StreamingDataflowPartition_1_MVAU_hls_0/StreamingDataflowPartition_1_MVAU_hls_0/inst/grp_Matrix_Vector_Activate_Stream_Batch_fu_60/flow_control_loop_pipe_sequential_init_U/inputBuf_783_fu_4796[7]_i_139_n_3. Rewiring did not optimize the net.
INFO: [Physopt 32-134] Processed net top_i/StreamingDataflowPartition_1/inst/StreamingDataflowPartition_1_MVAU_hls_2/StreamingDataflowPartition_1_MVAU_hls_2/inst/grp_Matrix_Vector_Activate_Stream_Batch_fu_60/flow_control_loop_pipe_sequential_init_U/sf_fu_596[31]_i_7_n_3. Rewiring did not optimize the net.
INFO: [Physopt 32-134] Processed net top_i/StreamingDataflowPartition_1/inst/StreamingDataflowPartition_1_MVAU_hls_2/StreamingDataflowPartition_1_MVAU_hls_2/inst/grp_Matrix_Vector_Activate_Stream_Batch_fu_60/flow_control_loop_pipe_sequential_init_U/sf_fu_596[31]_i_3_n_3. Rewiring did not optimize the net.
INFO: [Physopt 32-134] Processed net top_i/StreamingDataflowPartition_1/inst/StreamingDataflowPartition_1_MVAU_hls_2/StreamingDataflowPartition_1_MVAU_hls_2/inst/grp_Matrix_Vector_Activate_Stream_Batch_fu_60/nf_1_fu_1632[31]_i_10_n_3. Rewiring did not optimize the net.
INFO: [Physopt 32-134] Processed net top_i/StreamingDataflowPartition_1/inst/StreamingDataflowPartition_1_MVAU_hls_2/StreamingDataflowPartition_1_MVAU_hls_2/inst/grp_Matrix_Vector_Activate_Stream_Batch_fu_60/nf_1_fu_1632[31]_i_6_n_3. Rewiring did not optimize the net.
INFO: [Physopt 32-134] Processed net top_i/StreamingDataflowPartition_1/inst/StreamingDataflowPartition_1_MVAU_hls_2/StreamingDataflowPartition_1_MVAU_hls_2/inst/grp_Matrix_Vector_Activate_Stream_Batch_fu_60/sf_fu_596[31]_i_10_n_3. Rewiring did not optimize the net.
INFO: [Physopt 32-242] Processed net top_i/StreamingDataflowPartition_1/inst/StreamingDataflowPartition_1_MVAU_hls_2/StreamingDataflowPartition_1_MVAU_hls_2/inst/grp_Matrix_Vector_Activate_Stream_Batch_fu_60/sf_fu_596[31]_i_6_n_3. Rewired (signal push) top_i/StreamingDataflowPartition_1/inst/StreamingDataflowPartition_1_MVAU_hls_2/StreamingDataflowPartition_1_MVAU_hls_2/inst/grp_Matrix_Vector_Activate_Stream_Batch_fu_60/sf_fu_596[31]_i_10_n_3 to 1 loads. Replicated 1 times.
INFO: [Physopt 32-242] Processed net top_i/StreamingDataflowPartition_1/inst/StreamingDataflowPartition_1_MVAU_hls_0/StreamingDataflowPartition_1_MVAU_hls_0/inst/grp_Matrix_Vector_Activate_Stream_Batch_fu_60/flow_control_loop_pipe_sequential_init_U/nf_1_fu_4800[31]_i_13_n_3. Rewired (signal push) top_i/StreamingDataflowPartition_1/inst/StreamingDataflowPartition_1_MVAU_hls_0/StreamingDataflowPartition_1_MVAU_hls_0/inst/grp_Matrix_Vector_Activate_Stream_Batch_fu_60/flow_control_loop_pipe_sequential_init_U/D[23] to 1 loads. Replicated 0 times.
INFO: [Physopt 32-134] Processed net top_i/StreamingDataflowPartition_1/inst/StreamingDataflowPartition_1_MVAU_hls_0/StreamingDataflowPartition_1_MVAU_hls_0/inst/grp_Matrix_Vector_Activate_Stream_Batch_fu_60/flow_control_loop_pipe_sequential_init_U/nf_1_fu_4800[31]_i_9_n_3. Rewiring did not optimize the net.
INFO: [Physopt 32-242] Processed net top_i/StreamingDataflowPartition_1/inst/StreamingDataflowPartition_1_MVAU_hls_1/StreamingDataflowPartition_1_MVAU_hls_1/inst/grp_Matrix_Vector_Activate_Stream_Batch_fu_60/sf_fu_594[31]_i_9_n_3. Rewired (signal push) top_i/StreamingDataflowPartition_1/inst/StreamingDataflowPartition_1_MVAU_hls_1/StreamingDataflowPartition_1_MVAU_hls_1/inst/grp_Matrix_Vector_Activate_Stream_Batch_fu_60/sf_2_fu_4997_p2[18] to 1 loads. Replicated 0 times.
INFO: [Physopt 32-242] Processed net top_i/StreamingDataflowPartition_1/inst/StreamingDataflowPartition_1_MVAU_hls_2/StreamingDataflowPartition_1_MVAU_hls_2/inst/grp_Matrix_Vector_Activate_Stream_Batch_fu_60/sf_fu_596[31]_i_8_n_3. Rewired (signal push) top_i/StreamingDataflowPartition_1/inst/StreamingDataflowPartition_1_MVAU_hls_2/StreamingDataflowPartition_1_MVAU_hls_2/inst/grp_Matrix_Vector_Activate_Stream_Batch_fu_60/sf_2_fu_4999_p2[19] to 1 loads. Replicated 0 times.
INFO: [Physopt 32-232] Optimized 15 nets. Created 7 new instances.
INFO: [Physopt 32-775] End 1 Pass. Optimized 15 nets or cells. Created 7 new cells, deleted 0 existing cell and moved 0 existing cell
Netlist sorting complete. Time (s): cpu = 00:00:00.1 ; elapsed = 00:00:00.1 . Memory (MB): peak = 3620.988 ; gain = 0.000 ; free physical = 3142 ; free virtual = 12005
INFO: [Physopt 32-619] Estimated Timing Summary | WNS=-1.851 | TNS=-8099.209 |
Netlist sorting complete. Time (s): cpu = 00:00:00.01 ; elapsed = 00:00:00.01 . Memory (MB): peak = 3620.988 ; gain = 0.000 ; free physical = 3142 ; free virtual = 12005
Phase 6 Rewire | Checksum: 1ec37fa1c

Time (s): cpu = 00:08:40 ; elapsed = 00:01:58 . Memory (MB): peak = 3620.988 ; gain = 0.000 ; free physical = 3190 ; free virtual = 12008

Phase 7 Critical Cell Optimization
INFO: [Physopt 32-46] Identified 30 candidate nets for critical-cell optimization.
INFO: [Physopt 32-572] Net top_i/StreamingDataflowPartition_1/inst/StreamingDataflowPartition_1_MVAU_hls_0/StreamingDataflowPartition_1_MVAU_hls_0/inst/grp_Matrix_Vector_Activate_Stream_Batch_fu_60/flow_control_loop_pipe_sequential_init_U/sf_fu_1652[31]_i_4_n_3 was not replicated.
Resolution: phys_opt_design can be forced to replicate a net driver using the option -force_replication_on_nets <list of net objects>.
INFO: [Physopt 32-572] Net top_i/StreamingDataflowPartition_1/inst/StreamingDataflowPartition_1_MVAU_hls_0/StreamingDataflowPartition_1_MVAU_hls_0/inst/grp_Matrix_Vector_Activate_Stream_Batch_fu_60/nf_1_fu_4800_reg_n_3_[1] was not replicated.
Resolution: phys_opt_design can be forced to replicate a net driver using the option -force_replication_on_nets <list of net objects>.
INFO: [Physopt 32-572] Net top_i/StreamingDataflowPartition_1/inst/StreamingDataflowPartition_1_MVAU_hls_0/StreamingDataflowPartition_1_MVAU_hls_0/inst/grp_Matrix_Vector_Activate_Stream_Batch_fu_60/nf_1_fu_4800_reg_n_3_[5] was not replicated.
Resolution: phys_opt_design can be forced to replicate a net driver using the option -force_replication_on_nets <list of net objects>.
INFO: [Physopt 32-572] Net top_i/StreamingDataflowPartition_1/inst/StreamingDataflowPartition_1_MVAU_hls_0/StreamingDataflowPartition_1_MVAU_hls_0/inst/grp_Matrix_Vector_Activate_Stream_Batch_fu_60/nf_1_fu_4800_reg_n_3_[0] was not replicated.
Resolution: phys_opt_design can be forced to replicate a net driver using the option -force_replication_on_nets <list of net objects>.
INFO: [Physopt 32-572] Net top_i/StreamingDataflowPartition_1/inst/StreamingDataflowPartition_1_MVAU_hls_0/StreamingDataflowPartition_1_MVAU_hls_0/inst/grp_Matrix_Vector_Activate_Stream_Batch_fu_60/nf_1_fu_4800_reg_n_3_[7] was not replicated.
Resolution: phys_opt_design can be forced to replicate a net driver using the option -force_replication_on_nets <list of net objects>.
INFO: [Physopt 32-572] Net top_i/StreamingDataflowPartition_1/inst/StreamingDataflowPartition_1_MVAU_hls_0/StreamingDataflowPartition_1_MVAU_hls_0/inst/grp_Matrix_Vector_Activate_Stream_Batch_fu_60/flow_control_loop_pipe_sequential_init_U/icmp_ln290_fu_14505_p2 was not replicated.
Resolution: phys_opt_design can be forced to replicate a net driver using the option -force_replication_on_nets <list of net objects>.
INFO: [Physopt 32-572] Net top_i/StreamingDataflowPartition_1/inst/StreamingDataflowPartition_1_MVAU_hls_0/StreamingDataflowPartition_1_MVAU_hls_0/inst/grp_Matrix_Vector_Activate_Stream_Batch_fu_60/flow_control_loop_pipe_sequential_init_U/inputBuf_783_fu_4796[7]_i_7_0[0] was not replicated.
Resolution: phys_opt_design can be forced to replicate a net driver using the option -force_replication_on_nets <list of net objects>.
INFO: [Physopt 32-81] Processed net top_i/StreamingDataflowPartition_1/inst/StreamingDataflowPartition_1_MVAU_hls_0/StreamingDataflowPartition_1_MVAU_hls_0/inst/grp_Matrix_Vector_Activate_Stream_Batch_fu_60/flow_control_loop_pipe_sequential_init_U/inputBuf_400_fu_3264[7]_i_2_n_3. Replicated 2 times.
INFO: [Physopt 32-572] Net top_i/StreamingDataflowPartition_1/inst/StreamingDataflowPartition_1_MVAU_hls_0/StreamingDataflowPartition_1_MVAU_hls_0/inst/grp_Matrix_Vector_Activate_Stream_Batch_fu_60/flow_control_loop_pipe_sequential_init_U/sf_fu_1652[31]_i_5_n_3 was not replicated.
Resolution: phys_opt_design can be forced to replicate a net driver using the option -force_replication_on_nets <list of net objects>.
INFO: [Physopt 32-81] Processed net top_i/StreamingDataflowPartition_1/inst/StreamingDataflowPartition_1_MVAU_hls_0/StreamingDataflowPartition_1_MVAU_hls_0/inst/grp_Matrix_Vector_Activate_Stream_Batch_fu_60/flow_control_loop_pipe_sequential_init_U/ap_loop_init_int_reg_rep__3_n_3_repN. Replicated 5 times.
INFO: [Physopt 32-572] Net top_i/StreamingDataflowPartition_1/inst/StreamingDataflowPartition_1_MVAU_hls_0/StreamingDataflowPartition_1_MVAU_hls_0/inst/grp_Matrix_Vector_Activate_Stream_Batch_fu_60/flow_control_loop_pipe_sequential_init_U/sf_fu_1652[31]_i_7_n_3 was not replicated.
Resolution: phys_opt_design can be forced to replicate a net driver using the option -force_replication_on_nets <list of net objects>.
INFO: [Physopt 32-81] Processed net top_i/StreamingDataflowPartition_1/inst/StreamingDataflowPartition_1_MVAU_hls_0/StreamingDataflowPartition_1_MVAU_hls_0/inst/grp_Matrix_Vector_Activate_Stream_Batch_fu_60/flow_control_loop_pipe_sequential_init_U/inputBuf_232_fu_2592[7]_i_2_n_3. Replicated 1 times.
INFO: [Physopt 32-572] Net top_i/StreamingDataflowPartition_1/inst/StreamingDataflowPartition_1_MVAU_hls_0/StreamingDataflowPartition_1_MVAU_hls_0/inst/grp_Matrix_Vector_Activate_Stream_Batch_fu_60/flow_control_loop_pipe_sequential_init_U/inputBuf_400_fu_3264[7]_i_3_n_3 was not replicated.
Resolution: phys_opt_design can be forced to replicate a net driver using the option -force_replication_on_nets <list of net objects>.
INFO: [Physopt 32-572] Net top_i/StreamingDataflowPartition_1/inst/StreamingDataflowPartition_1_MVAU_hls_1/StreamingDataflowPartition_1_MVAU_hls_1/inst/grp_Matrix_Vector_Activate_Stream_Batch_fu_60/nf_1_fu_1630_reg_n_3_[0] was not replicated.
Resolution: phys_opt_design can be forced to replicate a net driver using the option -force_replication_on_nets <list of net objects>.
INFO: [Physopt 32-572] Net top_i/StreamingDataflowPartition_1/inst/StreamingDataflowPartition_1_MVAU_hls_1/StreamingDataflowPartition_1_MVAU_hls_1/inst/grp_Matrix_Vector_Activate_Stream_Batch_fu_60/flow_control_loop_pipe_sequential_init_U/nf_1_fu_1630_reg[7][0] was not replicated.
Resolution: phys_opt_design can be forced to replicate a net driver using the option -force_replication_on_nets <list of net objects>.
INFO: [Physopt 32-81] Processed net top_i/StreamingDataflowPartition_1/inst/StreamingDataflowPartition_1_MVAU_hls_0/StreamingDataflowPartition_1_MVAU_hls_0/inst/grp_Matrix_Vector_Activate_Stream_Batch_fu_60/flow_control_loop_pipe_sequential_init_U/inputBuf_68_fu_1936[7]_i_4_n_3. Replicated 2 times.
INFO: [Physopt 32-81] Processed net top_i/StreamingDataflowPartition_1/inst/StreamingDataflowPartition_1_MVAU_hls_0/StreamingDataflowPartition_1_MVAU_hls_0/inst/grp_Matrix_Vector_Activate_Stream_Batch_fu_60/flow_control_loop_pipe_sequential_init_U/inputBuf_164_fu_2320[7]_i_2_n_3. Replicated 1 times.
INFO: [Physopt 32-81] Processed net top_i/StreamingDataflowPartition_1/inst/StreamingDataflowPartition_1_MVAU_hls_0/StreamingDataflowPartition_1_MVAU_hls_0/inst/grp_Matrix_Vector_Activate_Stream_Batch_fu_60/flow_control_loop_pipe_sequential_init_U/inputBuf_783_fu_4796[7]_i_67_n_3. Replicated 1 times.
INFO: [Physopt 32-81] Processed net top_i/StreamingDataflowPartition_1/inst/StreamingDataflowPartition_1_MVAU_hls_0/StreamingDataflowPartition_1_MVAU_hls_0/inst/grp_Matrix_Vector_Activate_Stream_Batch_fu_60/flow_control_loop_pipe_sequential_init_U/inputBuf_280_fu_2784[7]_i_3_n_3. Replicated 1 times.
INFO: [Physopt 32-81] Processed net top_i/StreamingDataflowPartition_1/inst/StreamingDataflowPartition_1_MVAU_hls_0/StreamingDataflowPartition_1_MVAU_hls_0/inst/grp_Matrix_Vector_Activate_Stream_Batch_fu_60/flow_control_loop_pipe_sequential_init_U/inputBuf_408_fu_3296[7]_i_2_n_3. Replicated 3 times.
INFO: [Physopt 32-572] Net top_i/StreamingDataflowPartition_1/inst/StreamingDataflowPartition_1_MVAU_hls_0/StreamingDataflowPartition_1_MVAU_hls_0/inst/grp_Matrix_Vector_Activate_Stream_Batch_fu_60/flow_control_loop_pipe_sequential_init_U/sf_fu_1652[31]_i_6_n_3 was not replicated.
Resolution: phys_opt_design can be forced to replicate a net driver using the option -force_replication_on_nets <list of net objects>.
INFO: [Physopt 32-81] Processed net top_i/StreamingDataflowPartition_1/inst/StreamingDataflowPartition_1_MVAU_hls_0/StreamingDataflowPartition_1_MVAU_hls_0/inst/grp_Matrix_Vector_Activate_Stream_Batch_fu_60/flow_control_loop_pipe_sequential_init_U/inputBuf_fu_1664[7]_i_7_n_3. Replicated 3 times.
INFO: [Physopt 32-572] Net top_i/StreamingDataflowPartition_1/inst/StreamingDataflowPartition_1_MVAU_hls_0/StreamingDataflowPartition_1_MVAU_hls_0/inst/grp_Matrix_Vector_Activate_Stream_Batch_fu_60/flow_control_loop_pipe_sequential_init_U/nf_1_fu_4800_reg[7][0] was not replicated.
Resolution: phys_opt_design can be forced to replicate a net driver using the option -force_replication_on_nets <list of net objects>.
INFO: [Physopt 32-81] Processed net top_i/StreamingDataflowPartition_1/inst/StreamingDataflowPartition_1_MVAU_hls_0/StreamingDataflowPartition_1_MVAU_hls_0/inst/grp_Matrix_Vector_Activate_Stream_Batch_fu_60/flow_control_loop_pipe_sequential_init_U/inputBuf_276_fu_2768[7]_i_3_n_3. Replicated 3 times.
INFO: [Physopt 32-81] Processed net top_i/StreamingDataflowPartition_1/inst/StreamingDataflowPartition_1_MVAU_hls_1/StreamingDataflowPartition_1_MVAU_hls_1/inst/grp_Matrix_Vector_Activate_Stream_Batch_fu_60/sf_fu_594[31]_i_4_n_3. Replicated 1 times.
INFO: [Physopt 32-81] Processed net top_i/StreamingDataflowPartition_1/inst/StreamingDataflowPartition_1_MVAU_hls_1/StreamingDataflowPartition_1_MVAU_hls_1/inst/grp_Matrix_Vector_Activate_Stream_Batch_fu_60/flow_control_loop_pipe_sequential_init_U/icmp_ln290_fu_5003_p2. Replicated 1 times.
INFO: [Physopt 32-572] Net top_i/StreamingDataflowPartition_1/inst/StreamingDataflowPartition_1_MVAU_hls_2/StreamingDataflowPartition_1_MVAU_hls_2/inst/grp_Matrix_Vector_Activate_Stream_Batch_fu_60/flow_control_loop_pipe_sequential_init_U/nf_1_fu_1632_reg[4][0] was not replicated.
Resolution: phys_opt_design can be forced to replicate a net driver using the option -force_replication_on_nets <list of net objects>.
INFO: [Physopt 32-572] Net top_i/StreamingDataflowPartition_1/inst/StreamingDataflowPartition_1_MVAU_hls_1/StreamingDataflowPartition_1_MVAU_hls_1/inst/grp_Matrix_Vector_Activate_Stream_Batch_fu_60/sf_fu_594_reg_n_3_[0] was not replicated.
Resolution: phys_opt_design can be forced to replicate a net driver using the option -force_replication_on_nets <list of net objects>.
INFO: [Physopt 32-81] Processed net top_i/StreamingDataflowPartition_1/inst/StreamingDataflowPartition_1_MVAU_hls_0/StreamingDataflowPartition_1_MVAU_hls_0/inst/grp_Matrix_Vector_Activate_Stream_Batch_fu_60/flow_control_loop_pipe_sequential_init_U/inputBuf_160_fu_2304[7]_i_3_n_3. Replicated 1 times.
INFO: [Physopt 32-572] Net top_i/StreamingDataflowPartition_1/inst/StreamingDataflowPartition_1_MVAU_hls_2/StreamingDataflowPartition_1_MVAU_hls_2/inst/grp_Matrix_Vector_Activate_Stream_Batch_fu_60/nf_1_fu_1632_reg_n_3_[5] was not replicated.
Resolution: phys_opt_design can be forced to replicate a net driver using the option -force_replication_on_nets <list of net objects>.
INFO: [Physopt 32-232] Optimized 13 nets. Created 25 new instances.
INFO: [Physopt 32-775] End 1 Pass. Optimized 13 nets or cells. Created 25 new cells, deleted 0 existing cell and moved 0 existing cell
INFO: [Physopt 32-619] Estimated Timing Summary | WNS=-1.851 | TNS=-8111.647 |
Netlist sorting complete. Time (s): cpu = 00:00:00.11 ; elapsed = 00:00:00.11 . Memory (MB): peak = 3620.988 ; gain = 0.000 ; free physical = 3149 ; free virtual = 11998
Phase 7 Critical Cell Optimization | Checksum: 191ea49b7

Time (s): cpu = 00:11:56 ; elapsed = 00:02:45 . Memory (MB): peak = 3620.988 ; gain = 0.000 ; free physical = 3129 ; free virtual = 12002

Phase 8 Fanout Optimization
INFO: [Physopt 32-76] Pass 1. Identified 10 candidate nets for fanout optimization.
INFO: [Physopt 32-572] Net top_i/StreamingDataflowPartition_1/inst/StreamingDataflowPartition_1_MVAU_hls_0/StreamingDataflowPartition_1_MVAU_hls_0/inst/grp_Matrix_Vector_Activate_Stream_Batch_fu_60/flow_control_loop_pipe_sequential_init_U/sf_fu_1652_reg[0]_rep__1_3 was not replicated.
Resolution: phys_opt_design can be forced to replicate a net driver using the option -force_replication_on_nets <list of net objects>.
INFO: [Physopt 32-572] Net top_i/StreamingDataflowPartition_1/inst/StreamingDataflowPartition_1_MVAU_hls_0/StreamingDataflowPartition_1_MVAU_hls_0/inst/grp_Matrix_Vector_Activate_Stream_Batch_fu_60/flow_control_loop_pipe_sequential_init_U/nf_1_fu_4800 was not replicated.
Resolution: phys_opt_design can be forced to replicate a net driver using the option -force_replication_on_nets <list of net objects>.
INFO: [Physopt 32-572] Net top_i/StreamingDataflowPartition_1/inst/StreamingDataflowPartition_1_MVAU_hls_0/StreamingDataflowPartition_1_MVAU_hls_0/inst/grp_Matrix_Vector_Activate_Stream_Batch_fu_60/flow_control_loop_pipe_sequential_init_U/SR[0] was not replicated.
Resolution: phys_opt_design can be forced to replicate a net driver using the option -force_replication_on_nets <list of net objects>.
INFO: [Physopt 32-572] Net top_i/StreamingDataflowPartition_1/inst/StreamingDataflowPartition_1_MVAU_hls_0/StreamingDataflowPartition_1_MVAU_hls_0/inst/grp_Matrix_Vector_Activate_Stream_Batch_fu_60/sf_fu_1652_reg[0]_rep__1_n_3 was not replicated.
Resolution: phys_opt_design can be forced to replicate a net driver using the option -force_replication_on_nets <list of net objects>.
INFO: [Physopt 32-572] Net top_i/StreamingDataflowPartition_1/inst/StreamingDataflowPartition_1_MVAU_hls_0/StreamingDataflowPartition_1_MVAU_hls_0/inst/grp_Matrix_Vector_Activate_Stream_Batch_fu_60/sf_fu_1652_reg_n_3_[1] was not replicated.
Resolution: phys_opt_design can be forced to replicate a net driver using the option -force_replication_on_nets <list of net objects>.
INFO: [Physopt 32-572] Net top_i/StreamingDataflowPartition_1/inst/StreamingDataflowPartition_1_MVAU_hls_0/StreamingDataflowPartition_1_MVAU_hls_0/inst/grp_Matrix_Vector_Activate_Stream_Batch_fu_60/sf_fu_1652_reg_n_3_[2] was not replicated.
Resolution: phys_opt_design can be forced to replicate a net driver using the option -force_replication_on_nets <list of net objects>.
INFO: [Physopt 32-572] Net top_i/StreamingDataflowPartition_1/inst/StreamingDataflowPartition_1_MVAU_hls_0/StreamingDataflowPartition_1_MVAU_hls_0/inst/grp_Matrix_Vector_Activate_Stream_Batch_fu_60/flow_control_loop_pipe_sequential_init_U/sf_fu_1652_reg[1]_48 was not replicated.
Resolution: phys_opt_design can be forced to replicate a net driver using the option -force_replication_on_nets <list of net objects>.
INFO: [Physopt 32-572] Net top_i/StreamingDataflowPartition_1/inst/StreamingDataflowPartition_1_MVAU_hls_0/StreamingDataflowPartition_1_MVAU_hls_0/inst/grp_Matrix_Vector_Activate_Stream_Batch_fu_60/sf_fu_1652_reg_n_3_[8] was not replicated.
Resolution: phys_opt_design can be forced to replicate a net driver using the option -force_replication_on_nets <list of net objects>.
INFO: [Physopt 32-81] Processed net top_i/StreamingDataflowPartition_1/inst/StreamingDataflowPartition_1_MVAU_hls_0/StreamingDataflowPartition_1_MVAU_hls_0/inst/grp_Matrix_Vector_Activate_Stream_Batch_fu_60_ap_start_reg. Replicated 10 times.
INFO: [Physopt 32-572] Net top_i/StreamingDataflowPartition_1/inst/StreamingDataflowPartition_1_MVAU_hls_0/StreamingDataflowPartition_1_MVAU_hls_0/inst/grp_Matrix_Vector_Activate_Stream_Batch_fu_60/flow_control_loop_pipe_sequential_init_U/inputBuf_92_fu_2032[7]_i_3_n_3 was not replicated.
Resolution: phys_opt_design can be forced to replicate a net driver using the option -force_replication_on_nets <list of net objects>.
INFO: [Physopt 32-232] Optimized 1 net. Created 10 new instances.
INFO: [Physopt 32-775] End 1 Pass. Optimized 1 net or cell. Created 10 new cells, deleted 0 existing cell and moved 0 existing cell
INFO: [Physopt 32-619] Estimated Timing Summary | WNS=-1.851 | TNS=-7943.822 |
Netlist sorting complete. Time (s): cpu = 00:00:00.14 ; elapsed = 00:00:00.14 . Memory (MB): peak = 3620.988 ; gain = 0.000 ; free physical = 3220 ; free virtual = 12053
Phase 8 Fanout Optimization | Checksum: 191380fa6

Time (s): cpu = 00:13:59 ; elapsed = 00:03:20 . Memory (MB): peak = 3620.988 ; gain = 0.000 ; free physical = 3187 ; free virtual = 12058

Phase 9 Single Cell Placement Optimization
INFO: [Physopt 32-660] Identified 250 candidate nets for placement-based optimization.
INFO: [Physopt 32-662] Processed net top_i/StreamingDataflowPartition_1/inst/StreamingDataflowPartition_1_MVAU_hls_0/StreamingDataflowPartition_1_MVAU_hls_0/inst/grp_Matrix_Vector_Activate_Stream_Batch_fu_60/flow_control_loop_pipe_sequential_init_U/sf_fu_1652_reg[0]_rep__1_3.  Did not re-place instance top_i/StreamingDataflowPartition_1/inst/StreamingDataflowPartition_1_MVAU_hls_0/StreamingDataflowPartition_1_MVAU_hls_0/inst/grp_Matrix_Vector_Activate_Stream_Batch_fu_60/flow_control_loop_pipe_sequential_init_U/sf_fu_1652[4]_i_2
INFO: [Physopt 32-662] Processed net top_i/StreamingDataflowPartition_1/inst/StreamingDataflowPartition_1_MVAU_hls_0/StreamingDataflowPartition_1_MVAU_hls_0/inst/grp_Matrix_Vector_Activate_Stream_Batch_fu_60/flow_control_loop_pipe_sequential_init_U/nf_1_fu_4800.  Did not re-place instance top_i/StreamingDataflowPartition_1/inst/StreamingDataflowPartition_1_MVAU_hls_0/StreamingDataflowPartition_1_MVAU_hls_0/inst/grp_Matrix_Vector_Activate_Stream_Batch_fu_60/flow_control_loop_pipe_sequential_init_U/sf_fu_1652[31]_i_1
INFO: [Physopt 32-662] Processed net top_i/StreamingDataflowPartition_1/inst/StreamingDataflowPartition_1_MVAU_hls_0/StreamingDataflowPartition_1_MVAU_hls_0/inst/grp_Matrix_Vector_Activate_Stream_Batch_fu_60/flow_control_loop_pipe_sequential_init_U/SR[0].  Did not re-place instance top_i/StreamingDataflowPartition_1/inst/StreamingDataflowPartition_1_MVAU_hls_0/StreamingDataflowPartition_1_MVAU_hls_0/inst/grp_Matrix_Vector_Activate_Stream_Batch_fu_60/flow_control_loop_pipe_sequential_init_U/nf_1_fu_4800[31]_i_1
INFO: [Physopt 32-662] Processed net top_i/StreamingDataflowPartition_1/inst/StreamingDataflowPartition_1_MVAU_hls_0/StreamingDataflowPartition_1_MVAU_hls_0/inst/grp_Matrix_Vector_Activate_Stream_Batch_fu_60/sf_fu_1652_reg[0]_rep__1_n_3.  Did not re-place instance top_i/StreamingDataflowPartition_1/inst/StreamingDataflowPartition_1_MVAU_hls_0/StreamingDataflowPartition_1_MVAU_hls_0/inst/grp_Matrix_Vector_Activate_Stream_Batch_fu_60/sf_fu_1652_reg[0]_rep__1
INFO: [Physopt 32-662] Processed net top_i/StreamingDataflowPartition_1/inst/StreamingDataflowPartition_1_MVAU_hls_0/StreamingDataflowPartition_1_MVAU_hls_0/inst/grp_Matrix_Vector_Activate_Stream_Batch_fu_60/flow_control_loop_pipe_sequential_init_U/sf_fu_1652[31]_i_4_n_3.  Did not re-place instance top_i/StreamingDataflowPartition_1/inst/StreamingDataflowPartition_1_MVAU_hls_0/StreamingDataflowPartition_1_MVAU_hls_0/inst/grp_Matrix_Vector_Activate_Stream_Batch_fu_60/flow_control_loop_pipe_sequential_init_U/sf_fu_1652[31]_i_4
INFO: [Physopt 32-662] Processed net top_i/StreamingDataflowPartition_1/inst/StreamingDataflowPartition_1_MVAU_hls_0/StreamingDataflowPartition_1_MVAU_hls_0/inst/grp_Matrix_Vector_Activate_Stream_Batch_fu_60/nf_1_fu_4800_reg_n_3_[16].  Did not re-place instance top_i/StreamingDataflowPartition_1/inst/StreamingDataflowPartition_1_MVAU_hls_0/StreamingDataflowPartition_1_MVAU_hls_0/inst/grp_Matrix_Vector_Activate_Stream_Batch_fu_60/nf_1_fu_4800_reg[16]
INFO: [Physopt 32-662] Processed net top_i/StreamingDataflowPartition_1/inst/StreamingDataflowPartition_1_MVAU_hls_0/StreamingDataflowPartition_1_MVAU_hls_0/inst/grp_Matrix_Vector_Activate_Stream_Batch_fu_60/flow_control_loop_pipe_sequential_init_U/sf_fu_1652[31]_i_11_n_3.  Did not re-place instance top_i/StreamingDataflowPartition_1/inst/StreamingDataflowPartition_1_MVAU_hls_0/StreamingDataflowPartition_1_MVAU_hls_0/inst/grp_Matrix_Vector_Activate_Stream_Batch_fu_60/flow_control_loop_pipe_sequential_init_U/sf_fu_1652[31]_i_11
INFO: [Physopt 32-662] Processed net top_i/StreamingDataflowPartition_1/inst/StreamingDataflowPartition_1_MVAU_hls_0/StreamingDataflowPartition_1_MVAU_hls_0/inst/grp_Matrix_Vector_Activate_Stream_Batch_fu_60/nf_1_fu_4800_reg_n_3_[1].  Did not re-place instance top_i/StreamingDataflowPartition_1/inst/StreamingDataflowPartition_1_MVAU_hls_0/StreamingDataflowPartition_1_MVAU_hls_0/inst/grp_Matrix_Vector_Activate_Stream_Batch_fu_60/nf_1_fu_4800_reg[1]
INFO: [Physopt 32-662] Processed net top_i/StreamingDataflowPartition_1/inst/StreamingDataflowPartition_1_MVAU_hls_0/StreamingDataflowPartition_1_MVAU_hls_0/inst/grp_Matrix_Vector_Activate_Stream_Batch_fu_60/nf_1_fu_4800_reg_n_3_[5].  Did not re-place instance top_i/StreamingDataflowPartition_1/inst/StreamingDataflowPartition_1_MVAU_hls_0/StreamingDataflowPartition_1_MVAU_hls_0/inst/grp_Matrix_Vector_Activate_Stream_Batch_fu_60/nf_1_fu_4800_reg[5]
INFO: [Physopt 32-662] Processed net top_i/StreamingDataflowPartition_1/inst/StreamingDataflowPartition_1_MVAU_hls_0/StreamingDataflowPartition_1_MVAU_hls_0/inst/grp_Matrix_Vector_Activate_Stream_Batch_fu_60/nf_1_fu_4800_reg_n_3_[6].  Did not re-place instance top_i/StreamingDataflowPartition_1/inst/StreamingDataflowPartition_1_MVAU_hls_0/StreamingDataflowPartition_1_MVAU_hls_0/inst/grp_Matrix_Vector_Activate_Stream_Batch_fu_60/nf_1_fu_4800_reg[6]
INFO: [Physopt 32-662] Processed net top_i/StreamingDataflowPartition_1/inst/StreamingDataflowPartition_1_MVAU_hls_0/StreamingDataflowPartition_1_MVAU_hls_0/inst/grp_Matrix_Vector_Activate_Stream_Batch_fu_60/nf_1_fu_4800_reg_n_3_[8].  Did not re-place instance top_i/StreamingDataflowPartition_1/inst/StreamingDataflowPartition_1_MVAU_hls_0/StreamingDataflowPartition_1_MVAU_hls_0/inst/grp_Matrix_Vector_Activate_Stream_Batch_fu_60/nf_1_fu_4800_reg[8]
INFO: [Physopt 32-662] Processed net top_i/StreamingDataflowPartition_1/inst/StreamingDataflowPartition_1_MVAU_hls_0/StreamingDataflowPartition_1_MVAU_hls_0/inst/grp_Matrix_Vector_Activate_Stream_Batch_fu_60/nf_1_fu_4800_reg_n_3_[9].  Did not re-place instance top_i/StreamingDataflowPartition_1/inst/StreamingDataflowPartition_1_MVAU_hls_0/StreamingDataflowPartition_1_MVAU_hls_0/inst/grp_Matrix_Vector_Activate_Stream_Batch_fu_60/nf_1_fu_4800_reg[9]
INFO: [Physopt 32-662] Processed net top_i/StreamingDataflowPartition_1/inst/StreamingDataflowPartition_1_MVAU_hls_0/StreamingDataflowPartition_1_MVAU_hls_0/inst/grp_Matrix_Vector_Activate_Stream_Batch_fu_60/sf_fu_1652_reg_n_3_[1].  Did not re-place instance top_i/StreamingDataflowPartition_1/inst/StreamingDataflowPartition_1_MVAU_hls_0/StreamingDataflowPartition_1_MVAU_hls_0/inst/grp_Matrix_Vector_Activate_Stream_Batch_fu_60/sf_fu_1652_reg[1]
INFO: [Physopt 32-662] Processed net top_i/StreamingDataflowPartition_1/inst/StreamingDataflowPartition_1_MVAU_hls_0/StreamingDataflowPartition_1_MVAU_hls_0/inst/grp_Matrix_Vector_Activate_Stream_Batch_fu_60/flow_control_loop_pipe_sequential_init_U/sf_fu_1652[4]_i_6_n_3.  Did not re-place instance top_i/StreamingDataflowPartition_1/inst/StreamingDataflowPartition_1_MVAU_hls_0/StreamingDataflowPartition_1_MVAU_hls_0/inst/grp_Matrix_Vector_Activate_Stream_Batch_fu_60/flow_control_loop_pipe_sequential_init_U/sf_fu_1652[4]_i_6
INFO: [Physopt 32-663] Processed net top_i/StreamingDataflowPartition_1/inst/StreamingDataflowPartition_1_MVAU_hls_0/StreamingDataflowPartition_1_MVAU_hls_0/inst/grp_Matrix_Vector_Activate_Stream_Batch_fu_60/sf_fu_1652_reg_n_3_[2].  Re-placed instance top_i/StreamingDataflowPartition_1/inst/StreamingDataflowPartition_1_MVAU_hls_0/StreamingDataflowPartition_1_MVAU_hls_0/inst/grp_Matrix_Vector_Activate_Stream_Batch_fu_60/sf_fu_1652_reg[2]
INFO: [Physopt 32-662] Processed net top_i/StreamingDataflowPartition_1/inst/StreamingDataflowPartition_1_MVAU_hls_0/StreamingDataflowPartition_1_MVAU_hls_0/inst/grp_Matrix_Vector_Activate_Stream_Batch_fu_60/flow_control_loop_pipe_sequential_init_U/sf_fu_1652[4]_i_5_n_3.  Did not re-place instance top_i/StreamingDataflowPartition_1/inst/StreamingDataflowPartition_1_MVAU_hls_0/StreamingDataflowPartition_1_MVAU_hls_0/inst/grp_Matrix_Vector_Activate_Stream_Batch_fu_60/flow_control_loop_pipe_sequential_init_U/sf_fu_1652[4]_i_5
INFO: [Physopt 32-662] Processed net top_i/StreamingDataflowPartition_1/inst/StreamingDataflowPartition_1_MVAU_hls_0/StreamingDataflowPartition_1_MVAU_hls_0/inst/grp_Matrix_Vector_Activate_Stream_Batch_fu_60/nf_1_fu_4800_reg_n_3_[17].  Did not re-place instance top_i/StreamingDataflowPartition_1/inst/StreamingDataflowPartition_1_MVAU_hls_0/StreamingDataflowPartition_1_MVAU_hls_0/inst/grp_Matrix_Vector_Activate_Stream_Batch_fu_60/nf_1_fu_4800_reg[17]
INFO: [Physopt 32-662] Processed net top_i/StreamingDataflowPartition_1/inst/StreamingDataflowPartition_1_MVAU_hls_0/StreamingDataflowPartition_1_MVAU_hls_0/inst/grp_Matrix_Vector_Activate_Stream_Batch_fu_60/nf_1_fu_4800_reg_n_3_[19].  Did not re-place instance top_i/StreamingDataflowPartition_1/inst/StreamingDataflowPartition_1_MVAU_hls_0/StreamingDataflowPartition_1_MVAU_hls_0/inst/grp_Matrix_Vector_Activate_Stream_Batch_fu_60/nf_1_fu_4800_reg[19]
INFO: [Physopt 32-662] Processed net top_i/StreamingDataflowPartition_1/inst/StreamingDataflowPartition_1_MVAU_hls_0/StreamingDataflowPartition_1_MVAU_hls_0/inst/grp_Matrix_Vector_Activate_Stream_Batch_fu_60/nf_1_fu_4800_reg_n_3_[20].  Did not re-place instance top_i/StreamingDataflowPartition_1/inst/StreamingDataflowPartition_1_MVAU_hls_0/StreamingDataflowPartition_1_MVAU_hls_0/inst/grp_Matrix_Vector_Activate_Stream_Batch_fu_60/nf_1_fu_4800_reg[20]
INFO: [Physopt 32-662] Processed net top_i/StreamingDataflowPartition_1/inst/StreamingDataflowPartition_1_MVAU_hls_0/StreamingDataflowPartition_1_MVAU_hls_0/inst/grp_Matrix_Vector_Activate_Stream_Batch_fu_60/nf_1_fu_4800_reg_n_3_[0].  Did not re-place instance top_i/StreamingDataflowPartition_1/inst/StreamingDataflowPartition_1_MVAU_hls_0/StreamingDataflowPartition_1_MVAU_hls_0/inst/grp_Matrix_Vector_Activate_Stream_Batch_fu_60/nf_1_fu_4800_reg[0]
INFO: [Physopt 32-662] Processed net top_i/StreamingDataflowPartition_1/inst/StreamingDataflowPartition_1_MVAU_hls_0/StreamingDataflowPartition_1_MVAU_hls_0/inst/grp_Matrix_Vector_Activate_Stream_Batch_fu_60/nf_1_fu_4800_reg_n_3_[7].  Did not re-place instance top_i/StreamingDataflowPartition_1/inst/StreamingDataflowPartition_1_MVAU_hls_0/StreamingDataflowPartition_1_MVAU_hls_0/inst/grp_Matrix_Vector_Activate_Stream_Batch_fu_60/nf_1_fu_4800_reg[7]
INFO: [Physopt 32-662] Processed net top_i/StreamingDataflowPartition_1/inst/StreamingDataflowPartition_1_MVAU_hls_0/StreamingDataflowPartition_1_MVAU_hls_0/inst/grp_Matrix_Vector_Activate_Stream_Batch_fu_60/flow_control_loop_pipe_sequential_init_U/icmp_ln290_fu_14505_p2.  Did not re-place instance top_i/StreamingDataflowPartition_1/inst/StreamingDataflowPartition_1_MVAU_hls_0/StreamingDataflowPartition_1_MVAU_hls_0/inst/grp_Matrix_Vector_Activate_Stream_Batch_fu_60/flow_control_loop_pipe_sequential_init_U/icmp_ln290_reg_19761[0]_i_1
INFO: [Physopt 32-662] Processed net top_i/StreamingDataflowPartition_1/inst/StreamingDataflowPartition_1_MVAU_hls_0/StreamingDataflowPartition_1_MVAU_hls_0/inst/grp_Matrix_Vector_Activate_Stream_Batch_fu_60/nf_1_fu_4800_reg_n_3_[10].  Did not re-place instance top_i/StreamingDataflowPartition_1/inst/StreamingDataflowPartition_1_MVAU_hls_0/StreamingDataflowPartition_1_MVAU_hls_0/inst/grp_Matrix_Vector_Activate_Stream_Batch_fu_60/nf_1_fu_4800_reg[10]
INFO: [Physopt 32-662] Processed net top_i/StreamingDataflowPartition_1/inst/StreamingDataflowPartition_1_MVAU_hls_0/StreamingDataflowPartition_1_MVAU_hls_0/inst/grp_Matrix_Vector_Activate_Stream_Batch_fu_60/nf_1_fu_4800_reg_n_3_[11].  Did not re-place instance top_i/StreamingDataflowPartition_1/inst/StreamingDataflowPartition_1_MVAU_hls_0/StreamingDataflowPartition_1_MVAU_hls_0/inst/grp_Matrix_Vector_Activate_Stream_Batch_fu_60/nf_1_fu_4800_reg[11]
INFO: [Physopt 32-662] Processed net top_i/StreamingDataflowPartition_1/inst/StreamingDataflowPartition_1_MVAU_hls_0/StreamingDataflowPartition_1_MVAU_hls_0/inst/grp_Matrix_Vector_Activate_Stream_Batch_fu_60/nf_1_fu_4800_reg_n_3_[12].  Did not re-place instance top_i/StreamingDataflowPartition_1/inst/StreamingDataflowPartition_1_MVAU_hls_0/StreamingDataflowPartition_1_MVAU_hls_0/inst/grp_Matrix_Vector_Activate_Stream_Batch_fu_60/nf_1_fu_4800_reg[12]
INFO: [Physopt 32-662] Processed net top_i/StreamingDataflowPartition_1/inst/StreamingDataflowPartition_1_MVAU_hls_0/StreamingDataflowPartition_1_MVAU_hls_0/inst/grp_Matrix_Vector_Activate_Stream_Batch_fu_60/flow_control_loop_pipe_sequential_init_U/sf_fu_1652_reg[1]_48.  Did not re-place instance top_i/StreamingDataflowPartition_1/inst/StreamingDataflowPartition_1_MVAU_hls_0/StreamingDataflowPartition_1_MVAU_hls_0/inst/grp_Matrix_Vector_Activate_Stream_Batch_fu_60/flow_control_loop_pipe_sequential_init_U/inputBuf_768_fu_4736[7]_i_2
INFO: [Physopt 32-662] Processed net top_i/StreamingDataflowPartition_1/inst/StreamingDataflowPartition_1_MVAU_hls_0/StreamingDataflowPartition_1_MVAU_hls_0/inst/grp_Matrix_Vector_Activate_Stream_Batch_fu_60/sparsemux_1569_10_8_1_1_U1/D[5].  Did not re-place instance top_i/StreamingDataflowPartition_1/inst/StreamingDataflowPartition_1_MVAU_hls_0/StreamingDataflowPartition_1_MVAU_hls_0/inst/grp_Matrix_Vector_Activate_Stream_Batch_fu_60/sparsemux_1569_10_8_1_1_U1/tmp_reg_19741[5]_i_1
INFO: [Physopt 32-662] Processed net top_i/StreamingDataflowPartition_1/inst/StreamingDataflowPartition_1_MVAU_hls_0/StreamingDataflowPartition_1_MVAU_hls_0/inst/grp_Matrix_Vector_Activate_Stream_Batch_fu_60/sparsemux_1569_10_8_1_1_U1/tmp_reg_19741[5]_i_26_n_3.  Did not re-place instance top_i/StreamingDataflowPartition_1/inst/StreamingDataflowPartition_1_MVAU_hls_0/StreamingDataflowPartition_1_MVAU_hls_0/inst/grp_Matrix_Vector_Activate_Stream_Batch_fu_60/sparsemux_1569_10_8_1_1_U1/tmp_reg_19741[5]_i_26
INFO: [Physopt 32-662] Processed net top_i/StreamingDataflowPartition_1/inst/StreamingDataflowPartition_1_MVAU_hls_0/StreamingDataflowPartition_1_MVAU_hls_0/inst/grp_Matrix_Vector_Activate_Stream_Batch_fu_60/sparsemux_1569_10_8_1_1_U1/tmp_reg_19741[5]_i_352_n_3.  Did not re-place instance top_i/StreamingDataflowPartition_1/inst/StreamingDataflowPartition_1_MVAU_hls_0/StreamingDataflowPartition_1_MVAU_hls_0/inst/grp_Matrix_Vector_Activate_Stream_Batch_fu_60/sparsemux_1569_10_8_1_1_U1/tmp_reg_19741[5]_i_352
INFO: [Physopt 32-662] Processed net top_i/StreamingDataflowPartition_1/inst/StreamingDataflowPartition_1_MVAU_hls_0/StreamingDataflowPartition_1_MVAU_hls_0/inst/grp_Matrix_Vector_Activate_Stream_Batch_fu_60/tmp_reg_19741[5].  Did not re-place instance top_i/StreamingDataflowPartition_1/inst/StreamingDataflowPartition_1_MVAU_hls_0/StreamingDataflowPartition_1_MVAU_hls_0/inst/grp_Matrix_Vector_Activate_Stream_Batch_fu_60/tmp_reg_19741_reg[5]
INFO: [Physopt 32-662] Processed net top_i/StreamingDataflowPartition_1/inst/StreamingDataflowPartition_1_MVAU_hls_0/StreamingDataflowPartition_1_MVAU_hls_0/inst/grp_Matrix_Vector_Activate_Stream_Batch_fu_60/sparsemux_1569_10_8_1_1_U1/tmp_reg_19741[5]_i_351_n_3.  Did not re-place instance top_i/StreamingDataflowPartition_1/inst/StreamingDataflowPartition_1_MVAU_hls_0/StreamingDataflowPartition_1_MVAU_hls_0/inst/grp_Matrix_Vector_Activate_Stream_Batch_fu_60/sparsemux_1569_10_8_1_1_U1/tmp_reg_19741[5]_i_351
INFO: [Physopt 32-662] Processed net top_i/StreamingDataflowPartition_1/inst/StreamingDataflowPartition_1_MVAU_hls_0/StreamingDataflowPartition_1_MVAU_hls_0/inst/grp_Matrix_Vector_Activate_Stream_Batch_fu_60/sf_fu_1652_reg_n_3_[8].  Did not re-place instance top_i/StreamingDataflowPartition_1/inst/StreamingDataflowPartition_1_MVAU_hls_0/StreamingDataflowPartition_1_MVAU_hls_0/inst/grp_Matrix_Vector_Activate_Stream_Batch_fu_60/sf_fu_1652_reg[8]
INFO: [Physopt 32-662] Processed net top_i/StreamingDataflowPartition_1/inst/StreamingDataflowPartition_1_MVAU_hls_0/StreamingDataflowPartition_1_MVAU_hls_0/inst/grp_Matrix_Vector_Activate_Stream_Batch_fu_60/flow_control_loop_pipe_sequential_init_U/inputBuf_400_fu_3264[7]_i_3_n_3.  Did not re-place instance top_i/StreamingDataflowPartition_1/inst/StreamingDataflowPartition_1_MVAU_hls_0/StreamingDataflowPartition_1_MVAU_hls_0/inst/grp_Matrix_Vector_Activate_Stream_Batch_fu_60/flow_control_loop_pipe_sequential_init_U/inputBuf_400_fu_3264[7]_i_3
INFO: [Physopt 32-662] Processed net top_i/StreamingDataflowPartition_1/inst/StreamingDataflowPartition_1_MVAU_hls_0/StreamingDataflowPartition_1_MVAU_hls_0/inst/grp_Matrix_Vector_Activate_Stream_Batch_fu_60/flow_control_loop_pipe_sequential_init_U/inputBuf_783_fu_4796[7]_i_7_0[0].  Did not re-place instance top_i/StreamingDataflowPartition_1/inst/StreamingDataflowPartition_1_MVAU_hls_0/StreamingDataflowPartition_1_MVAU_hls_0/inst/grp_Matrix_Vector_Activate_Stream_Batch_fu_60/flow_control_loop_pipe_sequential_init_U/inputBuf_783_fu_4796[7]_i_1
INFO: [Physopt 32-662] Processed net top_i/StreamingDataflowPartition_1/inst/StreamingDataflowPartition_1_MVAU_hls_0/StreamingDataflowPartition_1_MVAU_hls_0/inst/grp_Matrix_Vector_Activate_Stream_Batch_fu_60/flow_control_loop_pipe_sequential_init_U/inputBuf_783_fu_4796[7]_i_106_n_3.  Did not re-place instance top_i/StreamingDataflowPartition_1/inst/StreamingDataflowPartition_1_MVAU_hls_0/StreamingDataflowPartition_1_MVAU_hls_0/inst/grp_Matrix_Vector_Activate_Stream_Batch_fu_60/flow_control_loop_pipe_sequential_init_U/inputBuf_783_fu_4796[7]_i_106
INFO: [Physopt 32-662] Processed net top_i/StreamingDataflowPartition_1/inst/StreamingDataflowPartition_1_MVAU_hls_0/StreamingDataflowPartition_1_MVAU_hls_0/inst/grp_Matrix_Vector_Activate_Stream_Batch_fu_60/flow_control_loop_pipe_sequential_init_U/inputBuf_783_fu_4796[7]_i_177_n_3.  Did not re-place instance top_i/StreamingDataflowPartition_1/inst/StreamingDataflowPartition_1_MVAU_hls_0/StreamingDataflowPartition_1_MVAU_hls_0/inst/grp_Matrix_Vector_Activate_Stream_Batch_fu_60/flow_control_loop_pipe_sequential_init_U/inputBuf_783_fu_4796[7]_i_177
INFO: [Physopt 32-662] Processed net top_i/StreamingDataflowPartition_1/inst/StreamingDataflowPartition_1_MVAU_hls_0/StreamingDataflowPartition_1_MVAU_hls_0/inst/grp_Matrix_Vector_Activate_Stream_Batch_fu_60/flow_control_loop_pipe_sequential_init_U/inputBuf_783_fu_4796[7]_i_32_n_3.  Did not re-place instance top_i/StreamingDataflowPartition_1/inst/StreamingDataflowPartition_1_MVAU_hls_0/StreamingDataflowPartition_1_MVAU_hls_0/inst/grp_Matrix_Vector_Activate_Stream_Batch_fu_60/flow_control_loop_pipe_sequential_init_U/inputBuf_783_fu_4796[7]_i_32
INFO: [Physopt 32-662] Processed net top_i/StreamingDataflowPartition_1/inst/StreamingDataflowPartition_1_MVAU_hls_0/StreamingDataflowPartition_1_MVAU_hls_0/inst/grp_Matrix_Vector_Activate_Stream_Batch_fu_60/flow_control_loop_pipe_sequential_init_U/inputBuf_783_fu_4796[7]_i_6_n_3.  Did not re-place instance top_i/StreamingDataflowPartition_1/inst/StreamingDataflowPartition_1_MVAU_hls_0/StreamingDataflowPartition_1_MVAU_hls_0/inst/grp_Matrix_Vector_Activate_Stream_Batch_fu_60/flow_control_loop_pipe_sequential_init_U/inputBuf_783_fu_4796[7]_i_6
INFO: [Physopt 32-662] Processed net top_i/StreamingDataflowPartition_1/inst/StreamingDataflowPartition_1_MVAU_hls_0/StreamingDataflowPartition_1_MVAU_hls_0/inst/grp_Matrix_Vector_Activate_Stream_Batch_fu_60/inputBuf_783_fu_4796[3].  Did not re-place instance top_i/StreamingDataflowPartition_1/inst/StreamingDataflowPartition_1_MVAU_hls_0/StreamingDataflowPartition_1_MVAU_hls_0/inst/grp_Matrix_Vector_Activate_Stream_Batch_fu_60/inputBuf_783_fu_4796_reg[3]
INFO: [Physopt 32-662] Processed net top_i/StreamingDataflowPartition_1/inst/StreamingDataflowPartition_1_MVAU_hls_0/StreamingDataflowPartition_1_MVAU_hls_0/inst/grp_Matrix_Vector_Activate_Stream_Batch_fu_60/inputBuf_783_fu_4796[5].  Did not re-place instance top_i/StreamingDataflowPartition_1/inst/StreamingDataflowPartition_1_MVAU_hls_0/StreamingDataflowPartition_1_MVAU_hls_0/inst/grp_Matrix_Vector_Activate_Stream_Batch_fu_60/inputBuf_783_fu_4796_reg[5]
INFO: [Physopt 32-662] Processed net top_i/StreamingDataflowPartition_1/inst/StreamingDataflowPartition_1_MVAU_hls_0/StreamingDataflowPartition_1_MVAU_hls_0/inst/grp_Matrix_Vector_Activate_Stream_Batch_fu_60/inputBuf_783_fu_4796[7].  Did not re-place instance top_i/StreamingDataflowPartition_1/inst/StreamingDataflowPartition_1_MVAU_hls_0/StreamingDataflowPartition_1_MVAU_hls_0/inst/grp_Matrix_Vector_Activate_Stream_Batch_fu_60/inputBuf_783_fu_4796_reg[7]
INFO: [Physopt 32-662] Processed net top_i/StreamingDataflowPartition_1/inst/StreamingDataflowPartition_1_MVAU_hls_0/StreamingDataflowPartition_1_MVAU_hls_0/inst/grp_Matrix_Vector_Activate_Stream_Batch_fu_60/nf_1_fu_4800_reg_n_3_[15].  Did not re-place instance top_i/StreamingDataflowPartition_1/inst/StreamingDataflowPartition_1_MVAU_hls_0/StreamingDataflowPartition_1_MVAU_hls_0/inst/grp_Matrix_Vector_Activate_Stream_Batch_fu_60/nf_1_fu_4800_reg[15]
INFO: [Physopt 32-662] Processed net top_i/StreamingDataflowPartition_1/inst/StreamingDataflowPartition_1_MVAU_hls_0/StreamingDataflowPartition_1_MVAU_hls_0/inst/grp_Matrix_Vector_Activate_Stream_Batch_fu_60/nf_1_fu_4800_reg_n_3_[22].  Did not re-place instance top_i/StreamingDataflowPartition_1/inst/StreamingDataflowPartition_1_MVAU_hls_0/StreamingDataflowPartition_1_MVAU_hls_0/inst/grp_Matrix_Vector_Activate_Stream_Batch_fu_60/nf_1_fu_4800_reg[22]
INFO: [Physopt 32-662] Processed net top_i/StreamingDataflowPartition_1/inst/StreamingDataflowPartition_1_MVAU_hls_0/StreamingDataflowPartition_1_MVAU_hls_0/inst/grp_Matrix_Vector_Activate_Stream_Batch_fu_60/nf_1_fu_4800_reg_n_3_[23].  Did not re-place instance top_i/StreamingDataflowPartition_1/inst/StreamingDataflowPartition_1_MVAU_hls_0/StreamingDataflowPartition_1_MVAU_hls_0/inst/grp_Matrix_Vector_Activate_Stream_Batch_fu_60/nf_1_fu_4800_reg[23]
INFO: [Physopt 32-662] Processed net top_i/StreamingDataflowPartition_1/inst/StreamingDataflowPartition_1_MVAU_hls_0/StreamingDataflowPartition_1_MVAU_hls_0/inst/grp_Matrix_Vector_Activate_Stream_Batch_fu_60/nf_1_fu_4800_reg_n_3_[24].  Did not re-place instance top_i/StreamingDataflowPartition_1/inst/StreamingDataflowPartition_1_MVAU_hls_0/StreamingDataflowPartition_1_MVAU_hls_0/inst/grp_Matrix_Vector_Activate_Stream_Batch_fu_60/nf_1_fu_4800_reg[24]
INFO: [Physopt 32-662] Processed net top_i/StreamingDataflowPartition_1/inst/StreamingDataflowPartition_1_MVAU_hls_0/StreamingDataflowPartition_1_MVAU_hls_0/inst/grp_Matrix_Vector_Activate_Stream_Batch_fu_60/nf_1_fu_4800_reg_n_3_[2].  Did not re-place instance top_i/StreamingDataflowPartition_1/inst/StreamingDataflowPartition_1_MVAU_hls_0/StreamingDataflowPartition_1_MVAU_hls_0/inst/grp_Matrix_Vector_Activate_Stream_Batch_fu_60/nf_1_fu_4800_reg[2]
INFO: [Physopt 32-662] Processed net top_i/StreamingDataflowPartition_1/inst/StreamingDataflowPartition_1_MVAU_hls_0/StreamingDataflowPartition_1_MVAU_hls_0/inst/grp_Matrix_Vector_Activate_Stream_Batch_fu_60/nf_1_fu_4800_reg_n_3_[3].  Did not re-place instance top_i/StreamingDataflowPartition_1/inst/StreamingDataflowPartition_1_MVAU_hls_0/StreamingDataflowPartition_1_MVAU_hls_0/inst/grp_Matrix_Vector_Activate_Stream_Batch_fu_60/nf_1_fu_4800_reg[3]
INFO: [Physopt 32-662] Processed net top_i/StreamingDataflowPartition_1/inst/StreamingDataflowPartition_1_MVAU_hls_0/StreamingDataflowPartition_1_MVAU_hls_0/inst/grp_Matrix_Vector_Activate_Stream_Batch_fu_60/nf_1_fu_4800_reg_n_3_[4].  Did not re-place instance top_i/StreamingDataflowPartition_1/inst/StreamingDataflowPartition_1_MVAU_hls_0/StreamingDataflowPartition_1_MVAU_hls_0/inst/grp_Matrix_Vector_Activate_Stream_Batch_fu_60/nf_1_fu_4800_reg[4]
INFO: [Physopt 32-662] Processed net top_i/StreamingDataflowPartition_1/inst/StreamingDataflowPartition_1_MVAU_hls_0/StreamingDataflowPartition_1_MVAU_hls_0/inst/grp_Matrix_Vector_Activate_Stream_Batch_fu_60/nf_1_fu_4800_reg_n_3_[21].  Did not re-place instance top_i/StreamingDataflowPartition_1/inst/StreamingDataflowPartition_1_MVAU_hls_0/StreamingDataflowPartition_1_MVAU_hls_0/inst/grp_Matrix_Vector_Activate_Stream_Batch_fu_60/nf_1_fu_4800_reg[21]
INFO: [Physopt 32-662] Processed net top_i/StreamingDataflowPartition_1/inst/StreamingDataflowPartition_1_MVAU_hls_0/StreamingDataflowPartition_1_MVAU_hls_0/inst/grp_Matrix_Vector_Activate_Stream_Batch_fu_60/nf_1_fu_4800_reg_n_3_[26].  Did not re-place instance top_i/StreamingDataflowPartition_1/inst/StreamingDataflowPartition_1_MVAU_hls_0/StreamingDataflowPartition_1_MVAU_hls_0/inst/grp_Matrix_Vector_Activate_Stream_Batch_fu_60/nf_1_fu_4800_reg[26]
INFO: [Physopt 32-662] Processed net top_i/StreamingDataflowPartition_1/inst/StreamingDataflowPartition_1_MVAU_hls_0/StreamingDataflowPartition_1_MVAU_hls_0/inst/grp_Matrix_Vector_Activate_Stream_Batch_fu_60/nf_1_fu_4800_reg_n_3_[27].  Did not re-place instance top_i/StreamingDataflowPartition_1/inst/StreamingDataflowPartition_1_MVAU_hls_0/StreamingDataflowPartition_1_MVAU_hls_0/inst/grp_Matrix_Vector_Activate_Stream_Batch_fu_60/nf_1_fu_4800_reg[27]
INFO: [Physopt 32-662] Processed net top_i/StreamingDataflowPartition_1/inst/StreamingDataflowPartition_1_MVAU_hls_0/StreamingDataflowPartition_1_MVAU_hls_0/inst/grp_Matrix_Vector_Activate_Stream_Batch_fu_60/nf_1_fu_4800_reg_n_3_[28].  Did not re-place instance top_i/StreamingDataflowPartition_1/inst/StreamingDataflowPartition_1_MVAU_hls_0/StreamingDataflowPartition_1_MVAU_hls_0/inst/grp_Matrix_Vector_Activate_Stream_Batch_fu_60/nf_1_fu_4800_reg[28]
INFO: [Physopt 32-662] Processed net top_i/StreamingDataflowPartition_1/inst/StreamingDataflowPartition_1_MVAU_hls_0/StreamingDataflowPartition_1_MVAU_hls_0/inst/grp_Matrix_Vector_Activate_Stream_Batch_fu_60/flow_control_loop_pipe_sequential_init_U/sf_fu_1652[31]_i_5_n_3.  Did not re-place instance top_i/StreamingDataflowPartition_1/inst/StreamingDataflowPartition_1_MVAU_hls_0/StreamingDataflowPartition_1_MVAU_hls_0/inst/grp_Matrix_Vector_Activate_Stream_Batch_fu_60/flow_control_loop_pipe_sequential_init_U/sf_fu_1652[31]_i_5
INFO: [Physopt 32-662] Processed net top_i/StreamingDataflowPartition_1/inst/StreamingDataflowPartition_1_MVAU_hls_0/StreamingDataflowPartition_1_MVAU_hls_0/inst/grp_Matrix_Vector_Activate_Stream_Batch_fu_60/flow_control_loop_pipe_sequential_init_U/sf_fu_1652[31]_i_12_n_3.  Did not re-place instance top_i/StreamingDataflowPartition_1/inst/StreamingDataflowPartition_1_MVAU_hls_0/StreamingDataflowPartition_1_MVAU_hls_0/inst/grp_Matrix_Vector_Activate_Stream_Batch_fu_60/flow_control_loop_pipe_sequential_init_U/sf_fu_1652[31]_i_12
INFO: [Physopt 32-662] Processed net top_i/StreamingDataflowPartition_1/inst/StreamingDataflowPartition_1_MVAU_hls_0/StreamingDataflowPartition_1_MVAU_hls_0/inst/grp_Matrix_Vector_Activate_Stream_Batch_fu_60/sparsemux_1569_10_8_1_1_U1/tmp_reg_19741[5]_i_353_n_3.  Did not re-place instance top_i/StreamingDataflowPartition_1/inst/StreamingDataflowPartition_1_MVAU_hls_0/StreamingDataflowPartition_1_MVAU_hls_0/inst/grp_Matrix_Vector_Activate_Stream_Batch_fu_60/sparsemux_1569_10_8_1_1_U1/tmp_reg_19741[5]_i_353
INFO: [Physopt 32-662] Processed net top_i/StreamingDataflowPartition_1/inst/StreamingDataflowPartition_1_MVAU_hls_0/StreamingDataflowPartition_1_MVAU_hls_0/inst/grp_Matrix_Vector_Activate_Stream_Batch_fu_60/nf_1_fu_4800_reg_n_3_[13].  Did not re-place instance top_i/StreamingDataflowPartition_1/inst/StreamingDataflowPartition_1_MVAU_hls_0/StreamingDataflowPartition_1_MVAU_hls_0/inst/grp_Matrix_Vector_Activate_Stream_Batch_fu_60/nf_1_fu_4800_reg[13]
INFO: [Physopt 32-662] Processed net top_i/StreamingDataflowPartition_1/inst/StreamingDataflowPartition_1_MVAU_hls_0/StreamingDataflowPartition_1_MVAU_hls_0/inst/grp_Matrix_Vector_Activate_Stream_Batch_fu_60/nf_1_fu_4800_reg_n_3_[14].  Did not re-place instance top_i/StreamingDataflowPartition_1/inst/StreamingDataflowPartition_1_MVAU_hls_0/StreamingDataflowPartition_1_MVAU_hls_0/inst/grp_Matrix_Vector_Activate_Stream_Batch_fu_60/nf_1_fu_4800_reg[14]
INFO: [Physopt 32-662] Processed net top_i/StreamingDataflowPartition_1/inst/StreamingDataflowPartition_1_MVAU_hls_0/StreamingDataflowPartition_1_MVAU_hls_0/inst/grp_Matrix_Vector_Activate_Stream_Batch_fu_60/nf_1_fu_4800_reg_n_3_[18].  Did not re-place instance top_i/StreamingDataflowPartition_1/inst/StreamingDataflowPartition_1_MVAU_hls_0/StreamingDataflowPartition_1_MVAU_hls_0/inst/grp_Matrix_Vector_Activate_Stream_Batch_fu_60/nf_1_fu_4800_reg[18]
INFO: [Physopt 32-662] Processed net top_i/StreamingDataflowPartition_1/inst/StreamingDataflowPartition_1_MVAU_hls_0/StreamingDataflowPartition_1_MVAU_hls_0/inst/grp_Matrix_Vector_Activate_Stream_Batch_fu_60/nf_1_fu_4800_reg_n_3_[25].  Did not re-place instance top_i/StreamingDataflowPartition_1/inst/StreamingDataflowPartition_1_MVAU_hls_0/StreamingDataflowPartition_1_MVAU_hls_0/inst/grp_Matrix_Vector_Activate_Stream_Batch_fu_60/nf_1_fu_4800_reg[25]
INFO: [Physopt 32-662] Processed net top_i/StreamingDataflowPartition_1/inst/StreamingDataflowPartition_1_MVAU_hls_0/StreamingDataflowPartition_1_MVAU_hls_0/inst/grp_Matrix_Vector_Activate_Stream_Batch_fu_60/nf_1_fu_4800_reg_n_3_[29].  Did not re-place instance top_i/StreamingDataflowPartition_1/inst/StreamingDataflowPartition_1_MVAU_hls_0/StreamingDataflowPartition_1_MVAU_hls_0/inst/grp_Matrix_Vector_Activate_Stream_Batch_fu_60/nf_1_fu_4800_reg[29]
INFO: [Physopt 32-662] Processed net top_i/StreamingDataflowPartition_1/inst/StreamingDataflowPartition_1_MVAU_hls_0/StreamingDataflowPartition_1_MVAU_hls_0/inst/grp_Matrix_Vector_Activate_Stream_Batch_fu_60/nf_1_fu_4800_reg_n_3_[30].  Did not re-place instance top_i/StreamingDataflowPartition_1/inst/StreamingDataflowPartition_1_MVAU_hls_0/StreamingDataflowPartition_1_MVAU_hls_0/inst/grp_Matrix_Vector_Activate_Stream_Batch_fu_60/nf_1_fu_4800_reg[30]
INFO: [Physopt 32-662] Processed net top_i/StreamingDataflowPartition_1/inst/StreamingDataflowPartition_1_MVAU_hls_0/StreamingDataflowPartition_1_MVAU_hls_0/inst/grp_Matrix_Vector_Activate_Stream_Batch_fu_60/nf_1_fu_4800_reg_n_3_[31].  Did not re-place instance top_i/StreamingDataflowPartition_1/inst/StreamingDataflowPartition_1_MVAU_hls_0/StreamingDataflowPartition_1_MVAU_hls_0/inst/grp_Matrix_Vector_Activate_Stream_Batch_fu_60/nf_1_fu_4800_reg[31]
INFO: [Physopt 32-662] Processed net top_i/StreamingDataflowPartition_1/inst/StreamingDataflowPartition_1_MVAU_hls_0/StreamingDataflowPartition_1_MVAU_hls_0/inst/grp_Matrix_Vector_Activate_Stream_Batch_fu_60/flow_control_loop_pipe_sequential_init_U/sf_fu_1652[31]_i_7_n_3.  Did not re-place instance top_i/StreamingDataflowPartition_1/inst/StreamingDataflowPartition_1_MVAU_hls_0/StreamingDataflowPartition_1_MVAU_hls_0/inst/grp_Matrix_Vector_Activate_Stream_Batch_fu_60/flow_control_loop_pipe_sequential_init_U/sf_fu_1652[31]_i_7
INFO: [Physopt 32-662] Processed net top_i/StreamingDataflowPartition_1/inst/StreamingDataflowPartition_1_MVAU_hls_0/StreamingDataflowPartition_1_MVAU_hls_0/inst/grp_Matrix_Vector_Activate_Stream_Batch_fu_60/flow_control_loop_pipe_sequential_init_U/sf_fu_1652[31]_i_14_n_3.  Did not re-place instance top_i/StreamingDataflowPartition_1/inst/StreamingDataflowPartition_1_MVAU_hls_0/StreamingDataflowPartition_1_MVAU_hls_0/inst/grp_Matrix_Vector_Activate_Stream_Batch_fu_60/flow_control_loop_pipe_sequential_init_U/sf_fu_1652[31]_i_14
INFO: [Physopt 32-662] Processed net top_i/StreamingDataflowPartition_1/inst/StreamingDataflowPartition_1_MVAU_hls_0/StreamingDataflowPartition_1_MVAU_hls_0/inst/grp_Matrix_Vector_Activate_Stream_Batch_fu_60/sparsemux_1569_10_8_1_1_U1/tmp_reg_19741[5]_i_354_n_3.  Did not re-place instance top_i/StreamingDataflowPartition_1/inst/StreamingDataflowPartition_1_MVAU_hls_0/StreamingDataflowPartition_1_MVAU_hls_0/inst/grp_Matrix_Vector_Activate_Stream_Batch_fu_60/sparsemux_1569_10_8_1_1_U1/tmp_reg_19741[5]_i_354
INFO: [Physopt 32-662] Processed net top_i/StreamingDataflowPartition_1/inst/StreamingDataflowPartition_1_MVAU_hls_0/StreamingDataflowPartition_1_MVAU_hls_0/inst/grp_Matrix_Vector_Activate_Stream_Batch_fu_60/flow_control_loop_pipe_sequential_init_U/ap_loop_init_int_reg_rep__3_n_3_repN.  Did not re-place instance top_i/StreamingDataflowPartition_1/inst/StreamingDataflowPartition_1_MVAU_hls_0/StreamingDataflowPartition_1_MVAU_hls_0/inst/grp_Matrix_Vector_Activate_Stream_Batch_fu_60/flow_control_loop_pipe_sequential_init_U/ap_loop_init_int_reg_rep__3_replica
INFO: [Physopt 32-662] Processed net top_i/StreamingDataflowPartition_1/inst/StreamingDataflowPartition_1_MVAU_hls_0/StreamingDataflowPartition_1_MVAU_hls_0/inst/grp_Matrix_Vector_Activate_Stream_Batch_fu_60/flow_control_loop_pipe_sequential_init_U/sf_fu_1652_reg[0]_rep__1.  Did not re-place instance top_i/StreamingDataflowPartition_1/inst/StreamingDataflowPartition_1_MVAU_hls_0/StreamingDataflowPartition_1_MVAU_hls_0/inst/grp_Matrix_Vector_Activate_Stream_Batch_fu_60/flow_control_loop_pipe_sequential_init_U/inputBuf_33_fu_1796[7]_i_2
INFO: [Physopt 32-662] Processed net top_i/StreamingDataflowPartition_1/inst/StreamingDataflowPartition_1_MVAU_hls_0/StreamingDataflowPartition_1_MVAU_hls_0/inst/grp_Matrix_Vector_Activate_Stream_Batch_fu_60/sparsemux_1569_10_8_1_1_U1/D[6].  Did not re-place instance top_i/StreamingDataflowPartition_1/inst/StreamingDataflowPartition_1_MVAU_hls_0/StreamingDataflowPartition_1_MVAU_hls_0/inst/grp_Matrix_Vector_Activate_Stream_Batch_fu_60/sparsemux_1569_10_8_1_1_U1/tmp_reg_19741[6]_i_1
INFO: [Physopt 32-662] Processed net top_i/StreamingDataflowPartition_1/inst/StreamingDataflowPartition_1_MVAU_hls_0/StreamingDataflowPartition_1_MVAU_hls_0/inst/grp_Matrix_Vector_Activate_Stream_Batch_fu_60/sparsemux_1569_10_8_1_1_U1/tmp_reg_19741[6]_i_27_n_3.  Did not re-place instance top_i/StreamingDataflowPartition_1/inst/StreamingDataflowPartition_1_MVAU_hls_0/StreamingDataflowPartition_1_MVAU_hls_0/inst/grp_Matrix_Vector_Activate_Stream_Batch_fu_60/sparsemux_1569_10_8_1_1_U1/tmp_reg_19741[6]_i_27
INFO: [Physopt 32-662] Processed net top_i/StreamingDataflowPartition_1/inst/StreamingDataflowPartition_1_MVAU_hls_0/StreamingDataflowPartition_1_MVAU_hls_0/inst/grp_Matrix_Vector_Activate_Stream_Batch_fu_60/sparsemux_1569_10_8_1_1_U1/tmp_reg_19741[6]_i_358_n_3.  Did not re-place instance top_i/StreamingDataflowPartition_1/inst/StreamingDataflowPartition_1_MVAU_hls_0/StreamingDataflowPartition_1_MVAU_hls_0/inst/grp_Matrix_Vector_Activate_Stream_Batch_fu_60/sparsemux_1569_10_8_1_1_U1/tmp_reg_19741[6]_i_358
INFO: [Physopt 32-662] Processed net top_i/StreamingDataflowPartition_1/inst/StreamingDataflowPartition_1_MVAU_hls_0/StreamingDataflowPartition_1_MVAU_hls_0/inst/grp_Matrix_Vector_Activate_Stream_Batch_fu_60/tmp_reg_19741[6].  Did not re-place instance top_i/StreamingDataflowPartition_1/inst/StreamingDataflowPartition_1_MVAU_hls_0/StreamingDataflowPartition_1_MVAU_hls_0/inst/grp_Matrix_Vector_Activate_Stream_Batch_fu_60/tmp_reg_19741_reg[6]
INFO: [Physopt 32-662] Processed net top_i/StreamingDataflowPartition_1/inst/StreamingDataflowPartition_1_MVAU_hls_0/StreamingDataflowPartition_1_MVAU_hls_0/inst/grp_Matrix_Vector_Activate_Stream_Batch_fu_60/flow_control_loop_pipe_sequential_init_U/sf_fu_1652_reg[1]_45.  Did not re-place instance top_i/StreamingDataflowPartition_1/inst/StreamingDataflowPartition_1_MVAU_hls_0/StreamingDataflowPartition_1_MVAU_hls_0/inst/grp_Matrix_Vector_Activate_Stream_Batch_fu_60/flow_control_loop_pipe_sequential_init_U/inputBuf_584_fu_4000[7]_i_2
INFO: [Physopt 32-662] Processed net top_i/StreamingDataflowPartition_1/inst/StreamingDataflowPartition_1_MVAU_hls_0/StreamingDataflowPartition_1_MVAU_hls_0/inst/grp_Matrix_Vector_Activate_Stream_Batch_fu_60/sparsemux_1569_10_8_1_1_U1/D[0].  Did not re-place instance top_i/StreamingDataflowPartition_1/inst/StreamingDataflowPartition_1_MVAU_hls_0/StreamingDataflowPartition_1_MVAU_hls_0/inst/grp_Matrix_Vector_Activate_Stream_Batch_fu_60/sparsemux_1569_10_8_1_1_U1/tmp_reg_19741[0]_i_1
INFO: [Physopt 32-662] Processed net top_i/StreamingDataflowPartition_1/inst/StreamingDataflowPartition_1_MVAU_hls_0/StreamingDataflowPartition_1_MVAU_hls_0/inst/grp_Matrix_Vector_Activate_Stream_Batch_fu_60/sparsemux_1569_10_8_1_1_U1/tmp_reg_19741[0]_i_16_n_3.  Did not re-place instance top_i/StreamingDataflowPartition_1/inst/StreamingDataflowPartition_1_MVAU_hls_0/StreamingDataflowPartition_1_MVAU_hls_0/inst/grp_Matrix_Vector_Activate_Stream_Batch_fu_60/sparsemux_1569_10_8_1_1_U1/tmp_reg_19741[0]_i_16
INFO: [Physopt 32-662] Processed net top_i/StreamingDataflowPartition_1/inst/StreamingDataflowPartition_1_MVAU_hls_0/StreamingDataflowPartition_1_MVAU_hls_0/inst/grp_Matrix_Vector_Activate_Stream_Batch_fu_60/sparsemux_1569_10_8_1_1_U1/tmp_reg_19741[0]_i_198_n_3.  Did not re-place instance top_i/StreamingDataflowPartition_1/inst/StreamingDataflowPartition_1_MVAU_hls_0/StreamingDataflowPartition_1_MVAU_hls_0/inst/grp_Matrix_Vector_Activate_Stream_Batch_fu_60/sparsemux_1569_10_8_1_1_U1/tmp_reg_19741[0]_i_198
INFO: [Physopt 32-662] Processed net top_i/StreamingDataflowPartition_1/inst/StreamingDataflowPartition_1_MVAU_hls_0/StreamingDataflowPartition_1_MVAU_hls_0/inst/grp_Matrix_Vector_Activate_Stream_Batch_fu_60/sparsemux_1569_10_8_1_1_U1/tmp_reg_19741[6]_i_357_n_3.  Did not re-place instance top_i/StreamingDataflowPartition_1/inst/StreamingDataflowPartition_1_MVAU_hls_0/StreamingDataflowPartition_1_MVAU_hls_0/inst/grp_Matrix_Vector_Activate_Stream_Batch_fu_60/sparsemux_1569_10_8_1_1_U1/tmp_reg_19741[6]_i_357
INFO: [Physopt 32-662] Processed net top_i/StreamingDataflowPartition_1/inst/StreamingDataflowPartition_1_MVAU_hls_0/StreamingDataflowPartition_1_MVAU_hls_0/inst/grp_Matrix_Vector_Activate_Stream_Batch_fu_60/tmp_reg_19741[0].  Did not re-place instance top_i/StreamingDataflowPartition_1/inst/StreamingDataflowPartition_1_MVAU_hls_0/StreamingDataflowPartition_1_MVAU_hls_0/inst/grp_Matrix_Vector_Activate_Stream_Batch_fu_60/tmp_reg_19741_reg[0]
INFO: [Physopt 32-663] Processed net top_i/StreamingDataflowPartition_1/inst/StreamingDataflowPartition_1_MVAU_hls_0/StreamingDataflowPartition_1_MVAU_hls_0/inst/grp_Matrix_Vector_Activate_Stream_Batch_fu_60/flow_control_loop_pipe_sequential_init_U/ap_loop_init_int_reg_rep__2_n_3.  Re-placed instance top_i/StreamingDataflowPartition_1/inst/StreamingDataflowPartition_1_MVAU_hls_0/StreamingDataflowPartition_1_MVAU_hls_0/inst/grp_Matrix_Vector_Activate_Stream_Batch_fu_60/flow_control_loop_pipe_sequential_init_U/ap_loop_init_int_reg_rep__2
INFO: [Physopt 32-663] Processed net top_i/StreamingDataflowPartition_1/inst/StreamingDataflowPartition_1_MVAU_hls_0/StreamingDataflowPartition_1_MVAU_hls_0/inst/grp_Matrix_Vector_Activate_Stream_Batch_fu_60/sf_fu_1652_reg_n_3_[3].  Re-placed instance top_i/StreamingDataflowPartition_1/inst/StreamingDataflowPartition_1_MVAU_hls_0/StreamingDataflowPartition_1_MVAU_hls_0/inst/grp_Matrix_Vector_Activate_Stream_Batch_fu_60/sf_fu_1652_reg[3]
INFO: [Physopt 32-662] Processed net top_i/StreamingDataflowPartition_1/inst/StreamingDataflowPartition_1_MVAU_hls_0/StreamingDataflowPartition_1_MVAU_hls_0/inst/grp_Matrix_Vector_Activate_Stream_Batch_fu_60/flow_control_loop_pipe_sequential_init_U/sf_fu_1652_reg[9][3].  Did not re-place instance top_i/StreamingDataflowPartition_1/inst/StreamingDataflowPartition_1_MVAU_hls_0/StreamingDataflowPartition_1_MVAU_hls_0/inst/grp_Matrix_Vector_Activate_Stream_Batch_fu_60/flow_control_loop_pipe_sequential_init_U/inputBuf_fu_1664[7]_i_6
INFO: [Physopt 32-662] Processed net top_i/StreamingDataflowPartition_1/inst/StreamingDataflowPartition_1_MVAU_hls_1/StreamingDataflowPartition_1_MVAU_hls_1/inst/grp_Matrix_Vector_Activate_Stream_Batch_fu_60/flow_control_loop_pipe_sequential_init_U/grp_Matrix_Vector_Activate_Stream_Batch_fu_60_ap_start_reg_reg_1[0].  Did not re-place instance top_i/StreamingDataflowPartition_1/inst/StreamingDataflowPartition_1_MVAU_hls_1/StreamingDataflowPartition_1_MVAU_hls_1/inst/grp_Matrix_Vector_Activate_Stream_Batch_fu_60/flow_control_loop_pipe_sequential_init_U/nf_1_fu_1630[31]_i_1
INFO: [Physopt 32-663] Processed net top_i/StreamingDataflowPartition_1/inst/StreamingDataflowPartition_1_MVAU_hls_1/StreamingDataflowPartition_1_MVAU_hls_1/inst/grp_Matrix_Vector_Activate_Stream_Batch_fu_60/nf_1_fu_1630_reg_n_3_[0].  Re-placed instance top_i/StreamingDataflowPartition_1/inst/StreamingDataflowPartition_1_MVAU_hls_1/StreamingDataflowPartition_1_MVAU_hls_1/inst/grp_Matrix_Vector_Activate_Stream_Batch_fu_60/nf_1_fu_1630_reg[0]
INFO: [Physopt 32-663] Processed net top_i/StreamingDataflowPartition_1/inst/StreamingDataflowPartition_1_MVAU_hls_1/StreamingDataflowPartition_1_MVAU_hls_1/inst/grp_Matrix_Vector_Activate_Stream_Batch_fu_60/nf_1_fu_1630_reg_n_3_[8].  Re-placed instance top_i/StreamingDataflowPartition_1/inst/StreamingDataflowPartition_1_MVAU_hls_1/StreamingDataflowPartition_1_MVAU_hls_1/inst/grp_Matrix_Vector_Activate_Stream_Batch_fu_60/nf_1_fu_1630_reg[8]
INFO: [Physopt 32-662] Processed net top_i/StreamingDataflowPartition_1/inst/StreamingDataflowPartition_1_MVAU_hls_1/StreamingDataflowPartition_1_MVAU_hls_1/inst/grp_Matrix_Vector_Activate_Stream_Batch_fu_60/flow_control_loop_pipe_sequential_init_U/nf_1_fu_1630_reg[7][0].  Did not re-place instance top_i/StreamingDataflowPartition_1/inst/StreamingDataflowPartition_1_MVAU_hls_1/StreamingDataflowPartition_1_MVAU_hls_1/inst/grp_Matrix_Vector_Activate_Stream_Batch_fu_60/flow_control_loop_pipe_sequential_init_U/nf_2_reg_7055[0]_i_1
INFO: [Physopt 32-662] Processed net top_i/StreamingDataflowPartition_1/inst/StreamingDataflowPartition_1_MVAU_hls_0/StreamingDataflowPartition_1_MVAU_hls_0/inst/grp_Matrix_Vector_Activate_Stream_Batch_fu_60/flow_control_loop_pipe_sequential_init_U/inputBuf_232_fu_2592[7]_i_2_n_3.  Did not re-place instance top_i/StreamingDataflowPartition_1/inst/StreamingDataflowPartition_1_MVAU_hls_0/StreamingDataflowPartition_1_MVAU_hls_0/inst/grp_Matrix_Vector_Activate_Stream_Batch_fu_60/flow_control_loop_pipe_sequential_init_U/inputBuf_232_fu_2592[7]_i_2
INFO: [Physopt 32-662] Processed net top_i/StreamingDataflowPartition_1/inst/StreamingDataflowPartition_1_MVAU_hls_0/StreamingDataflowPartition_1_MVAU_hls_0/inst/grp_Matrix_Vector_Activate_Stream_Batch_fu_60/flow_control_loop_pipe_sequential_init_U/inputBuf_783_fu_4796[7]_i_104_n_3.  Did not re-place instance top_i/StreamingDataflowPartition_1/inst/StreamingDataflowPartition_1_MVAU_hls_0/StreamingDataflowPartition_1_MVAU_hls_0/inst/grp_Matrix_Vector_Activate_Stream_Batch_fu_60/flow_control_loop_pipe_sequential_init_U/inputBuf_783_fu_4796[7]_i_104
INFO: [Physopt 32-662] Processed net top_i/StreamingDataflowPartition_1/inst/StreamingDataflowPartition_1_MVAU_hls_0/StreamingDataflowPartition_1_MVAU_hls_0/inst/grp_Matrix_Vector_Activate_Stream_Batch_fu_60/sparsemux_1569_10_8_1_1_U1/D[2].  Did not re-place instance top_i/StreamingDataflowPartition_1/inst/StreamingDataflowPartition_1_MVAU_hls_0/StreamingDataflowPartition_1_MVAU_hls_0/inst/grp_Matrix_Vector_Activate_Stream_Batch_fu_60/sparsemux_1569_10_8_1_1_U1/tmp_reg_19741[2]_i_1
INFO: [Physopt 32-662] Processed net top_i/StreamingDataflowPartition_1/inst/StreamingDataflowPartition_1_MVAU_hls_0/StreamingDataflowPartition_1_MVAU_hls_0/inst/grp_Matrix_Vector_Activate_Stream_Batch_fu_60/sparsemux_1569_10_8_1_1_U1/tmp_reg_19741[2]_i_26_n_3.  Did not re-place instance top_i/StreamingDataflowPartition_1/inst/StreamingDataflowPartition_1_MVAU_hls_0/StreamingDataflowPartition_1_MVAU_hls_0/inst/grp_Matrix_Vector_Activate_Stream_Batch_fu_60/sparsemux_1569_10_8_1_1_U1/tmp_reg_19741[2]_i_26
INFO: [Physopt 32-662] Processed net top_i/StreamingDataflowPartition_1/inst/StreamingDataflowPartition_1_MVAU_hls_0/StreamingDataflowPartition_1_MVAU_hls_0/inst/grp_Matrix_Vector_Activate_Stream_Batch_fu_60/sparsemux_1569_10_8_1_1_U1/tmp_reg_19741[2]_i_360_n_3.  Did not re-place instance top_i/StreamingDataflowPartition_1/inst/StreamingDataflowPartition_1_MVAU_hls_0/StreamingDataflowPartition_1_MVAU_hls_0/inst/grp_Matrix_Vector_Activate_Stream_Batch_fu_60/sparsemux_1569_10_8_1_1_U1/tmp_reg_19741[2]_i_360
INFO: [Physopt 32-662] Processed net top_i/StreamingDataflowPartition_1/inst/StreamingDataflowPartition_1_MVAU_hls_1/StreamingDataflowPartition_1_MVAU_hls_1/inst/grp_Matrix_Vector_Activate_Stream_Batch_fu_60/flow_control_loop_pipe_sequential_init_U/nf_1_fu_1630[31]_i_2_n_3.  Did not re-place instance top_i/StreamingDataflowPartition_1/inst/StreamingDataflowPartition_1_MVAU_hls_1/StreamingDataflowPartition_1_MVAU_hls_1/inst/grp_Matrix_Vector_Activate_Stream_Batch_fu_60/flow_control_loop_pipe_sequential_init_U/nf_1_fu_1630[31]_i_2
INFO: [Physopt 32-662] Processed net top_i/StreamingDataflowPartition_1/inst/StreamingDataflowPartition_1_MVAU_hls_1/StreamingDataflowPartition_1_MVAU_hls_1/inst/grp_Matrix_Vector_Activate_Stream_Batch_fu_60/flow_control_loop_pipe_sequential_init_U/nf_1_fu_1630[31]_i_3_n_3.  Did not re-place instance top_i/StreamingDataflowPartition_1/inst/StreamingDataflowPartition_1_MVAU_hls_1/StreamingDataflowPartition_1_MVAU_hls_1/inst/grp_Matrix_Vector_Activate_Stream_Batch_fu_60/flow_control_loop_pipe_sequential_init_U/nf_1_fu_1630[31]_i_3
INFO: [Physopt 32-662] Processed net top_i/StreamingDataflowPartition_1/inst/StreamingDataflowPartition_1_MVAU_hls_1/StreamingDataflowPartition_1_MVAU_hls_1/inst/grp_Matrix_Vector_Activate_Stream_Batch_fu_60/flow_control_loop_pipe_sequential_init_U/nf_1_fu_1630[31]_i_7_n_3.  Did not re-place instance top_i/StreamingDataflowPartition_1/inst/StreamingDataflowPartition_1_MVAU_hls_1/StreamingDataflowPartition_1_MVAU_hls_1/inst/grp_Matrix_Vector_Activate_Stream_Batch_fu_60/flow_control_loop_pipe_sequential_init_U/nf_1_fu_1630[31]_i_7
INFO: [Physopt 32-662] Processed net top_i/StreamingDataflowPartition_1/inst/StreamingDataflowPartition_1_MVAU_hls_0/StreamingDataflowPartition_1_MVAU_hls_0/inst/grp_Matrix_Vector_Activate_Stream_Batch_fu_60/tmp_reg_19741[2].  Did not re-place instance top_i/StreamingDataflowPartition_1/inst/StreamingDataflowPartition_1_MVAU_hls_0/StreamingDataflowPartition_1_MVAU_hls_0/inst/grp_Matrix_Vector_Activate_Stream_Batch_fu_60/tmp_reg_19741_reg[2]
INFO: [Physopt 32-662] Processed net top_i/StreamingDataflowPartition_1/inst/StreamingDataflowPartition_1_MVAU_hls_0/StreamingDataflowPartition_1_MVAU_hls_0/inst/grp_Matrix_Vector_Activate_Stream_Batch_fu_60/inputBuf_783_fu_4796[0].  Did not re-place instance top_i/StreamingDataflowPartition_1/inst/StreamingDataflowPartition_1_MVAU_hls_0/StreamingDataflowPartition_1_MVAU_hls_0/inst/grp_Matrix_Vector_Activate_Stream_Batch_fu_60/inputBuf_783_fu_4796_reg[0]
INFO: [Physopt 32-662] Processed net top_i/StreamingDataflowPartition_1/inst/StreamingDataflowPartition_1_MVAU_hls_0/StreamingDataflowPartition_1_MVAU_hls_0/inst/grp_Matrix_Vector_Activate_Stream_Batch_fu_60/inputBuf_783_fu_4796[1].  Did not re-place instance top_i/StreamingDataflowPartition_1/inst/StreamingDataflowPartition_1_MVAU_hls_0/StreamingDataflowPartition_1_MVAU_hls_0/inst/grp_Matrix_Vector_Activate_Stream_Batch_fu_60/inputBuf_783_fu_4796_reg[1]
INFO: [Physopt 32-662] Processed net top_i/StreamingDataflowPartition_1/inst/StreamingDataflowPartition_1_MVAU_hls_0/StreamingDataflowPartition_1_MVAU_hls_0/inst/grp_Matrix_Vector_Activate_Stream_Batch_fu_60/inputBuf_783_fu_4796[2].  Did not re-place instance top_i/StreamingDataflowPartition_1/inst/StreamingDataflowPartition_1_MVAU_hls_0/StreamingDataflowPartition_1_MVAU_hls_0/inst/grp_Matrix_Vector_Activate_Stream_Batch_fu_60/inputBuf_783_fu_4796_reg[2]
INFO: [Physopt 32-662] Processed net top_i/StreamingDataflowPartition_1/inst/StreamingDataflowPartition_1_MVAU_hls_0/StreamingDataflowPartition_1_MVAU_hls_0/inst/grp_Matrix_Vector_Activate_Stream_Batch_fu_60/inputBuf_783_fu_4796[6].  Did not re-place instance top_i/StreamingDataflowPartition_1/inst/StreamingDataflowPartition_1_MVAU_hls_0/StreamingDataflowPartition_1_MVAU_hls_0/inst/grp_Matrix_Vector_Activate_Stream_Batch_fu_60/inputBuf_783_fu_4796_reg[6]
INFO: [Physopt 32-662] Processed net top_i/StreamingDataflowPartition_1/inst/StreamingDataflowPartition_1_MVAU_hls_0/StreamingDataflowPartition_1_MVAU_hls_0/inst/grp_Matrix_Vector_Activate_Stream_Batch_fu_60/inputBuf_783_fu_4796[4].  Did not re-place instance top_i/StreamingDataflowPartition_1/inst/StreamingDataflowPartition_1_MVAU_hls_0/StreamingDataflowPartition_1_MVAU_hls_0/inst/grp_Matrix_Vector_Activate_Stream_Batch_fu_60/inputBuf_783_fu_4796_reg[4]
INFO: [Physopt 32-662] Processed net top_i/StreamingDataflowPartition_1/inst/StreamingDataflowPartition_1_MVAU_hls_0/StreamingDataflowPartition_1_MVAU_hls_0/inst/grp_Matrix_Vector_Activate_Stream_Batch_fu_60/sparsemux_1569_10_8_1_1_U1/tmp_reg_19741[0]_i_196_n_3.  Did not re-place instance top_i/StreamingDataflowPartition_1/inst/StreamingDataflowPartition_1_MVAU_hls_0/StreamingDataflowPartition_1_MVAU_hls_0/inst/grp_Matrix_Vector_Activate_Stream_Batch_fu_60/sparsemux_1569_10_8_1_1_U1/tmp_reg_19741[0]_i_196
INFO: [Physopt 32-662] Processed net top_i/StreamingDataflowPartition_1/inst/StreamingDataflowPartition_1_MVAU_hls_0/StreamingDataflowPartition_1_MVAU_hls_0/inst/grp_Matrix_Vector_Activate_Stream_Batch_fu_60/sparsemux_1569_10_8_1_1_U1/tmp_reg_19741[6]_i_356_n_3.  Did not re-place instance top_i/StreamingDataflowPartition_1/inst/StreamingDataflowPartition_1_MVAU_hls_0/StreamingDataflowPartition_1_MVAU_hls_0/inst/grp_Matrix_Vector_Activate_Stream_Batch_fu_60/sparsemux_1569_10_8_1_1_U1/tmp_reg_19741[6]_i_356
INFO: [Physopt 32-662] Processed net top_i/StreamingDataflowPartition_1/inst/StreamingDataflowPartition_1_MVAU_hls_0/StreamingDataflowPartition_1_MVAU_hls_0/inst/grp_Matrix_Vector_Activate_Stream_Batch_fu_60/flow_control_loop_pipe_sequential_init_U/sf_fu_1652[31]_i_6_n_3.  Did not re-place instance top_i/StreamingDataflowPartition_1/inst/StreamingDataflowPartition_1_MVAU_hls_0/StreamingDataflowPartition_1_MVAU_hls_0/inst/grp_Matrix_Vector_Activate_Stream_Batch_fu_60/flow_control_loop_pipe_sequential_init_U/sf_fu_1652[31]_i_6
INFO: [Physopt 32-662] Processed net top_i/StreamingDataflowPartition_1/inst/StreamingDataflowPartition_1_MVAU_hls_0/StreamingDataflowPartition_1_MVAU_hls_0/inst/grp_Matrix_Vector_Activate_Stream_Batch_fu_60/flow_control_loop_pipe_sequential_init_U/sf_fu_1652[31]_i_13_n_3.  Did not re-place instance top_i/StreamingDataflowPartition_1/inst/StreamingDataflowPartition_1_MVAU_hls_0/StreamingDataflowPartition_1_MVAU_hls_0/inst/grp_Matrix_Vector_Activate_Stream_Batch_fu_60/flow_control_loop_pipe_sequential_init_U/sf_fu_1652[31]_i_13
INFO: [Physopt 32-662] Processed net top_i/StreamingDataflowPartition_1/inst/StreamingDataflowPartition_1_MVAU_hls_0/StreamingDataflowPartition_1_MVAU_hls_0/inst/grp_Matrix_Vector_Activate_Stream_Batch_fu_60/sparsemux_1569_10_8_1_1_U1/tmp_reg_19741[2]_i_359_n_3.  Did not re-place instance top_i/StreamingDataflowPartition_1/inst/StreamingDataflowPartition_1_MVAU_hls_0/StreamingDataflowPartition_1_MVAU_hls_0/inst/grp_Matrix_Vector_Activate_Stream_Batch_fu_60/sparsemux_1569_10_8_1_1_U1/tmp_reg_19741[2]_i_359
INFO: [Physopt 32-662] Processed net top_i/StreamingDataflowPartition_1/inst/StreamingDataflowPartition_1_MVAU_hls_0/StreamingDataflowPartition_1_MVAU_hls_0/inst/grp_Matrix_Vector_Activate_Stream_Batch_fu_60/sparsemux_1569_10_8_1_1_U1/tmp_reg_19741[0]_i_195_n_3.  Did not re-place instance top_i/StreamingDataflowPartition_1/inst/StreamingDataflowPartition_1_MVAU_hls_0/StreamingDataflowPartition_1_MVAU_hls_0/inst/grp_Matrix_Vector_Activate_Stream_Batch_fu_60/sparsemux_1569_10_8_1_1_U1/tmp_reg_19741[0]_i_195
INFO: [Physopt 32-663] Processed net top_i/StreamingDataflowPartition_1/inst/StreamingDataflowPartition_1_MVAU_hls_0/StreamingDataflowPartition_1_MVAU_hls_0/inst/grp_Matrix_Vector_Activate_Stream_Batch_fu_60/flow_control_loop_pipe_sequential_init_U/sf_fu_1652_reg[2]_9.  Re-placed instance top_i/StreamingDataflowPartition_1/inst/StreamingDataflowPartition_1_MVAU_hls_0/StreamingDataflowPartition_1_MVAU_hls_0/inst/grp_Matrix_Vector_Activate_Stream_Batch_fu_60/flow_control_loop_pipe_sequential_init_U/inputBuf_256_fu_2688[7]_i_5
INFO: [Physopt 32-662] Processed net top_i/StreamingDataflowPartition_1/inst/StreamingDataflowPartition_1_MVAU_hls_0/StreamingDataflowPartition_1_MVAU_hls_0/inst/grp_Matrix_Vector_Activate_Stream_Batch_fu_60/sparsemux_1569_10_8_1_1_U1/D[7].  Did not re-place instance top_i/StreamingDataflowPartition_1/inst/StreamingDataflowPartition_1_MVAU_hls_0/StreamingDataflowPartition_1_MVAU_hls_0/inst/grp_Matrix_Vector_Activate_Stream_Batch_fu_60/sparsemux_1569_10_8_1_1_U1/tmp_reg_19741[7]_i_1
INFO: [Physopt 32-662] Processed net top_i/StreamingDataflowPartition_1/inst/StreamingDataflowPartition_1_MVAU_hls_0/StreamingDataflowPartition_1_MVAU_hls_0/inst/grp_Matrix_Vector_Activate_Stream_Batch_fu_60/sparsemux_1569_10_8_1_1_U1/tmp_reg_19741[6]_i_355_n_3.  Did not re-place instance top_i/StreamingDataflowPartition_1/inst/StreamingDataflowPartition_1_MVAU_hls_0/StreamingDataflowPartition_1_MVAU_hls_0/inst/grp_Matrix_Vector_Activate_Stream_Batch_fu_60/sparsemux_1569_10_8_1_1_U1/tmp_reg_19741[6]_i_355
INFO: [Physopt 32-662] Processed net top_i/StreamingDataflowPartition_1/inst/StreamingDataflowPartition_1_MVAU_hls_0/StreamingDataflowPartition_1_MVAU_hls_0/inst/grp_Matrix_Vector_Activate_Stream_Batch_fu_60/sparsemux_1569_10_8_1_1_U1/tmp_reg_19741[7]_i_27_n_3.  Did not re-place instance top_i/StreamingDataflowPartition_1/inst/StreamingDataflowPartition_1_MVAU_hls_0/StreamingDataflowPartition_1_MVAU_hls_0/inst/grp_Matrix_Vector_Activate_Stream_Batch_fu_60/sparsemux_1569_10_8_1_1_U1/tmp_reg_19741[7]_i_27
INFO: [Physopt 32-662] Processed net top_i/StreamingDataflowPartition_1/inst/StreamingDataflowPartition_1_MVAU_hls_0/StreamingDataflowPartition_1_MVAU_hls_0/inst/grp_Matrix_Vector_Activate_Stream_Batch_fu_60/tmp_reg_19741[7].  Did not re-place instance top_i/StreamingDataflowPartition_1/inst/StreamingDataflowPartition_1_MVAU_hls_0/StreamingDataflowPartition_1_MVAU_hls_0/inst/grp_Matrix_Vector_Activate_Stream_Batch_fu_60/tmp_reg_19741_reg[7]
INFO: [Physopt 32-663] Processed net top_i/StreamingDataflowPartition_1/inst/StreamingDataflowPartition_1_MVAU_hls_0/StreamingDataflowPartition_1_MVAU_hls_0/inst/grp_Matrix_Vector_Activate_Stream_Batch_fu_60/flow_control_loop_pipe_sequential_init_U/ap_loop_init_int_reg_rep__1_n_3.  Re-placed instance top_i/StreamingDataflowPartition_1/inst/StreamingDataflowPartition_1_MVAU_hls_0/StreamingDataflowPartition_1_MVAU_hls_0/inst/grp_Matrix_Vector_Activate_Stream_Batch_fu_60/flow_control_loop_pipe_sequential_init_U/ap_loop_init_int_reg_rep__1
INFO: [Physopt 32-662] Processed net top_i/StreamingDataflowPartition_1/inst/StreamingDataflowPartition_1_MVAU_hls_1/StreamingDataflowPartition_1_MVAU_hls_1/inst/grp_Matrix_Vector_Activate_Stream_Batch_fu_60/nf_1_fu_1630_reg_n_3_[17].  Did not re-place instance top_i/StreamingDataflowPartition_1/inst/StreamingDataflowPartition_1_MVAU_hls_1/StreamingDataflowPartition_1_MVAU_hls_1/inst/grp_Matrix_Vector_Activate_Stream_Batch_fu_60/nf_1_fu_1630_reg[17]
INFO: [Physopt 32-662] Processed net top_i/StreamingDataflowPartition_1/inst/StreamingDataflowPartition_1_MVAU_hls_1/StreamingDataflowPartition_1_MVAU_hls_1/inst/grp_Matrix_Vector_Activate_Stream_Batch_fu_60/nf_1_fu_1630_reg_n_3_[18].  Did not re-place instance top_i/StreamingDataflowPartition_1/inst/StreamingDataflowPartition_1_MVAU_hls_1/StreamingDataflowPartition_1_MVAU_hls_1/inst/grp_Matrix_Vector_Activate_Stream_Batch_fu_60/nf_1_fu_1630_reg[18]
INFO: [Physopt 32-662] Processed net top_i/StreamingDataflowPartition_1/inst/StreamingDataflowPartition_1_MVAU_hls_1/StreamingDataflowPartition_1_MVAU_hls_1/inst/grp_Matrix_Vector_Activate_Stream_Batch_fu_60/nf_1_fu_1630_reg_n_3_[19].  Did not re-place instance top_i/StreamingDataflowPartition_1/inst/StreamingDataflowPartition_1_MVAU_hls_1/StreamingDataflowPartition_1_MVAU_hls_1/inst/grp_Matrix_Vector_Activate_Stream_Batch_fu_60/nf_1_fu_1630_reg[19]
INFO: [Physopt 32-662] Processed net top_i/StreamingDataflowPartition_1/inst/StreamingDataflowPartition_1_MVAU_hls_1/StreamingDataflowPartition_1_MVAU_hls_1/inst/grp_Matrix_Vector_Activate_Stream_Batch_fu_60/nf_1_fu_1630_reg_n_3_[20].  Did not re-place instance top_i/StreamingDataflowPartition_1/inst/StreamingDataflowPartition_1_MVAU_hls_1/StreamingDataflowPartition_1_MVAU_hls_1/inst/grp_Matrix_Vector_Activate_Stream_Batch_fu_60/nf_1_fu_1630_reg[20]
INFO: [Physopt 32-662] Processed net top_i/StreamingDataflowPartition_1/inst/StreamingDataflowPartition_1_MVAU_hls_0/StreamingDataflowPartition_1_MVAU_hls_0/inst/grp_Matrix_Vector_Activate_Stream_Batch_fu_60/flow_control_loop_pipe_sequential_init_U/nf_1_fu_4800_reg[7][0].  Did not re-place instance top_i/StreamingDataflowPartition_1/inst/StreamingDataflowPartition_1_MVAU_hls_0/StreamingDataflowPartition_1_MVAU_hls_0/inst/grp_Matrix_Vector_Activate_Stream_Batch_fu_60/flow_control_loop_pipe_sequential_init_U/nf_2_reg_19725[0]_i_1
INFO: [Physopt 32-662] Processed net top_i/StreamingDataflowPartition_1/inst/StreamingDataflowPartition_1_MVAU_hls_0/StreamingDataflowPartition_1_MVAU_hls_0/inst/grp_Matrix_Vector_Activate_Stream_Batch_fu_60/flow_control_loop_pipe_sequential_init_U/nf_1_fu_4800[31]_i_11_n_3.  Did not re-place instance top_i/StreamingDataflowPartition_1/inst/StreamingDataflowPartition_1_MVAU_hls_0/StreamingDataflowPartition_1_MVAU_hls_0/inst/grp_Matrix_Vector_Activate_Stream_Batch_fu_60/flow_control_loop_pipe_sequential_init_U/nf_1_fu_4800[31]_i_11
INFO: [Physopt 32-662] Processed net top_i/StreamingDataflowPartition_1/inst/StreamingDataflowPartition_1_MVAU_hls_0/StreamingDataflowPartition_1_MVAU_hls_0/inst/grp_Matrix_Vector_Activate_Stream_Batch_fu_60/flow_control_loop_pipe_sequential_init_U/nf_1_fu_4800[31]_i_3_n_3.  Did not re-place instance top_i/StreamingDataflowPartition_1/inst/StreamingDataflowPartition_1_MVAU_hls_0/StreamingDataflowPartition_1_MVAU_hls_0/inst/grp_Matrix_Vector_Activate_Stream_Batch_fu_60/flow_control_loop_pipe_sequential_init_U/nf_1_fu_4800[31]_i_3
INFO: [Physopt 32-662] Processed net top_i/StreamingDataflowPartition_1/inst/StreamingDataflowPartition_1_MVAU_hls_0/StreamingDataflowPartition_1_MVAU_hls_0/inst/grp_Matrix_Vector_Activate_Stream_Batch_fu_60/flow_control_loop_pipe_sequential_init_U/nf_1_fu_4800[31]_i_7_n_3.  Did not re-place instance top_i/StreamingDataflowPartition_1/inst/StreamingDataflowPartition_1_MVAU_hls_0/StreamingDataflowPartition_1_MVAU_hls_0/inst/grp_Matrix_Vector_Activate_Stream_Batch_fu_60/flow_control_loop_pipe_sequential_init_U/nf_1_fu_4800[31]_i_7
INFO: [Physopt 32-662] Processed net top_i/StreamingDataflowPartition_1/inst/StreamingDataflowPartition_1_MVAU_hls_0/StreamingDataflowPartition_1_MVAU_hls_0/inst/grp_Matrix_Vector_Activate_Stream_Batch_fu_60/sparsemux_1569_10_8_1_1_U1/tmp_reg_19741[6]_i_21_n_3.  Did not re-place instance top_i/StreamingDataflowPartition_1/inst/StreamingDataflowPartition_1_MVAU_hls_0/StreamingDataflowPartition_1_MVAU_hls_0/inst/grp_Matrix_Vector_Activate_Stream_Batch_fu_60/sparsemux_1569_10_8_1_1_U1/tmp_reg_19741[6]_i_21
INFO: [Physopt 32-663] Processed net top_i/StreamingDataflowPartition_1/inst/StreamingDataflowPartition_1_MVAU_hls_0/StreamingDataflowPartition_1_MVAU_hls_0/inst/grp_Matrix_Vector_Activate_Stream_Batch_fu_60/flow_control_loop_pipe_sequential_init_U/sf_fu_1652_reg[0]_rep__1_80.  Re-placed instance top_i/StreamingDataflowPartition_1/inst/StreamingDataflowPartition_1_MVAU_hls_0/StreamingDataflowPartition_1_MVAU_hls_0/inst/grp_Matrix_Vector_Activate_Stream_Batch_fu_60/flow_control_loop_pipe_sequential_init_U/icmp_ln272_reg_19756[0]_i_9
INFO: [Physopt 32-662] Processed net top_i/StreamingDataflowPartition_1/inst/StreamingDataflowPartition_1_MVAU_hls_0/StreamingDataflowPartition_1_MVAU_hls_0/inst/grp_Matrix_Vector_Activate_Stream_Batch_fu_60/sparsemux_1569_10_8_1_1_U1/tmp_reg_19741[2]_i_23_n_3.  Did not re-place instance top_i/StreamingDataflowPartition_1/inst/StreamingDataflowPartition_1_MVAU_hls_0/StreamingDataflowPartition_1_MVAU_hls_0/inst/grp_Matrix_Vector_Activate_Stream_Batch_fu_60/sparsemux_1569_10_8_1_1_U1/tmp_reg_19741[2]_i_23
INFO: [Physopt 32-662] Processed net top_i/StreamingDataflowPartition_1/inst/StreamingDataflowPartition_1_MVAU_hls_0/StreamingDataflowPartition_1_MVAU_hls_0/inst/grp_Matrix_Vector_Activate_Stream_Batch_fu_60/sparsemux_1569_10_8_1_1_U1/tmp_reg_19741[2]_i_316_n_3.  Did not re-place instance top_i/StreamingDataflowPartition_1/inst/StreamingDataflowPartition_1_MVAU_hls_0/StreamingDataflowPartition_1_MVAU_hls_0/inst/grp_Matrix_Vector_Activate_Stream_Batch_fu_60/sparsemux_1569_10_8_1_1_U1/tmp_reg_19741[2]_i_316
INFO: [Physopt 32-662] Processed net top_i/StreamingDataflowPartition_1/inst/StreamingDataflowPartition_1_MVAU_hls_0/StreamingDataflowPartition_1_MVAU_hls_0/inst/grp_Matrix_Vector_Activate_Stream_Batch_fu_60/sparsemux_1569_10_8_1_1_U1/tmp_reg_19741[2]_i_315_n_3.  Did not re-place instance top_i/StreamingDataflowPartition_1/inst/StreamingDataflowPartition_1_MVAU_hls_0/StreamingDataflowPartition_1_MVAU_hls_0/inst/grp_Matrix_Vector_Activate_Stream_Batch_fu_60/sparsemux_1569_10_8_1_1_U1/tmp_reg_19741[2]_i_315
INFO: [Physopt 32-662] Processed net top_i/StreamingDataflowPartition_1/inst/StreamingDataflowPartition_1_MVAU_hls_0/StreamingDataflowPartition_1_MVAU_hls_0/inst/grp_Matrix_Vector_Activate_Stream_Batch_fu_60/sf_fu_1652_reg_n_3_[6].  Did not re-place instance top_i/StreamingDataflowPartition_1/inst/StreamingDataflowPartition_1_MVAU_hls_0/StreamingDataflowPartition_1_MVAU_hls_0/inst/grp_Matrix_Vector_Activate_Stream_Batch_fu_60/sf_fu_1652_reg[6]
INFO: [Physopt 32-662] Processed net top_i/StreamingDataflowPartition_1/inst/StreamingDataflowPartition_1_MVAU_hls_0/StreamingDataflowPartition_1_MVAU_hls_0/inst/grp_Matrix_Vector_Activate_Stream_Batch_fu_60/flow_control_loop_pipe_sequential_init_U/inputBuf_fu_1664[7]_i_7_n_3.  Did not re-place instance top_i/StreamingDataflowPartition_1/inst/StreamingDataflowPartition_1_MVAU_hls_0/StreamingDataflowPartition_1_MVAU_hls_0/inst/grp_Matrix_Vector_Activate_Stream_Batch_fu_60/flow_control_loop_pipe_sequential_init_U/inputBuf_fu_1664[7]_i_7
INFO: [Physopt 32-662] Processed net top_i/StreamingDataflowPartition_1/inst/StreamingDataflowPartition_1_MVAU_hls_0/StreamingDataflowPartition_1_MVAU_hls_0/inst/grp_Matrix_Vector_Activate_Stream_Batch_fu_60/flow_control_loop_pipe_sequential_init_U/inputBuf_783_fu_4796[7]_i_136_n_3.  Did not re-place instance top_i/StreamingDataflowPartition_1/inst/StreamingDataflowPartition_1_MVAU_hls_0/StreamingDataflowPartition_1_MVAU_hls_0/inst/grp_Matrix_Vector_Activate_Stream_Batch_fu_60/flow_control_loop_pipe_sequential_init_U/inputBuf_783_fu_4796[7]_i_136
INFO: [Physopt 32-662] Processed net top_i/StreamingDataflowPartition_1/inst/StreamingDataflowPartition_1_MVAU_hls_0/StreamingDataflowPartition_1_MVAU_hls_0/inst/grp_Matrix_Vector_Activate_Stream_Batch_fu_60/flow_control_loop_pipe_sequential_init_U/inputBuf_783_fu_4796[7]_i_203_n_3.  Did not re-place instance top_i/StreamingDataflowPartition_1/inst/StreamingDataflowPartition_1_MVAU_hls_0/StreamingDataflowPartition_1_MVAU_hls_0/inst/grp_Matrix_Vector_Activate_Stream_Batch_fu_60/flow_control_loop_pipe_sequential_init_U/inputBuf_783_fu_4796[7]_i_203
INFO: [Physopt 32-662] Processed net top_i/StreamingDataflowPartition_1/inst/StreamingDataflowPartition_1_MVAU_hls_0/StreamingDataflowPartition_1_MVAU_hls_0/inst/grp_Matrix_Vector_Activate_Stream_Batch_fu_60/flow_control_loop_pipe_sequential_init_U/inputBuf_783_fu_4796[7]_i_39_n_3.  Did not re-place instance top_i/StreamingDataflowPartition_1/inst/StreamingDataflowPartition_1_MVAU_hls_0/StreamingDataflowPartition_1_MVAU_hls_0/inst/grp_Matrix_Vector_Activate_Stream_Batch_fu_60/flow_control_loop_pipe_sequential_init_U/inputBuf_783_fu_4796[7]_i_39
INFO: [Physopt 32-662] Processed net top_i/StreamingDataflowPartition_1/inst/StreamingDataflowPartition_1_MVAU_hls_0/StreamingDataflowPartition_1_MVAU_hls_0/inst/grp_Matrix_Vector_Activate_Stream_Batch_fu_60/flow_control_loop_pipe_sequential_init_U/inputBuf_783_fu_4796[7]_i_7_n_3.  Did not re-place instance top_i/StreamingDataflowPartition_1/inst/StreamingDataflowPartition_1_MVAU_hls_0/StreamingDataflowPartition_1_MVAU_hls_0/inst/grp_Matrix_Vector_Activate_Stream_Batch_fu_60/flow_control_loop_pipe_sequential_init_U/inputBuf_783_fu_4796[7]_i_7
INFO: [Physopt 32-662] Processed net top_i/StreamingDataflowPartition_1/inst/StreamingDataflowPartition_1_MVAU_hls_0/StreamingDataflowPartition_1_MVAU_hls_0/inst/grp_Matrix_Vector_Activate_Stream_Batch_fu_60/flow_control_loop_pipe_sequential_init_U/sf_fu_1652_reg[1].  Did not re-place instance top_i/StreamingDataflowPartition_1/inst/StreamingDataflowPartition_1_MVAU_hls_0/StreamingDataflowPartition_1_MVAU_hls_0/inst/grp_Matrix_Vector_Activate_Stream_Batch_fu_60/flow_control_loop_pipe_sequential_init_U/inputBuf_720_fu_4544[7]_i_2
INFO: [Physopt 32-662] Processed net top_i/StreamingDataflowPartition_1/inst/StreamingDataflowPartition_1_MVAU_hls_0/StreamingDataflowPartition_1_MVAU_hls_0/inst/grp_Matrix_Vector_Activate_Stream_Batch_fu_60/sparsemux_1569_10_8_1_1_U1/D[4].  Did not re-place instance top_i/StreamingDataflowPartition_1/inst/StreamingDataflowPartition_1_MVAU_hls_0/StreamingDataflowPartition_1_MVAU_hls_0/inst/grp_Matrix_Vector_Activate_Stream_Batch_fu_60/sparsemux_1569_10_8_1_1_U1/tmp_reg_19741[4]_i_1
INFO: [Physopt 32-662] Processed net top_i/StreamingDataflowPartition_1/inst/StreamingDataflowPartition_1_MVAU_hls_0/StreamingDataflowPartition_1_MVAU_hls_0/inst/grp_Matrix_Vector_Activate_Stream_Batch_fu_60/sparsemux_1569_10_8_1_1_U1/tmp_reg_19741[4]_i_19_n_3.  Did not re-place instance top_i/StreamingDataflowPartition_1/inst/StreamingDataflowPartition_1_MVAU_hls_0/StreamingDataflowPartition_1_MVAU_hls_0/inst/grp_Matrix_Vector_Activate_Stream_Batch_fu_60/sparsemux_1569_10_8_1_1_U1/tmp_reg_19741[4]_i_19
INFO: [Physopt 32-662] Processed net top_i/StreamingDataflowPartition_1/inst/StreamingDataflowPartition_1_MVAU_hls_0/StreamingDataflowPartition_1_MVAU_hls_0/inst/grp_Matrix_Vector_Activate_Stream_Batch_fu_60/sparsemux_1569_10_8_1_1_U1/tmp_reg_19741[4]_i_231_n_3.  Did not re-place instance top_i/StreamingDataflowPartition_1/inst/StreamingDataflowPartition_1_MVAU_hls_0/StreamingDataflowPartition_1_MVAU_hls_0/inst/grp_Matrix_Vector_Activate_Stream_Batch_fu_60/sparsemux_1569_10_8_1_1_U1/tmp_reg_19741[4]_i_231
INFO: [Physopt 32-662] Processed net top_i/StreamingDataflowPartition_1/inst/StreamingDataflowPartition_1_MVAU_hls_0/StreamingDataflowPartition_1_MVAU_hls_0/inst/grp_Matrix_Vector_Activate_Stream_Batch_fu_60/tmp_reg_19741[4].  Did not re-place instance top_i/StreamingDataflowPartition_1/inst/StreamingDataflowPartition_1_MVAU_hls_0/StreamingDataflowPartition_1_MVAU_hls_0/inst/grp_Matrix_Vector_Activate_Stream_Batch_fu_60/tmp_reg_19741_reg[4]
INFO: [Physopt 32-662] Processed net top_i/StreamingDataflowPartition_1/inst/StreamingDataflowPartition_1_MVAU_hls_0/StreamingDataflowPartition_1_MVAU_hls_0/inst/grp_Matrix_Vector_Activate_Stream_Batch_fu_60/sparsemux_1569_10_8_1_1_U1/tmp_reg_19741[4]_i_230_n_3.  Did not re-place instance top_i/StreamingDataflowPartition_1/inst/StreamingDataflowPartition_1_MVAU_hls_0/StreamingDataflowPartition_1_MVAU_hls_0/inst/grp_Matrix_Vector_Activate_Stream_Batch_fu_60/sparsemux_1569_10_8_1_1_U1/tmp_reg_19741[4]_i_230
INFO: [Physopt 32-662] Processed net top_i/StreamingDataflowPartition_1/inst/StreamingDataflowPartition_1_MVAU_hls_0/StreamingDataflowPartition_1_MVAU_hls_0/inst/grp_Matrix_Vector_Activate_Stream_Batch_fu_60/sparsemux_1569_10_8_1_1_U1/tmp_reg_19741[6]_i_364_n_3.  Did not re-place instance top_i/StreamingDataflowPartition_1/inst/StreamingDataflowPartition_1_MVAU_hls_0/StreamingDataflowPartition_1_MVAU_hls_0/inst/grp_Matrix_Vector_Activate_Stream_Batch_fu_60/sparsemux_1569_10_8_1_1_U1/tmp_reg_19741[6]_i_364
INFO: [Physopt 32-663] Processed net top_i/StreamingDataflowPartition_1/inst/StreamingDataflowPartition_1_MVAU_hls_1/StreamingDataflowPartition_1_MVAU_hls_1/inst/grp_Matrix_Vector_Activate_Stream_Batch_fu_60/nf_1_fu_1630[31]_i_4_n_3.  Re-placed instance top_i/StreamingDataflowPartition_1/inst/StreamingDataflowPartition_1_MVAU_hls_1/StreamingDataflowPartition_1_MVAU_hls_1/inst/grp_Matrix_Vector_Activate_Stream_Batch_fu_60/nf_1_fu_1630[31]_i_4_rewire
INFO: [Physopt 32-663] Processed net top_i/StreamingDataflowPartition_1/inst/StreamingDataflowPartition_1_MVAU_hls_1/StreamingDataflowPartition_1_MVAU_hls_1/inst/grp_Matrix_Vector_Activate_Stream_Batch_fu_60/nf_1_fu_1630[31]_i_8_n_3.  Re-placed instance top_i/StreamingDataflowPartition_1/inst/StreamingDataflowPartition_1_MVAU_hls_1/StreamingDataflowPartition_1_MVAU_hls_1/inst/grp_Matrix_Vector_Activate_Stream_Batch_fu_60/nf_1_fu_1630[31]_i_8_rewire
INFO: [Physopt 32-662] Processed net top_i/StreamingDataflowPartition_1/inst/StreamingDataflowPartition_1_MVAU_hls_0/StreamingDataflowPartition_1_MVAU_hls_0/inst/grp_Matrix_Vector_Activate_Stream_Batch_fu_60/flow_control_loop_pipe_sequential_init_U/nf_1_fu_4800[31]_i_12_n_3.  Did not re-place instance top_i/StreamingDataflowPartition_1/inst/StreamingDataflowPartition_1_MVAU_hls_0/StreamingDataflowPartition_1_MVAU_hls_0/inst/grp_Matrix_Vector_Activate_Stream_Batch_fu_60/flow_control_loop_pipe_sequential_init_U/nf_1_fu_4800[31]_i_12
INFO: [Physopt 32-663] Processed net top_i/StreamingDataflowPartition_1/inst/StreamingDataflowPartition_1_MVAU_hls_0/StreamingDataflowPartition_1_MVAU_hls_0/inst/grp_Matrix_Vector_Activate_Stream_Batch_fu_60/flow_control_loop_pipe_sequential_init_U/nf_1_fu_4800[31]_i_8_n_3.  Re-placed instance top_i/StreamingDataflowPartition_1/inst/StreamingDataflowPartition_1_MVAU_hls_0/StreamingDataflowPartition_1_MVAU_hls_0/inst/grp_Matrix_Vector_Activate_Stream_Batch_fu_60/flow_control_loop_pipe_sequential_init_U/nf_1_fu_4800[31]_i_8
INFO: [Physopt 32-662] Processed net top_i/StreamingDataflowPartition_1/inst/StreamingDataflowPartition_1_MVAU_hls_0/StreamingDataflowPartition_1_MVAU_hls_0/inst/grp_Matrix_Vector_Activate_Stream_Batch_fu_60/sparsemux_1569_10_8_1_1_U1/tmp_reg_19741[6]_i_363_n_3.  Did not re-place instance top_i/StreamingDataflowPartition_1/inst/StreamingDataflowPartition_1_MVAU_hls_0/StreamingDataflowPartition_1_MVAU_hls_0/inst/grp_Matrix_Vector_Activate_Stream_Batch_fu_60/sparsemux_1569_10_8_1_1_U1/tmp_reg_19741[6]_i_363
INFO: [Physopt 32-662] Processed net top_i/StreamingDataflowPartition_1/inst/StreamingDataflowPartition_1_MVAU_hls_0/StreamingDataflowPartition_1_MVAU_hls_0/inst/grp_Matrix_Vector_Activate_Stream_Batch_fu_60/flow_control_loop_pipe_sequential_init_U/inputBuf_fu_1664[7]_i_7_n_3_repN_1.  Did not re-place instance top_i/StreamingDataflowPartition_1/inst/StreamingDataflowPartition_1_MVAU_hls_0/StreamingDataflowPartition_1_MVAU_hls_0/inst/grp_Matrix_Vector_Activate_Stream_Batch_fu_60/flow_control_loop_pipe_sequential_init_U/inputBuf_fu_1664[7]_i_7_replica_1
INFO: [Physopt 32-663] Processed net top_i/StreamingDataflowPartition_1/inst/StreamingDataflowPartition_1_MVAU_hls_0/StreamingDataflowPartition_1_MVAU_hls_0/inst/grp_Matrix_Vector_Activate_Stream_Batch_fu_60/flow_control_loop_pipe_sequential_init_U/inputBuf_783_fu_4796[7]_i_169_n_3.  Re-placed instance top_i/StreamingDataflowPartition_1/inst/StreamingDataflowPartition_1_MVAU_hls_0/StreamingDataflowPartition_1_MVAU_hls_0/inst/grp_Matrix_Vector_Activate_Stream_Batch_fu_60/flow_control_loop_pipe_sequential_init_U/inputBuf_783_fu_4796[7]_i_169
INFO: [Physopt 32-662] Processed net top_i/StreamingDataflowPartition_1/inst/StreamingDataflowPartition_1_MVAU_hls_0/StreamingDataflowPartition_1_MVAU_hls_0/inst/grp_Matrix_Vector_Activate_Stream_Batch_fu_60/flow_control_loop_pipe_sequential_init_U/inputBuf_783_fu_4796[7]_i_21_n_3.  Did not re-place instance top_i/StreamingDataflowPartition_1/inst/StreamingDataflowPartition_1_MVAU_hls_0/StreamingDataflowPartition_1_MVAU_hls_0/inst/grp_Matrix_Vector_Activate_Stream_Batch_fu_60/flow_control_loop_pipe_sequential_init_U/inputBuf_783_fu_4796[7]_i_21
INFO: [Physopt 32-662] Processed net top_i/StreamingDataflowPartition_1/inst/StreamingDataflowPartition_1_MVAU_hls_0/StreamingDataflowPartition_1_MVAU_hls_0/inst/grp_Matrix_Vector_Activate_Stream_Batch_fu_60/flow_control_loop_pipe_sequential_init_U/inputBuf_783_fu_4796[7]_i_4_n_3.  Did not re-place instance top_i/StreamingDataflowPartition_1/inst/StreamingDataflowPartition_1_MVAU_hls_0/StreamingDataflowPartition_1_MVAU_hls_0/inst/grp_Matrix_Vector_Activate_Stream_Batch_fu_60/flow_control_loop_pipe_sequential_init_U/inputBuf_783_fu_4796[7]_i_4
INFO: [Physopt 32-662] Processed net top_i/StreamingDataflowPartition_1/inst/StreamingDataflowPartition_1_MVAU_hls_0/StreamingDataflowPartition_1_MVAU_hls_0/inst/grp_Matrix_Vector_Activate_Stream_Batch_fu_60/flow_control_loop_pipe_sequential_init_U/inputBuf_783_fu_4796[7]_i_84_n_3.  Did not re-place instance top_i/StreamingDataflowPartition_1/inst/StreamingDataflowPartition_1_MVAU_hls_0/StreamingDataflowPartition_1_MVAU_hls_0/inst/grp_Matrix_Vector_Activate_Stream_Batch_fu_60/flow_control_loop_pipe_sequential_init_U/inputBuf_783_fu_4796[7]_i_84
INFO: [Physopt 32-663] Processed net top_i/StreamingDataflowPartition_1/inst/StreamingDataflowPartition_1_MVAU_hls_2/StreamingDataflowPartition_1_MVAU_hls_2/inst/grp_Matrix_Vector_Activate_Stream_Batch_fu_60/flow_control_loop_pipe_sequential_init_U/ap_loop_init_int_reg_rep_n_3.  Re-placed instance top_i/StreamingDataflowPartition_1/inst/StreamingDataflowPartition_1_MVAU_hls_2/StreamingDataflowPartition_1_MVAU_hls_2/inst/grp_Matrix_Vector_Activate_Stream_Batch_fu_60/flow_control_loop_pipe_sequential_init_U/ap_loop_init_int_reg_rep
INFO: [Physopt 32-662] Processed net top_i/StreamingDataflowPartition_1/inst/StreamingDataflowPartition_1_MVAU_hls_2/StreamingDataflowPartition_1_MVAU_hls_2/inst/grp_Matrix_Vector_Activate_Stream_Batch_fu_60/flow_control_loop_pipe_sequential_init_U/grp_Matrix_Vector_Activate_Stream_Batch_fu_60_ap_start_reg_reg_rep[0].  Did not re-place instance top_i/StreamingDataflowPartition_1/inst/StreamingDataflowPartition_1_MVAU_hls_2/StreamingDataflowPartition_1_MVAU_hls_2/inst/grp_Matrix_Vector_Activate_Stream_Batch_fu_60/flow_control_loop_pipe_sequential_init_U/nf_1_fu_1632[31]_i_1
INFO: [Physopt 32-662] Processed net top_i/StreamingDataflowPartition_1/inst/StreamingDataflowPartition_1_MVAU_hls_0/StreamingDataflowPartition_1_MVAU_hls_0/inst/grp_Matrix_Vector_Activate_Stream_Batch_fu_60/flow_control_loop_pipe_sequential_init_U/inputBuf_276_fu_2768[7]_i_3_n_3.  Did not re-place instance top_i/StreamingDataflowPartition_1/inst/StreamingDataflowPartition_1_MVAU_hls_0/StreamingDataflowPartition_1_MVAU_hls_0/inst/grp_Matrix_Vector_Activate_Stream_Batch_fu_60/flow_control_loop_pipe_sequential_init_U/inputBuf_276_fu_2768[7]_i_3
INFO: [Physopt 32-663] Processed net top_i/StreamingDataflowPartition_1/inst/StreamingDataflowPartition_1_MVAU_hls_2/StreamingDataflowPartition_1_MVAU_hls_2/inst/grp_Matrix_Vector_Activate_Stream_Batch_fu_60/nf_1_fu_1632_reg_n_3_[10].  Re-placed instance top_i/StreamingDataflowPartition_1/inst/StreamingDataflowPartition_1_MVAU_hls_2/StreamingDataflowPartition_1_MVAU_hls_2/inst/grp_Matrix_Vector_Activate_Stream_Batch_fu_60/nf_1_fu_1632_reg[10]
INFO: [Physopt 32-663] Processed net top_i/StreamingDataflowPartition_1/inst/StreamingDataflowPartition_1_MVAU_hls_2/StreamingDataflowPartition_1_MVAU_hls_2/inst/grp_Matrix_Vector_Activate_Stream_Batch_fu_60/nf_1_fu_1632_reg_n_3_[11].  Re-placed instance top_i/StreamingDataflowPartition_1/inst/StreamingDataflowPartition_1_MVAU_hls_2/StreamingDataflowPartition_1_MVAU_hls_2/inst/grp_Matrix_Vector_Activate_Stream_Batch_fu_60/nf_1_fu_1632_reg[11]
INFO: [Physopt 32-663] Processed net top_i/StreamingDataflowPartition_1/inst/StreamingDataflowPartition_1_MVAU_hls_2/StreamingDataflowPartition_1_MVAU_hls_2/inst/grp_Matrix_Vector_Activate_Stream_Batch_fu_60/nf_1_fu_1632_reg_n_3_[12].  Re-placed instance top_i/StreamingDataflowPartition_1/inst/StreamingDataflowPartition_1_MVAU_hls_2/StreamingDataflowPartition_1_MVAU_hls_2/inst/grp_Matrix_Vector_Activate_Stream_Batch_fu_60/nf_1_fu_1632_reg[12]
INFO: [Physopt 32-662] Processed net top_i/StreamingDataflowPartition_1/inst/StreamingDataflowPartition_1_MVAU_hls_2/StreamingDataflowPartition_1_MVAU_hls_2/inst/grp_Matrix_Vector_Activate_Stream_Batch_fu_60/flow_control_loop_pipe_sequential_init_U/nf_1_fu_1632_reg[4][0].  Did not re-place instance top_i/StreamingDataflowPartition_1/inst/StreamingDataflowPartition_1_MVAU_hls_2/StreamingDataflowPartition_1_MVAU_hls_2/inst/grp_Matrix_Vector_Activate_Stream_Batch_fu_60/flow_control_loop_pipe_sequential_init_U/nf_2_reg_7073[0]_i_1
INFO: [Physopt 32-662] Processed net top_i/StreamingDataflowPartition_1/inst/StreamingDataflowPartition_1_MVAU_hls_2/StreamingDataflowPartition_1_MVAU_hls_2/inst/grp_Matrix_Vector_Activate_Stream_Batch_fu_60/flow_control_loop_pipe_sequential_init_U/nf_1_fu_1632[31]_i_2_n_3.  Did not re-place instance top_i/StreamingDataflowPartition_1/inst/StreamingDataflowPartition_1_MVAU_hls_2/StreamingDataflowPartition_1_MVAU_hls_2/inst/grp_Matrix_Vector_Activate_Stream_Batch_fu_60/flow_control_loop_pipe_sequential_init_U/nf_1_fu_1632[31]_i_2
INFO: [Physopt 32-662] Processed net top_i/StreamingDataflowPartition_1/inst/StreamingDataflowPartition_1_MVAU_hls_2/StreamingDataflowPartition_1_MVAU_hls_2/inst/grp_Matrix_Vector_Activate_Stream_Batch_fu_60/nf_1_fu_1632[31]_i_4_n_3.  Did not re-place instance top_i/StreamingDataflowPartition_1/inst/StreamingDataflowPartition_1_MVAU_hls_2/StreamingDataflowPartition_1_MVAU_hls_2/inst/grp_Matrix_Vector_Activate_Stream_Batch_fu_60/nf_1_fu_1632[31]_i_4_rewire
INFO: [Physopt 32-663] Processed net top_i/StreamingDataflowPartition_1/inst/StreamingDataflowPartition_1_MVAU_hls_2/StreamingDataflowPartition_1_MVAU_hls_2/inst/grp_Matrix_Vector_Activate_Stream_Batch_fu_60/nf_1_fu_1632[31]_i_8_n_3.  Re-placed instance top_i/StreamingDataflowPartition_1/inst/StreamingDataflowPartition_1_MVAU_hls_2/StreamingDataflowPartition_1_MVAU_hls_2/inst/grp_Matrix_Vector_Activate_Stream_Batch_fu_60/nf_1_fu_1632[31]_i_8_rewire
INFO: [Physopt 32-662] Processed net top_i/StreamingDataflowPartition_1/inst/StreamingDataflowPartition_1_MVAU_hls_0/StreamingDataflowPartition_1_MVAU_hls_0/inst/grp_Matrix_Vector_Activate_Stream_Batch_fu_60_ap_start_reg_repN_1.  Did not re-place instance top_i/StreamingDataflowPartition_1/inst/StreamingDataflowPartition_1_MVAU_hls_0/StreamingDataflowPartition_1_MVAU_hls_0/inst/grp_Matrix_Vector_Activate_Stream_Batch_fu_60_ap_start_reg_reg_replica_1
INFO: [Physopt 32-663] Processed net top_i/StreamingDataflowPartition_1/inst/StreamingDataflowPartition_1_MVAU_hls_0/StreamingDataflowPartition_1_MVAU_hls_0/inst/grp_Matrix_Vector_Activate_Stream_Batch_fu_60/flow_control_loop_pipe_sequential_init_U/sf_fu_1652_reg[0]_rep__1_10.  Re-placed instance top_i/StreamingDataflowPartition_1/inst/StreamingDataflowPartition_1_MVAU_hls_0/StreamingDataflowPartition_1_MVAU_hls_0/inst/grp_Matrix_Vector_Activate_Stream_Batch_fu_60/flow_control_loop_pipe_sequential_init_U/inputBuf_485_fu_3604[7]_i_2
INFO: [Physopt 32-662] Processed net top_i/StreamingDataflowPartition_1/inst/StreamingDataflowPartition_1_MVAU_hls_0/StreamingDataflowPartition_1_MVAU_hls_0/inst/grp_Matrix_Vector_Activate_Stream_Batch_fu_60/sparsemux_1569_10_8_1_1_U1/D[3].  Did not re-place instance top_i/StreamingDataflowPartition_1/inst/StreamingDataflowPartition_1_MVAU_hls_0/StreamingDataflowPartition_1_MVAU_hls_0/inst/grp_Matrix_Vector_Activate_Stream_Batch_fu_60/sparsemux_1569_10_8_1_1_U1/tmp_reg_19741[3]_i_1
INFO: [Physopt 32-662] Processed net top_i/StreamingDataflowPartition_1/inst/StreamingDataflowPartition_1_MVAU_hls_0/StreamingDataflowPartition_1_MVAU_hls_0/inst/grp_Matrix_Vector_Activate_Stream_Batch_fu_60/sparsemux_1569_10_8_1_1_U1/tmp_reg_19741[3]_i_22_n_3.  Did not re-place instance top_i/StreamingDataflowPartition_1/inst/StreamingDataflowPartition_1_MVAU_hls_0/StreamingDataflowPartition_1_MVAU_hls_0/inst/grp_Matrix_Vector_Activate_Stream_Batch_fu_60/sparsemux_1569_10_8_1_1_U1/tmp_reg_19741[3]_i_22
INFO: [Physopt 32-662] Processed net top_i/StreamingDataflowPartition_1/inst/StreamingDataflowPartition_1_MVAU_hls_0/StreamingDataflowPartition_1_MVAU_hls_0/inst/grp_Matrix_Vector_Activate_Stream_Batch_fu_60/sparsemux_1569_10_8_1_1_U1/tmp_reg_19741[3]_i_293_n_3.  Did not re-place instance top_i/StreamingDataflowPartition_1/inst/StreamingDataflowPartition_1_MVAU_hls_0/StreamingDataflowPartition_1_MVAU_hls_0/inst/grp_Matrix_Vector_Activate_Stream_Batch_fu_60/sparsemux_1569_10_8_1_1_U1/tmp_reg_19741[3]_i_293
INFO: [Physopt 32-662] Processed net top_i/StreamingDataflowPartition_1/inst/StreamingDataflowPartition_1_MVAU_hls_0/StreamingDataflowPartition_1_MVAU_hls_0/inst/grp_Matrix_Vector_Activate_Stream_Batch_fu_60/tmp_reg_19741[3].  Did not re-place instance top_i/StreamingDataflowPartition_1/inst/StreamingDataflowPartition_1_MVAU_hls_0/StreamingDataflowPartition_1_MVAU_hls_0/inst/grp_Matrix_Vector_Activate_Stream_Batch_fu_60/tmp_reg_19741_reg[3]
INFO: [Physopt 32-662] Processed net top_i/StreamingDataflowPartition_1/inst/StreamingDataflowPartition_1_MVAU_hls_0/StreamingDataflowPartition_1_MVAU_hls_0/inst/grp_Matrix_Vector_Activate_Stream_Batch_fu_60/sparsemux_1569_10_8_1_1_U1/tmp_reg_19741[3]_i_294_n_3.  Did not re-place instance top_i/StreamingDataflowPartition_1/inst/StreamingDataflowPartition_1_MVAU_hls_0/StreamingDataflowPartition_1_MVAU_hls_0/inst/grp_Matrix_Vector_Activate_Stream_Batch_fu_60/sparsemux_1569_10_8_1_1_U1/tmp_reg_19741[3]_i_294
INFO: [Physopt 32-662] Processed net top_i/StreamingDataflowPartition_1/inst/StreamingDataflowPartition_1_MVAU_hls_0/StreamingDataflowPartition_1_MVAU_hls_0/inst/grp_Matrix_Vector_Activate_Stream_Batch_fu_60/flow_control_loop_pipe_sequential_init_U/sf_fu_1652_reg[1]_51.  Did not re-place instance top_i/StreamingDataflowPartition_1/inst/StreamingDataflowPartition_1_MVAU_hls_0/StreamingDataflowPartition_1_MVAU_hls_0/inst/grp_Matrix_Vector_Activate_Stream_Batch_fu_60/flow_control_loop_pipe_sequential_init_U/inputBuf_144_fu_2240[7]_i_2
INFO: [Physopt 32-663] Processed net top_i/StreamingDataflowPartition_1/inst/StreamingDataflowPartition_1_MVAU_hls_0/StreamingDataflowPartition_1_MVAU_hls_0/inst/grp_Matrix_Vector_Activate_Stream_Batch_fu_60/flow_control_loop_pipe_sequential_init_U/sf_fu_1652_reg[0]_rep__1_7.  Re-placed instance top_i/StreamingDataflowPartition_1/inst/StreamingDataflowPartition_1_MVAU_hls_0/StreamingDataflowPartition_1_MVAU_hls_0/inst/grp_Matrix_Vector_Activate_Stream_Batch_fu_60/flow_control_loop_pipe_sequential_init_U/inputBuf_64_fu_1920[7]_i_4
INFO: [Physopt 32-662] Processed net top_i/StreamingDataflowPartition_1/inst/StreamingDataflowPartition_1_MVAU_hls_0/StreamingDataflowPartition_1_MVAU_hls_0/inst/grp_Matrix_Vector_Activate_Stream_Batch_fu_60/flow_control_loop_pipe_sequential_init_U/sf_fu_1652[8]_i_4_n_3.  Did not re-place instance top_i/StreamingDataflowPartition_1/inst/StreamingDataflowPartition_1_MVAU_hls_0/StreamingDataflowPartition_1_MVAU_hls_0/inst/grp_Matrix_Vector_Activate_Stream_Batch_fu_60/flow_control_loop_pipe_sequential_init_U/sf_fu_1652[8]_i_4
INFO: [Physopt 32-662] Processed net top_i/StreamingDataflowPartition_1/inst/StreamingDataflowPartition_1_MVAU_hls_0/StreamingDataflowPartition_1_MVAU_hls_0/inst/grp_Matrix_Vector_Activate_Stream_Batch_fu_60/sparsemux_1569_10_8_1_1_U1/tmp_reg_19741[5]_i_19_n_3.  Did not re-place instance top_i/StreamingDataflowPartition_1/inst/StreamingDataflowPartition_1_MVAU_hls_0/StreamingDataflowPartition_1_MVAU_hls_0/inst/grp_Matrix_Vector_Activate_Stream_Batch_fu_60/sparsemux_1569_10_8_1_1_U1/tmp_reg_19741[5]_i_19
INFO: [Physopt 32-662] Processed net top_i/StreamingDataflowPartition_1/inst/StreamingDataflowPartition_1_MVAU_hls_0/StreamingDataflowPartition_1_MVAU_hls_0/inst/grp_Matrix_Vector_Activate_Stream_Batch_fu_60/sparsemux_1569_10_8_1_1_U1/tmp_reg_19741[5]_i_240_n_3.  Did not re-place instance top_i/StreamingDataflowPartition_1/inst/StreamingDataflowPartition_1_MVAU_hls_0/StreamingDataflowPartition_1_MVAU_hls_0/inst/grp_Matrix_Vector_Activate_Stream_Batch_fu_60/sparsemux_1569_10_8_1_1_U1/tmp_reg_19741[5]_i_240
INFO: [Physopt 32-662] Processed net top_i/StreamingDataflowPartition_1/inst/StreamingDataflowPartition_1_MVAU_hls_0/StreamingDataflowPartition_1_MVAU_hls_0/inst/grp_Matrix_Vector_Activate_Stream_Batch_fu_60/sparsemux_1569_10_8_1_1_U1/tmp_reg_19741[6]_i_26_n_3.  Did not re-place instance top_i/StreamingDataflowPartition_1/inst/StreamingDataflowPartition_1_MVAU_hls_0/StreamingDataflowPartition_1_MVAU_hls_0/inst/grp_Matrix_Vector_Activate_Stream_Batch_fu_60/sparsemux_1569_10_8_1_1_U1/tmp_reg_19741[6]_i_26
INFO: [Physopt 32-662] Processed net top_i/StreamingDataflowPartition_1/inst/StreamingDataflowPartition_1_MVAU_hls_0/StreamingDataflowPartition_1_MVAU_hls_0/inst/grp_Matrix_Vector_Activate_Stream_Batch_fu_60/sparsemux_1569_10_8_1_1_U1/tmp_reg_19741[6]_i_345_n_3.  Did not re-place instance top_i/StreamingDataflowPartition_1/inst/StreamingDataflowPartition_1_MVAU_hls_0/StreamingDataflowPartition_1_MVAU_hls_0/inst/grp_Matrix_Vector_Activate_Stream_Batch_fu_60/sparsemux_1569_10_8_1_1_U1/tmp_reg_19741[6]_i_345
INFO: [Physopt 32-662] Processed net top_i/StreamingDataflowPartition_1/inst/StreamingDataflowPartition_1_MVAU_hls_0/StreamingDataflowPartition_1_MVAU_hls_0/inst/grp_Matrix_Vector_Activate_Stream_Batch_fu_60/sparsemux_1569_10_8_1_1_U1/tmp_reg_19741[6]_i_346_n_3.  Did not re-place instance top_i/StreamingDataflowPartition_1/inst/StreamingDataflowPartition_1_MVAU_hls_0/StreamingDataflowPartition_1_MVAU_hls_0/inst/grp_Matrix_Vector_Activate_Stream_Batch_fu_60/sparsemux_1569_10_8_1_1_U1/tmp_reg_19741[6]_i_346
INFO: [Physopt 32-662] Processed net top_i/StreamingDataflowPartition_1/inst/StreamingDataflowPartition_1_MVAU_hls_0/StreamingDataflowPartition_1_MVAU_hls_0/inst/grp_Matrix_Vector_Activate_Stream_Batch_fu_60/flow_control_loop_pipe_sequential_init_U/sf_fu_1652_reg[9][4].  Did not re-place instance top_i/StreamingDataflowPartition_1/inst/StreamingDataflowPartition_1_MVAU_hls_0/StreamingDataflowPartition_1_MVAU_hls_0/inst/grp_Matrix_Vector_Activate_Stream_Batch_fu_60/flow_control_loop_pipe_sequential_init_U/inputBuf_16_fu_1728[7]_i_5
INFO: [Physopt 32-663] Processed net top_i/StreamingDataflowPartition_1/inst/StreamingDataflowPartition_1_MVAU_hls_0/StreamingDataflowPartition_1_MVAU_hls_0/inst/grp_Matrix_Vector_Activate_Stream_Batch_fu_60/flow_control_loop_pipe_sequential_init_U/sf_fu_1652_reg[2]_130.  Re-placed instance top_i/StreamingDataflowPartition_1/inst/StreamingDataflowPartition_1_MVAU_hls_0/StreamingDataflowPartition_1_MVAU_hls_0/inst/grp_Matrix_Vector_Activate_Stream_Batch_fu_60/flow_control_loop_pipe_sequential_init_U/tmp_reg_19741[6]_i_273
INFO: [Physopt 32-662] Processed net top_i/StreamingDataflowPartition_1/inst/StreamingDataflowPartition_1_MVAU_hls_0/StreamingDataflowPartition_1_MVAU_hls_0/inst/grp_Matrix_Vector_Activate_Stream_Batch_fu_60/sf_fu_1652_reg_n_3_[5].  Did not re-place instance top_i/StreamingDataflowPartition_1/inst/StreamingDataflowPartition_1_MVAU_hls_0/StreamingDataflowPartition_1_MVAU_hls_0/inst/grp_Matrix_Vector_Activate_Stream_Batch_fu_60/sf_fu_1652_reg[5]
INFO: [Physopt 32-663] Processed net top_i/StreamingDataflowPartition_1/inst/StreamingDataflowPartition_1_MVAU_hls_0/StreamingDataflowPartition_1_MVAU_hls_0/inst/grp_Matrix_Vector_Activate_Stream_Batch_fu_60/flow_control_loop_pipe_sequential_init_U/inputBuf_536_fu_3808[7]_i_2_n_3.  Re-placed instance top_i/StreamingDataflowPartition_1/inst/StreamingDataflowPartition_1_MVAU_hls_0/StreamingDataflowPartition_1_MVAU_hls_0/inst/grp_Matrix_Vector_Activate_Stream_Batch_fu_60/flow_control_loop_pipe_sequential_init_U/inputBuf_536_fu_3808[7]_i_2
INFO: [Physopt 32-663] Processed net top_i/StreamingDataflowPartition_1/inst/StreamingDataflowPartition_1_MVAU_hls_2/StreamingDataflowPartition_1_MVAU_hls_2/inst/grp_Matrix_Vector_Activate_Stream_Batch_fu_60/nf_1_fu_1632_reg_n_3_[0].  Re-placed instance top_i/StreamingDataflowPartition_1/inst/StreamingDataflowPartition_1_MVAU_hls_2/StreamingDataflowPartition_1_MVAU_hls_2/inst/grp_Matrix_Vector_Activate_Stream_Batch_fu_60/nf_1_fu_1632_reg[0]
INFO: [Physopt 32-663] Processed net top_i/StreamingDataflowPartition_1/inst/StreamingDataflowPartition_1_MVAU_hls_2/StreamingDataflowPartition_1_MVAU_hls_2/inst/grp_Matrix_Vector_Activate_Stream_Batch_fu_60/nf_1_fu_1632_reg_n_3_[5].  Re-placed instance top_i/StreamingDataflowPartition_1/inst/StreamingDataflowPartition_1_MVAU_hls_2/StreamingDataflowPartition_1_MVAU_hls_2/inst/grp_Matrix_Vector_Activate_Stream_Batch_fu_60/nf_1_fu_1632_reg[5]
INFO: [Physopt 32-662] Processed net top_i/StreamingDataflowPartition_1/inst/StreamingDataflowPartition_1_MVAU_hls_0/StreamingDataflowPartition_1_MVAU_hls_0/inst/grp_Matrix_Vector_Activate_Stream_Batch_fu_60/flow_control_loop_pipe_sequential_init_U/inputBuf_783_fu_4796[7]_i_27_n_3.  Did not re-place instance top_i/StreamingDataflowPartition_1/inst/StreamingDataflowPartition_1_MVAU_hls_0/StreamingDataflowPartition_1_MVAU_hls_0/inst/grp_Matrix_Vector_Activate_Stream_Batch_fu_60/flow_control_loop_pipe_sequential_init_U/inputBuf_783_fu_4796[7]_i_27
INFO: [Physopt 32-662] Processed net top_i/StreamingDataflowPartition_1/inst/StreamingDataflowPartition_1_MVAU_hls_0/StreamingDataflowPartition_1_MVAU_hls_0/inst/grp_Matrix_Vector_Activate_Stream_Batch_fu_60/flow_control_loop_pipe_sequential_init_U/inputBuf_783_fu_4796[7]_i_5_n_3.  Did not re-place instance top_i/StreamingDataflowPartition_1/inst/StreamingDataflowPartition_1_MVAU_hls_0/StreamingDataflowPartition_1_MVAU_hls_0/inst/grp_Matrix_Vector_Activate_Stream_Batch_fu_60/flow_control_loop_pipe_sequential_init_U/inputBuf_783_fu_4796[7]_i_5
INFO: [Physopt 32-662] Processed net top_i/StreamingDataflowPartition_1/inst/StreamingDataflowPartition_1_MVAU_hls_0/StreamingDataflowPartition_1_MVAU_hls_0/inst/grp_Matrix_Vector_Activate_Stream_Batch_fu_60/flow_control_loop_pipe_sequential_init_U/inputBuf_783_fu_4796[7]_i_95_n_3.  Did not re-place instance top_i/StreamingDataflowPartition_1/inst/StreamingDataflowPartition_1_MVAU_hls_0/StreamingDataflowPartition_1_MVAU_hls_0/inst/grp_Matrix_Vector_Activate_Stream_Batch_fu_60/flow_control_loop_pipe_sequential_init_U/inputBuf_783_fu_4796[7]_i_95
INFO: [Physopt 32-662] Processed net top_i/StreamingDataflowPartition_1/inst/StreamingDataflowPartition_1_MVAU_hls_0/StreamingDataflowPartition_1_MVAU_hls_0/inst/grp_Matrix_Vector_Activate_Stream_Batch_fu_60/sparsemux_1569_10_8_1_1_U1/tmp_reg_19741[4]_i_20_n_3.  Did not re-place instance top_i/StreamingDataflowPartition_1/inst/StreamingDataflowPartition_1_MVAU_hls_0/StreamingDataflowPartition_1_MVAU_hls_0/inst/grp_Matrix_Vector_Activate_Stream_Batch_fu_60/sparsemux_1569_10_8_1_1_U1/tmp_reg_19741[4]_i_20
INFO: [Physopt 32-662] Processed net top_i/StreamingDataflowPartition_1/inst/StreamingDataflowPartition_1_MVAU_hls_0/StreamingDataflowPartition_1_MVAU_hls_0/inst/grp_Matrix_Vector_Activate_Stream_Batch_fu_60/sparsemux_1569_10_8_1_1_U1/tmp_reg_19741[5]_i_239_n_3.  Did not re-place instance top_i/StreamingDataflowPartition_1/inst/StreamingDataflowPartition_1_MVAU_hls_0/StreamingDataflowPartition_1_MVAU_hls_0/inst/grp_Matrix_Vector_Activate_Stream_Batch_fu_60/sparsemux_1569_10_8_1_1_U1/tmp_reg_19741[5]_i_239
INFO: [Physopt 32-662] Processed net top_i/StreamingDataflowPartition_1/inst/StreamingDataflowPartition_1_MVAU_hls_2/StreamingDataflowPartition_1_MVAU_hls_2/inst/grp_Matrix_Vector_Activate_Stream_Batch_fu_60/flow_control_loop_pipe_sequential_init_U/ap_sig_allocacmp_nf_2__0[0].  Did not re-place instance top_i/StreamingDataflowPartition_1/inst/StreamingDataflowPartition_1_MVAU_hls_2/StreamingDataflowPartition_1_MVAU_hls_2/inst/grp_Matrix_Vector_Activate_Stream_Batch_fu_60/flow_control_loop_pipe_sequential_init_U/nf_fu_5016_p2_carry__0_i_4
INFO: [Physopt 32-662] Processed net top_i/StreamingDataflowPartition_1/inst/StreamingDataflowPartition_1_MVAU_hls_0/StreamingDataflowPartition_1_MVAU_hls_0/inst/grp_Matrix_Vector_Activate_Stream_Batch_fu_60/sparsemux_1569_10_8_1_1_U1/tmp_reg_19741[6]_i_20_n_3.  Did not re-place instance top_i/StreamingDataflowPartition_1/inst/StreamingDataflowPartition_1_MVAU_hls_0/StreamingDataflowPartition_1_MVAU_hls_0/inst/grp_Matrix_Vector_Activate_Stream_Batch_fu_60/sparsemux_1569_10_8_1_1_U1/tmp_reg_19741[6]_i_20
INFO: [Physopt 32-662] Processed net top_i/StreamingDataflowPartition_1/inst/StreamingDataflowPartition_1_MVAU_hls_0/StreamingDataflowPartition_1_MVAU_hls_0/inst/grp_Matrix_Vector_Activate_Stream_Batch_fu_60/sparsemux_1569_10_8_1_1_U1/tmp_reg_19741[6]_i_241_n_3.  Did not re-place instance top_i/StreamingDataflowPartition_1/inst/StreamingDataflowPartition_1_MVAU_hls_0/StreamingDataflowPartition_1_MVAU_hls_0/inst/grp_Matrix_Vector_Activate_Stream_Batch_fu_60/sparsemux_1569_10_8_1_1_U1/tmp_reg_19741[6]_i_241
INFO: [Physopt 32-662] Processed net top_i/StreamingDataflowPartition_1/inst/StreamingDataflowPartition_1_MVAU_hls_0/StreamingDataflowPartition_1_MVAU_hls_0/inst/grp_Matrix_Vector_Activate_Stream_Batch_fu_60/sparsemux_1569_10_8_1_1_U1/tmp_reg_19741[7]_i_30_n_3.  Did not re-place instance top_i/StreamingDataflowPartition_1/inst/StreamingDataflowPartition_1_MVAU_hls_0/StreamingDataflowPartition_1_MVAU_hls_0/inst/grp_Matrix_Vector_Activate_Stream_Batch_fu_60/sparsemux_1569_10_8_1_1_U1/tmp_reg_19741[7]_i_30
INFO: [Physopt 32-662] Processed net top_i/StreamingDataflowPartition_1/inst/StreamingDataflowPartition_1_MVAU_hls_0/StreamingDataflowPartition_1_MVAU_hls_0/inst/grp_Matrix_Vector_Activate_Stream_Batch_fu_60/sparsemux_1569_10_8_1_1_U1/tmp_reg_19741[7]_i_349_n_3.  Did not re-place instance top_i/StreamingDataflowPartition_1/inst/StreamingDataflowPartition_1_MVAU_hls_0/StreamingDataflowPartition_1_MVAU_hls_0/inst/grp_Matrix_Vector_Activate_Stream_Batch_fu_60/sparsemux_1569_10_8_1_1_U1/tmp_reg_19741[7]_i_349
INFO: [Physopt 32-663] Processed net top_i/StreamingDataflowPartition_1/inst/StreamingDataflowPartition_1_MVAU_hls_0/StreamingDataflowPartition_1_MVAU_hls_0/inst/grp_Matrix_Vector_Activate_Stream_Batch_fu_60/flow_control_loop_pipe_sequential_init_U/sf_fu_1652_reg[0]_rep__1_1.  Re-placed instance top_i/StreamingDataflowPartition_1/inst/StreamingDataflowPartition_1_MVAU_hls_0/StreamingDataflowPartition_1_MVAU_hls_0/inst/grp_Matrix_Vector_Activate_Stream_Batch_fu_60/flow_control_loop_pipe_sequential_init_U/inputBuf_185_fu_2404[7]_i_2
INFO: [Common 17-14] Message 'Physopt 32-663' appears 100 times and further instances of the messages will be disabled. Use the Tcl command set_msg_config to change the current settings.
INFO: [Physopt 32-662] Processed net top_i/StreamingDataflowPartition_1/inst/StreamingDataflowPartition_1_MVAU_hls_0/StreamingDataflowPartition_1_MVAU_hls_0/inst/grp_Matrix_Vector_Activate_Stream_Batch_fu_60/flow_control_loop_pipe_sequential_init_U/sf_fu_1652_reg[9][8].  Did not re-place instance top_i/StreamingDataflowPartition_1/inst/StreamingDataflowPartition_1_MVAU_hls_0/StreamingDataflowPartition_1_MVAU_hls_0/inst/grp_Matrix_Vector_Activate_Stream_Batch_fu_60/flow_control_loop_pipe_sequential_init_U/tmp_reg_19741[7]_i_4
INFO: [Physopt 32-662] Processed net top_i/StreamingDataflowPartition_1/inst/StreamingDataflowPartition_1_MVAU_hls_0/StreamingDataflowPartition_1_MVAU_hls_0/inst/grp_Matrix_Vector_Activate_Stream_Batch_fu_60/flow_control_loop_pipe_sequential_init_U/inputBuf_768_fu_4736[7]_i_3_n_3.  Did not re-place instance top_i/StreamingDataflowPartition_1/inst/StreamingDataflowPartition_1_MVAU_hls_0/StreamingDataflowPartition_1_MVAU_hls_0/inst/grp_Matrix_Vector_Activate_Stream_Batch_fu_60/flow_control_loop_pipe_sequential_init_U/inputBuf_768_fu_4736[7]_i_3
INFO: [Physopt 32-662] Processed net top_i/StreamingDataflowPartition_1/inst/StreamingDataflowPartition_1_MVAU_hls_0/StreamingDataflowPartition_1_MVAU_hls_0/inst/grp_Matrix_Vector_Activate_Stream_Batch_fu_60/sparsemux_1569_10_8_1_1_U1/tmp_reg_19741[4]_i_249_n_3.  Did not re-place instance top_i/StreamingDataflowPartition_1/inst/StreamingDataflowPartition_1_MVAU_hls_0/StreamingDataflowPartition_1_MVAU_hls_0/inst/grp_Matrix_Vector_Activate_Stream_Batch_fu_60/sparsemux_1569_10_8_1_1_U1/tmp_reg_19741[4]_i_249
INFO: [Physopt 32-662] Processed net top_i/StreamingDataflowPartition_1/inst/StreamingDataflowPartition_1_MVAU_hls_0/StreamingDataflowPartition_1_MVAU_hls_0/inst/grp_Matrix_Vector_Activate_Stream_Batch_fu_60/flow_control_loop_pipe_sequential_init_U/ap_sig_allocacmp_sf_1[4].  Did not re-place instance top_i/StreamingDataflowPartition_1/inst/StreamingDataflowPartition_1_MVAU_hls_0/StreamingDataflowPartition_1_MVAU_hls_0/inst/grp_Matrix_Vector_Activate_Stream_Batch_fu_60/flow_control_loop_pipe_sequential_init_U/inputBuf_fu_1664[7]_i_8
INFO: [Physopt 32-662] Processed net top_i/StreamingDataflowPartition_1/inst/StreamingDataflowPartition_1_MVAU_hls_0/StreamingDataflowPartition_1_MVAU_hls_0/inst/grp_Matrix_Vector_Activate_Stream_Batch_fu_60/flow_control_loop_pipe_sequential_init_U/inputBuf_196_fu_2448[7]_i_2_n_3.  Did not re-place instance top_i/StreamingDataflowPartition_1/inst/StreamingDataflowPartition_1_MVAU_hls_0/StreamingDataflowPartition_1_MVAU_hls_0/inst/grp_Matrix_Vector_Activate_Stream_Batch_fu_60/flow_control_loop_pipe_sequential_init_U/inputBuf_196_fu_2448[7]_i_2_rewire
INFO: [Physopt 32-662] Processed net top_i/StreamingDataflowPartition_1/inst/StreamingDataflowPartition_1_MVAU_hls_0/StreamingDataflowPartition_1_MVAU_hls_0/inst/grp_Matrix_Vector_Activate_Stream_Batch_fu_60/flow_control_loop_pipe_sequential_init_U/inputBuf_196_fu_2448[7]_i_3_n_3.  Did not re-place instance top_i/StreamingDataflowPartition_1/inst/StreamingDataflowPartition_1_MVAU_hls_0/StreamingDataflowPartition_1_MVAU_hls_0/inst/grp_Matrix_Vector_Activate_Stream_Batch_fu_60/flow_control_loop_pipe_sequential_init_U/inputBuf_196_fu_2448[7]_i_3_rewire
INFO: [Physopt 32-662] Processed net top_i/StreamingDataflowPartition_1/inst/StreamingDataflowPartition_1_MVAU_hls_0/StreamingDataflowPartition_1_MVAU_hls_0/inst/grp_Matrix_Vector_Activate_Stream_Batch_fu_60/flow_control_loop_pipe_sequential_init_U/inputBuf_783_fu_4796[7]_i_28_n_3.  Did not re-place instance top_i/StreamingDataflowPartition_1/inst/StreamingDataflowPartition_1_MVAU_hls_0/StreamingDataflowPartition_1_MVAU_hls_0/inst/grp_Matrix_Vector_Activate_Stream_Batch_fu_60/flow_control_loop_pipe_sequential_init_U/inputBuf_783_fu_4796[7]_i_28
INFO: [Physopt 32-662] Processed net top_i/StreamingDataflowPartition_1/inst/StreamingDataflowPartition_1_MVAU_hls_0/StreamingDataflowPartition_1_MVAU_hls_0/inst/grp_Matrix_Vector_Activate_Stream_Batch_fu_60/sparsemux_1569_10_8_1_1_U1/tmp_reg_19741[4]_i_248_n_3.  Did not re-place instance top_i/StreamingDataflowPartition_1/inst/StreamingDataflowPartition_1_MVAU_hls_0/StreamingDataflowPartition_1_MVAU_hls_0/inst/grp_Matrix_Vector_Activate_Stream_Batch_fu_60/sparsemux_1569_10_8_1_1_U1/tmp_reg_19741[4]_i_248
INFO: [Physopt 32-662] Processed net top_i/StreamingDataflowPartition_1/inst/StreamingDataflowPartition_1_MVAU_hls_0/StreamingDataflowPartition_1_MVAU_hls_0/inst/grp_Matrix_Vector_Activate_Stream_Batch_fu_60/sparsemux_1569_10_8_1_1_U1/tmp_reg_19741[6]_i_242_n_3.  Did not re-place instance top_i/StreamingDataflowPartition_1/inst/StreamingDataflowPartition_1_MVAU_hls_0/StreamingDataflowPartition_1_MVAU_hls_0/inst/grp_Matrix_Vector_Activate_Stream_Batch_fu_60/sparsemux_1569_10_8_1_1_U1/tmp_reg_19741[6]_i_242
INFO: [Physopt 32-662] Processed net top_i/StreamingDataflowPartition_1/inst/StreamingDataflowPartition_1_MVAU_hls_0/StreamingDataflowPartition_1_MVAU_hls_0/inst/grp_Matrix_Vector_Activate_Stream_Batch_fu_60/sparsemux_1569_10_8_1_1_U1/tmp_reg_19741[2]_i_318_n_3.  Did not re-place instance top_i/StreamingDataflowPartition_1/inst/StreamingDataflowPartition_1_MVAU_hls_0/StreamingDataflowPartition_1_MVAU_hls_0/inst/grp_Matrix_Vector_Activate_Stream_Batch_fu_60/sparsemux_1569_10_8_1_1_U1/tmp_reg_19741[2]_i_318
INFO: [Physopt 32-662] Processed net top_i/StreamingDataflowPartition_1/inst/StreamingDataflowPartition_1_MVAU_hls_0/StreamingDataflowPartition_1_MVAU_hls_0/inst/grp_Matrix_Vector_Activate_Stream_Batch_fu_60/flow_control_loop_pipe_sequential_init_U/inputBuf_783_fu_4796[7]_i_17_n_3.  Did not re-place instance top_i/StreamingDataflowPartition_1/inst/StreamingDataflowPartition_1_MVAU_hls_0/StreamingDataflowPartition_1_MVAU_hls_0/inst/grp_Matrix_Vector_Activate_Stream_Batch_fu_60/flow_control_loop_pipe_sequential_init_U/inputBuf_783_fu_4796[7]_i_17
INFO: [Physopt 32-662] Processed net top_i/StreamingDataflowPartition_1/inst/StreamingDataflowPartition_1_MVAU_hls_0/StreamingDataflowPartition_1_MVAU_hls_0/inst/grp_Matrix_Vector_Activate_Stream_Batch_fu_60/flow_control_loop_pipe_sequential_init_U/inputBuf_783_fu_4796[7]_i_3_n_3.  Did not re-place instance top_i/StreamingDataflowPartition_1/inst/StreamingDataflowPartition_1_MVAU_hls_0/StreamingDataflowPartition_1_MVAU_hls_0/inst/grp_Matrix_Vector_Activate_Stream_Batch_fu_60/flow_control_loop_pipe_sequential_init_U/inputBuf_783_fu_4796[7]_i_3
INFO: [Physopt 32-662] Processed net top_i/StreamingDataflowPartition_1/inst/StreamingDataflowPartition_1_MVAU_hls_0/StreamingDataflowPartition_1_MVAU_hls_0/inst/grp_Matrix_Vector_Activate_Stream_Batch_fu_60/sparsemux_1569_10_8_1_1_U1/tmp_reg_19741[5]_i_360_n_3.  Did not re-place instance top_i/StreamingDataflowPartition_1/inst/StreamingDataflowPartition_1_MVAU_hls_0/StreamingDataflowPartition_1_MVAU_hls_0/inst/grp_Matrix_Vector_Activate_Stream_Batch_fu_60/sparsemux_1569_10_8_1_1_U1/tmp_reg_19741[5]_i_360
INFO: [Physopt 32-662] Processed net top_i/StreamingDataflowPartition_1/inst/StreamingDataflowPartition_1_MVAU_hls_0/StreamingDataflowPartition_1_MVAU_hls_0/inst/grp_Matrix_Vector_Activate_Stream_Batch_fu_60/sparsemux_1569_10_8_1_1_U1/tmp_reg_19741[7]_i_348_n_3.  Did not re-place instance top_i/StreamingDataflowPartition_1/inst/StreamingDataflowPartition_1_MVAU_hls_0/StreamingDataflowPartition_1_MVAU_hls_0/inst/grp_Matrix_Vector_Activate_Stream_Batch_fu_60/sparsemux_1569_10_8_1_1_U1/tmp_reg_19741[7]_i_348
INFO: [Physopt 32-662] Processed net top_i/StreamingDataflowPartition_1/inst/StreamingDataflowPartition_1_MVAU_hls_0/StreamingDataflowPartition_1_MVAU_hls_0/inst/grp_Matrix_Vector_Activate_Stream_Batch_fu_60/sparsemux_1569_10_8_1_1_U1/tmp_reg_19741[5]_i_25_n_3.  Did not re-place instance top_i/StreamingDataflowPartition_1/inst/StreamingDataflowPartition_1_MVAU_hls_0/StreamingDataflowPartition_1_MVAU_hls_0/inst/grp_Matrix_Vector_Activate_Stream_Batch_fu_60/sparsemux_1569_10_8_1_1_U1/tmp_reg_19741[5]_i_25
INFO: [Physopt 32-662] Processed net top_i/StreamingDataflowPartition_1/inst/StreamingDataflowPartition_1_MVAU_hls_0/StreamingDataflowPartition_1_MVAU_hls_0/inst/grp_Matrix_Vector_Activate_Stream_Batch_fu_60/sparsemux_1569_10_8_1_1_U1/tmp_reg_19741[5]_i_341_n_3.  Did not re-place instance top_i/StreamingDataflowPartition_1/inst/StreamingDataflowPartition_1_MVAU_hls_0/StreamingDataflowPartition_1_MVAU_hls_0/inst/grp_Matrix_Vector_Activate_Stream_Batch_fu_60/sparsemux_1569_10_8_1_1_U1/tmp_reg_19741[5]_i_341
INFO: [Physopt 32-662] Processed net top_i/StreamingDataflowPartition_1/inst/StreamingDataflowPartition_1_MVAU_hls_0/StreamingDataflowPartition_1_MVAU_hls_0/inst/grp_Matrix_Vector_Activate_Stream_Batch_fu_60/sparsemux_1569_10_8_1_1_U1/tmp_reg_19741[2]_i_317_n_3.  Did not re-place instance top_i/StreamingDataflowPartition_1/inst/StreamingDataflowPartition_1_MVAU_hls_0/StreamingDataflowPartition_1_MVAU_hls_0/inst/grp_Matrix_Vector_Activate_Stream_Batch_fu_60/sparsemux_1569_10_8_1_1_U1/tmp_reg_19741[2]_i_317
INFO: [Physopt 32-662] Processed net top_i/StreamingDataflowPartition_1/inst/StreamingDataflowPartition_1_MVAU_hls_0/StreamingDataflowPartition_1_MVAU_hls_0/inst/grp_Matrix_Vector_Activate_Stream_Batch_fu_60/sparsemux_1569_10_8_1_1_U1/tmp_reg_19741[6]_i_17_n_3.  Did not re-place instance top_i/StreamingDataflowPartition_1/inst/StreamingDataflowPartition_1_MVAU_hls_0/StreamingDataflowPartition_1_MVAU_hls_0/inst/grp_Matrix_Vector_Activate_Stream_Batch_fu_60/sparsemux_1569_10_8_1_1_U1/tmp_reg_19741[6]_i_17
INFO: [Physopt 32-662] Processed net top_i/StreamingDataflowPartition_1/inst/StreamingDataflowPartition_1_MVAU_hls_0/StreamingDataflowPartition_1_MVAU_hls_0/inst/grp_Matrix_Vector_Activate_Stream_Batch_fu_60/sparsemux_1569_10_8_1_1_U1/tmp_reg_19741[6]_i_206_n_3.  Did not re-place instance top_i/StreamingDataflowPartition_1/inst/StreamingDataflowPartition_1_MVAU_hls_0/StreamingDataflowPartition_1_MVAU_hls_0/inst/grp_Matrix_Vector_Activate_Stream_Batch_fu_60/sparsemux_1569_10_8_1_1_U1/tmp_reg_19741[6]_i_206
INFO: [Physopt 32-662] Processed net top_i/StreamingDataflowPartition_1/inst/StreamingDataflowPartition_1_MVAU_hls_0/StreamingDataflowPartition_1_MVAU_hls_0/inst/grp_Matrix_Vector_Activate_Stream_Batch_fu_60/flow_control_loop_pipe_sequential_init_U/sf_fu_1652_reg[9][0].  Did not re-place instance top_i/StreamingDataflowPartition_1/inst/StreamingDataflowPartition_1_MVAU_hls_0/StreamingDataflowPartition_1_MVAU_hls_0/inst/grp_Matrix_Vector_Activate_Stream_Batch_fu_60/flow_control_loop_pipe_sequential_init_U/tmp_reg_19741[7]_i_372
INFO: [Physopt 32-662] Processed net top_i/StreamingDataflowPartition_1/inst/StreamingDataflowPartition_1_MVAU_hls_0/StreamingDataflowPartition_1_MVAU_hls_0/inst/grp_Matrix_Vector_Activate_Stream_Batch_fu_60/flow_control_loop_pipe_sequential_init_U/inputBuf_783_fu_4796[7]_i_111_n_3.  Did not re-place instance top_i/StreamingDataflowPartition_1/inst/StreamingDataflowPartition_1_MVAU_hls_0/StreamingDataflowPartition_1_MVAU_hls_0/inst/grp_Matrix_Vector_Activate_Stream_Batch_fu_60/flow_control_loop_pipe_sequential_init_U/inputBuf_783_fu_4796[7]_i_111
INFO: [Physopt 32-662] Processed net top_i/StreamingDataflowPartition_1/inst/StreamingDataflowPartition_1_MVAU_hls_0/StreamingDataflowPartition_1_MVAU_hls_0/inst/grp_Matrix_Vector_Activate_Stream_Batch_fu_60/sparsemux_1569_10_8_1_1_U1/tmp_reg_19741[3]_i_21_n_3.  Did not re-place instance top_i/StreamingDataflowPartition_1/inst/StreamingDataflowPartition_1_MVAU_hls_0/StreamingDataflowPartition_1_MVAU_hls_0/inst/grp_Matrix_Vector_Activate_Stream_Batch_fu_60/sparsemux_1569_10_8_1_1_U1/tmp_reg_19741[3]_i_21
INFO: [Physopt 32-662] Processed net top_i/StreamingDataflowPartition_1/inst/StreamingDataflowPartition_1_MVAU_hls_0/StreamingDataflowPartition_1_MVAU_hls_0/inst/grp_Matrix_Vector_Activate_Stream_Batch_fu_60/sparsemux_1569_10_8_1_1_U1/tmp_reg_19741[3]_i_283_n_3.  Did not re-place instance top_i/StreamingDataflowPartition_1/inst/StreamingDataflowPartition_1_MVAU_hls_0/StreamingDataflowPartition_1_MVAU_hls_0/inst/grp_Matrix_Vector_Activate_Stream_Batch_fu_60/sparsemux_1569_10_8_1_1_U1/tmp_reg_19741[3]_i_283
INFO: [Physopt 32-662] Processed net top_i/StreamingDataflowPartition_1/inst/StreamingDataflowPartition_1_MVAU_hls_0/StreamingDataflowPartition_1_MVAU_hls_0/inst/grp_Matrix_Vector_Activate_Stream_Batch_fu_60/sparsemux_1569_10_8_1_1_U1/tmp_reg_19741[5]_i_359_n_3.  Did not re-place instance top_i/StreamingDataflowPartition_1/inst/StreamingDataflowPartition_1_MVAU_hls_0/StreamingDataflowPartition_1_MVAU_hls_0/inst/grp_Matrix_Vector_Activate_Stream_Batch_fu_60/sparsemux_1569_10_8_1_1_U1/tmp_reg_19741[5]_i_359
INFO: [Physopt 32-662] Processed net top_i/StreamingDataflowPartition_1/inst/StreamingDataflowPartition_1_MVAU_hls_2/StreamingDataflowPartition_1_MVAU_hls_2/inst/grp_Matrix_Vector_Activate_Stream_Batch_fu_60/flow_control_loop_pipe_sequential_init_U/nf_1_fu_1632_reg[4]_0[2].  Did not re-place instance top_i/StreamingDataflowPartition_1/inst/StreamingDataflowPartition_1_MVAU_hls_2/StreamingDataflowPartition_1_MVAU_hls_2/inst/grp_Matrix_Vector_Activate_Stream_Batch_fu_60/flow_control_loop_pipe_sequential_init_U/nf_fu_5016_p2_carry_i_2
INFO: [Physopt 32-662] Processed net top_i/StreamingDataflowPartition_1/inst/StreamingDataflowPartition_1_MVAU_hls_0/StreamingDataflowPartition_1_MVAU_hls_0/inst/grp_Matrix_Vector_Activate_Stream_Batch_fu_60/sparsemux_1569_10_8_1_1_U1/tmp_reg_19741[5]_i_342_n_3.  Did not re-place instance top_i/StreamingDataflowPartition_1/inst/StreamingDataflowPartition_1_MVAU_hls_0/StreamingDataflowPartition_1_MVAU_hls_0/inst/grp_Matrix_Vector_Activate_Stream_Batch_fu_60/sparsemux_1569_10_8_1_1_U1/tmp_reg_19741[5]_i_342
INFO: [Physopt 32-662] Processed net top_i/StreamingDataflowPartition_1/inst/StreamingDataflowPartition_1_MVAU_hls_0/StreamingDataflowPartition_1_MVAU_hls_0/inst/grp_Matrix_Vector_Activate_Stream_Batch_fu_60/flow_control_loop_pipe_sequential_init_U/sf_fu_1652_reg[9][7].  Did not re-place instance top_i/StreamingDataflowPartition_1/inst/StreamingDataflowPartition_1_MVAU_hls_0/StreamingDataflowPartition_1_MVAU_hls_0/inst/grp_Matrix_Vector_Activate_Stream_Batch_fu_60/flow_control_loop_pipe_sequential_init_U/tmp_reg_19741[7]_i_6
INFO: [Physopt 32-662] Processed net top_i/StreamingDataflowPartition_1/inst/StreamingDataflowPartition_1_MVAU_hls_0/StreamingDataflowPartition_1_MVAU_hls_0/inst/grp_Matrix_Vector_Activate_Stream_Batch_fu_60/sparsemux_1569_10_8_1_1_U1/tmp_reg_19741[6]_i_344_n_3.  Did not re-place instance top_i/StreamingDataflowPartition_1/inst/StreamingDataflowPartition_1_MVAU_hls_0/StreamingDataflowPartition_1_MVAU_hls_0/inst/grp_Matrix_Vector_Activate_Stream_Batch_fu_60/sparsemux_1569_10_8_1_1_U1/tmp_reg_19741[6]_i_344
INFO: [Physopt 32-662] Processed net top_i/StreamingDataflowPartition_1/inst/StreamingDataflowPartition_1_MVAU_hls_0/StreamingDataflowPartition_1_MVAU_hls_0_wstrm/inst/core/mem/m_axis_0_tdata[1]_INST_0_i_1_n_3.  Did not re-place instance top_i/StreamingDataflowPartition_1/inst/StreamingDataflowPartition_1_MVAU_hls_0/StreamingDataflowPartition_1_MVAU_hls_0_wstrm/inst/core/mem/m_axis_0_tdata[1]_INST_0_i_1
INFO: [Physopt 32-662] Processed net top_i/StreamingDataflowPartition_1/inst/StreamingDataflowPartition_1_MVAU_hls_0/StreamingDataflowPartition_1_MVAU_hls_0/inst/grp_Matrix_Vector_Activate_Stream_Batch_fu_60/sparsemux_1569_10_8_1_1_U1/tmp_reg_19741[6]_i_362_n_3.  Did not re-place instance top_i/StreamingDataflowPartition_1/inst/StreamingDataflowPartition_1_MVAU_hls_0/StreamingDataflowPartition_1_MVAU_hls_0/inst/grp_Matrix_Vector_Activate_Stream_Batch_fu_60/sparsemux_1569_10_8_1_1_U1/tmp_reg_19741[6]_i_362
INFO: [Physopt 32-662] Processed net top_i/StreamingDataflowPartition_1/inst/StreamingDataflowPartition_1_MVAU_hls_0/StreamingDataflowPartition_1_MVAU_hls_0/inst/grp_Matrix_Vector_Activate_Stream_Batch_fu_60/sparsemux_1569_10_8_1_1_U1/tmp_reg_19741[7]_i_297_n_3.  Did not re-place instance top_i/StreamingDataflowPartition_1/inst/StreamingDataflowPartition_1_MVAU_hls_0/StreamingDataflowPartition_1_MVAU_hls_0/inst/grp_Matrix_Vector_Activate_Stream_Batch_fu_60/sparsemux_1569_10_8_1_1_U1/tmp_reg_19741[7]_i_297
INFO: [Physopt 32-662] Processed net top_i/StreamingDataflowPartition_1/inst/StreamingDataflowPartition_1_MVAU_hls_0/StreamingDataflowPartition_1_MVAU_hls_0/inst/grp_Matrix_Vector_Activate_Stream_Batch_fu_60/flow_control_loop_pipe_sequential_init_U/sf_fu_1652_reg[1]_55.  Did not re-place instance top_i/StreamingDataflowPartition_1/inst/StreamingDataflowPartition_1_MVAU_hls_0/StreamingDataflowPartition_1_MVAU_hls_0/inst/grp_Matrix_Vector_Activate_Stream_Batch_fu_60/flow_control_loop_pipe_sequential_init_U/inputBuf_448_fu_3456[7]_i_4
INFO: [Physopt 32-662] Processed net top_i/StreamingDataflowPartition_1/inst/StreamingDataflowPartition_1_MVAU_hls_0/StreamingDataflowPartition_1_MVAU_hls_0/inst/grp_Matrix_Vector_Activate_Stream_Batch_fu_60/sparsemux_1569_10_8_1_1_U1/tmp_reg_19741[6]_i_23_n_3.  Did not re-place instance top_i/StreamingDataflowPartition_1/inst/StreamingDataflowPartition_1_MVAU_hls_0/StreamingDataflowPartition_1_MVAU_hls_0/inst/grp_Matrix_Vector_Activate_Stream_Batch_fu_60/sparsemux_1569_10_8_1_1_U1/tmp_reg_19741[6]_i_23
INFO: [Physopt 32-662] Processed net top_i/StreamingDataflowPartition_1/inst/StreamingDataflowPartition_1_MVAU_hls_0/StreamingDataflowPartition_1_MVAU_hls_0/inst/grp_Matrix_Vector_Activate_Stream_Batch_fu_60/sparsemux_1569_10_8_1_1_U1/tmp_reg_19741[6]_i_291_n_3.  Did not re-place instance top_i/StreamingDataflowPartition_1/inst/StreamingDataflowPartition_1_MVAU_hls_0/StreamingDataflowPartition_1_MVAU_hls_0/inst/grp_Matrix_Vector_Activate_Stream_Batch_fu_60/sparsemux_1569_10_8_1_1_U1/tmp_reg_19741[6]_i_291
INFO: [Physopt 32-662] Processed net top_i/StreamingDataflowPartition_1/inst/StreamingDataflowPartition_1_MVAU_hls_0/StreamingDataflowPartition_1_MVAU_hls_0/inst/grp_Matrix_Vector_Activate_Stream_Batch_fu_60/sparsemux_1569_10_8_1_1_U1/tmp_reg_19741[7]_i_296_n_3.  Did not re-place instance top_i/StreamingDataflowPartition_1/inst/StreamingDataflowPartition_1_MVAU_hls_0/StreamingDataflowPartition_1_MVAU_hls_0/inst/grp_Matrix_Vector_Activate_Stream_Batch_fu_60/sparsemux_1569_10_8_1_1_U1/tmp_reg_19741[7]_i_296
INFO: [Physopt 32-662] Processed net top_i/StreamingDataflowPartition_1/inst/StreamingDataflowPartition_1_MVAU_hls_0/StreamingDataflowPartition_1_MVAU_hls_0/inst/grp_Matrix_Vector_Activate_Stream_Batch_fu_60/flow_control_loop_pipe_sequential_init_U/sf_fu_1652_reg[0]_rep__1_9.  Did not re-place instance top_i/StreamingDataflowPartition_1/inst/StreamingDataflowPartition_1_MVAU_hls_0/StreamingDataflowPartition_1_MVAU_hls_0/inst/grp_Matrix_Vector_Activate_Stream_Batch_fu_60/flow_control_loop_pipe_sequential_init_U/inputBuf_581_fu_3988[7]_i_2
INFO: [Physopt 32-662] Processed net top_i/StreamingDataflowPartition_1/inst/StreamingDataflowPartition_1_MVAU_hls_0/StreamingDataflowPartition_1_MVAU_hls_0/inst/grp_Matrix_Vector_Activate_Stream_Batch_fu_60/sparsemux_1569_10_8_1_1_U1/tmp_reg_19741[6]_i_205_n_3.  Did not re-place instance top_i/StreamingDataflowPartition_1/inst/StreamingDataflowPartition_1_MVAU_hls_0/StreamingDataflowPartition_1_MVAU_hls_0/inst/grp_Matrix_Vector_Activate_Stream_Batch_fu_60/sparsemux_1569_10_8_1_1_U1/tmp_reg_19741[6]_i_205
INFO: [Physopt 32-662] Processed net top_i/StreamingDataflowPartition_1/inst/StreamingDataflowPartition_1_MVAU_hls_0/StreamingDataflowPartition_1_MVAU_hls_0/inst/grp_Matrix_Vector_Activate_Stream_Batch_fu_60/sparsemux_1569_10_8_1_1_U1/tmp_reg_19741[6]_i_343_n_3.  Did not re-place instance top_i/StreamingDataflowPartition_1/inst/StreamingDataflowPartition_1_MVAU_hls_0/StreamingDataflowPartition_1_MVAU_hls_0/inst/grp_Matrix_Vector_Activate_Stream_Batch_fu_60/sparsemux_1569_10_8_1_1_U1/tmp_reg_19741[6]_i_343
INFO: [Physopt 32-662] Processed net top_i/StreamingDataflowPartition_1/inst/StreamingDataflowPartition_1_MVAU_hls_2/StreamingDataflowPartition_1_MVAU_hls_2/inst/grp_Matrix_Vector_Activate_Stream_Batch_fu_60/flow_control_loop_pipe_sequential_init_U/ap_sig_allocacmp_nf_2__0[2].  Did not re-place instance top_i/StreamingDataflowPartition_1/inst/StreamingDataflowPartition_1_MVAU_hls_2/StreamingDataflowPartition_1_MVAU_hls_2/inst/grp_Matrix_Vector_Activate_Stream_Batch_fu_60/flow_control_loop_pipe_sequential_init_U/nf_fu_5016_p2_carry__0_i_2
INFO: [Physopt 32-662] Processed net top_i/StreamingDataflowPartition_1/inst/StreamingDataflowPartition_1_MVAU_hls_0/StreamingDataflowPartition_1_MVAU_hls_0/inst/grp_Matrix_Vector_Activate_Stream_Batch_fu_60/sparsemux_1569_10_8_1_1_U1/tmp_reg_19741[3]_i_282_n_3.  Did not re-place instance top_i/StreamingDataflowPartition_1/inst/StreamingDataflowPartition_1_MVAU_hls_0/StreamingDataflowPartition_1_MVAU_hls_0/inst/grp_Matrix_Vector_Activate_Stream_Batch_fu_60/sparsemux_1569_10_8_1_1_U1/tmp_reg_19741[3]_i_282
INFO: [Physopt 32-662] Processed net top_i/StreamingDataflowPartition_1/inst/StreamingDataflowPartition_1_MVAU_hls_2/StreamingDataflowPartition_1_MVAU_hls_2/inst/grp_Matrix_Vector_Activate_Stream_Batch_fu_60/flow_control_loop_pipe_sequential_init_U/nf_1_fu_1632[31]_i_3_n_3.  Did not re-place instance top_i/StreamingDataflowPartition_1/inst/StreamingDataflowPartition_1_MVAU_hls_2/StreamingDataflowPartition_1_MVAU_hls_2/inst/grp_Matrix_Vector_Activate_Stream_Batch_fu_60/flow_control_loop_pipe_sequential_init_U/nf_1_fu_1632[31]_i_3
INFO: [Physopt 32-662] Processed net top_i/StreamingDataflowPartition_1/inst/StreamingDataflowPartition_1_MVAU_hls_2/StreamingDataflowPartition_1_MVAU_hls_2/inst/grp_Matrix_Vector_Activate_Stream_Batch_fu_60/flow_control_loop_pipe_sequential_init_U/nf_1_fu_1632[31]_i_7_n_3.  Did not re-place instance top_i/StreamingDataflowPartition_1/inst/StreamingDataflowPartition_1_MVAU_hls_2/StreamingDataflowPartition_1_MVAU_hls_2/inst/grp_Matrix_Vector_Activate_Stream_Batch_fu_60/flow_control_loop_pipe_sequential_init_U/nf_1_fu_1632[31]_i_7
INFO: [Physopt 32-662] Processed net top_i/StreamingDataflowPartition_1/inst/StreamingDataflowPartition_1_MVAU_hls_0/StreamingDataflowPartition_1_MVAU_hls_0/inst/grp_Matrix_Vector_Activate_Stream_Batch_fu_60/sparsemux_1569_10_8_1_1_U1/tmp_reg_19741[4]_i_245_n_3.  Did not re-place instance top_i/StreamingDataflowPartition_1/inst/StreamingDataflowPartition_1_MVAU_hls_0/StreamingDataflowPartition_1_MVAU_hls_0/inst/grp_Matrix_Vector_Activate_Stream_Batch_fu_60/sparsemux_1569_10_8_1_1_U1/tmp_reg_19741[4]_i_245
INFO: [Physopt 32-662] Processed net top_i/StreamingDataflowPartition_1/inst/StreamingDataflowPartition_1_MVAU_hls_0/StreamingDataflowPartition_1_MVAU_hls_0/inst/grp_Matrix_Vector_Activate_Stream_Batch_fu_60/flow_control_loop_pipe_sequential_init_U/nf_1_fu_4800[4]_i_5_n_3.  Did not re-place instance top_i/StreamingDataflowPartition_1/inst/StreamingDataflowPartition_1_MVAU_hls_0/StreamingDataflowPartition_1_MVAU_hls_0/inst/grp_Matrix_Vector_Activate_Stream_Batch_fu_60/flow_control_loop_pipe_sequential_init_U/nf_1_fu_4800[4]_i_5
INFO: [Physopt 32-662] Processed net top_i/StreamingDataflowPartition_1/inst/StreamingDataflowPartition_1_MVAU_hls_0/StreamingDataflowPartition_1_MVAU_hls_0/inst/grp_Matrix_Vector_Activate_Stream_Batch_fu_60/sparsemux_1569_10_8_1_1_U1/tmp_reg_19741[4]_i_244_n_3.  Did not re-place instance top_i/StreamingDataflowPartition_1/inst/StreamingDataflowPartition_1_MVAU_hls_0/StreamingDataflowPartition_1_MVAU_hls_0/inst/grp_Matrix_Vector_Activate_Stream_Batch_fu_60/sparsemux_1569_10_8_1_1_U1/tmp_reg_19741[4]_i_244
INFO: [Physopt 32-662] Processed net top_i/StreamingDataflowPartition_1/inst/StreamingDataflowPartition_1_MVAU_hls_0/StreamingDataflowPartition_1_MVAU_hls_0/inst/grp_Matrix_Vector_Activate_Stream_Batch_fu_60/sparsemux_1569_10_8_1_1_U1/tmp_reg_19741[6]_i_361_n_3.  Did not re-place instance top_i/StreamingDataflowPartition_1/inst/StreamingDataflowPartition_1_MVAU_hls_0/StreamingDataflowPartition_1_MVAU_hls_0/inst/grp_Matrix_Vector_Activate_Stream_Batch_fu_60/sparsemux_1569_10_8_1_1_U1/tmp_reg_19741[6]_i_361
INFO: [Physopt 32-662] Processed net top_i/StreamingDataflowPartition_1/inst/StreamingDataflowPartition_1_MVAU_hls_0/StreamingDataflowPartition_1_MVAU_hls_0/inst/grp_Matrix_Vector_Activate_Stream_Batch_fu_60/sparsemux_1569_10_8_1_1_U1/tmp_reg_19741[7]_i_25_n_3.  Did not re-place instance top_i/StreamingDataflowPartition_1/inst/StreamingDataflowPartition_1_MVAU_hls_0/StreamingDataflowPartition_1_MVAU_hls_0/inst/grp_Matrix_Vector_Activate_Stream_Batch_fu_60/sparsemux_1569_10_8_1_1_U1/tmp_reg_19741[7]_i_25
INFO: [Physopt 32-662] Processed net top_i/StreamingDataflowPartition_1/inst/StreamingDataflowPartition_1_MVAU_hls_0/StreamingDataflowPartition_1_MVAU_hls_0/inst/grp_Matrix_Vector_Activate_Stream_Batch_fu_60/sparsemux_1569_10_8_1_1_U1/tmp_reg_19741[2]_i_19_n_3.  Did not re-place instance top_i/StreamingDataflowPartition_1/inst/StreamingDataflowPartition_1_MVAU_hls_0/StreamingDataflowPartition_1_MVAU_hls_0/inst/grp_Matrix_Vector_Activate_Stream_Batch_fu_60/sparsemux_1569_10_8_1_1_U1/tmp_reg_19741[2]_i_19
INFO: [Physopt 32-662] Processed net top_i/StreamingDataflowPartition_1/inst/StreamingDataflowPartition_1_MVAU_hls_0/StreamingDataflowPartition_1_MVAU_hls_0/inst/grp_Matrix_Vector_Activate_Stream_Batch_fu_60/sparsemux_1569_10_8_1_1_U1/tmp_reg_19741[2]_i_244_n_3.  Did not re-place instance top_i/StreamingDataflowPartition_1/inst/StreamingDataflowPartition_1_MVAU_hls_0/StreamingDataflowPartition_1_MVAU_hls_0/inst/grp_Matrix_Vector_Activate_Stream_Batch_fu_60/sparsemux_1569_10_8_1_1_U1/tmp_reg_19741[2]_i_244
INFO: [Physopt 32-662] Processed net top_i/StreamingDataflowPartition_1/inst/StreamingDataflowPartition_1_MVAU_hls_0/StreamingDataflowPartition_1_MVAU_hls_0/inst/grp_Matrix_Vector_Activate_Stream_Batch_fu_60/sparsemux_1569_10_8_1_1_U1/tmp_reg_19741[6]_i_290_n_3.  Did not re-place instance top_i/StreamingDataflowPartition_1/inst/StreamingDataflowPartition_1_MVAU_hls_0/StreamingDataflowPartition_1_MVAU_hls_0/inst/grp_Matrix_Vector_Activate_Stream_Batch_fu_60/sparsemux_1569_10_8_1_1_U1/tmp_reg_19741[6]_i_290
INFO: [Physopt 32-661] Optimized 36 nets.  Re-placed 36 instances.
INFO: [Physopt 32-775] End 1 Pass. Optimized 36 nets or cells. Created 0 new cell, deleted 0 existing cell and moved 36 existing cells
INFO: [Physopt 32-619] Estimated Timing Summary | WNS=-1.851 | TNS=-7865.105 |
Netlist sorting complete. Time (s): cpu = 00:00:00.22 ; elapsed = 00:00:00.03 . Memory (MB): peak = 3620.988 ; gain = 0.000 ; free physical = 3119 ; free virtual = 12015
Phase 9 Single Cell Placement Optimization | Checksum: 1a3c7d6bd

Time (s): cpu = 00:18:55 ; elapsed = 00:04:31 . Memory (MB): peak = 3620.988 ; gain = 0.000 ; free physical = 3182 ; free virtual = 12019

Phase 10 Multi Cell Placement Optimization
INFO: [Physopt 32-660] Identified 100 candidate nets for placement-based optimization.
INFO: [Physopt 32-662] Processed net top_i/StreamingDataflowPartition_1/inst/StreamingDataflowPartition_1_MVAU_hls_0/StreamingDataflowPartition_1_MVAU_hls_0/inst/grp_Matrix_Vector_Activate_Stream_Batch_fu_60/flow_control_loop_pipe_sequential_init_U/sf_fu_1652_reg[0]_rep__1_3.  Did not re-place instance top_i/StreamingDataflowPartition_1/inst/StreamingDataflowPartition_1_MVAU_hls_0/StreamingDataflowPartition_1_MVAU_hls_0/inst/grp_Matrix_Vector_Activate_Stream_Batch_fu_60/flow_control_loop_pipe_sequential_init_U/sf_fu_1652[4]_i_2/O
INFO: [Physopt 32-662] Processed net top_i/StreamingDataflowPartition_1/inst/StreamingDataflowPartition_1_MVAU_hls_0/StreamingDataflowPartition_1_MVAU_hls_0/inst/grp_Matrix_Vector_Activate_Stream_Batch_fu_60/flow_control_loop_pipe_sequential_init_U/nf_1_fu_4800.  Did not re-place instance top_i/StreamingDataflowPartition_1/inst/StreamingDataflowPartition_1_MVAU_hls_0/StreamingDataflowPartition_1_MVAU_hls_0/inst/grp_Matrix_Vector_Activate_Stream_Batch_fu_60/flow_control_loop_pipe_sequential_init_U/sf_fu_1652[31]_i_1/O
INFO: [Physopt 32-662] Processed net top_i/StreamingDataflowPartition_1/inst/StreamingDataflowPartition_1_MVAU_hls_0/StreamingDataflowPartition_1_MVAU_hls_0/inst/grp_Matrix_Vector_Activate_Stream_Batch_fu_60/flow_control_loop_pipe_sequential_init_U/sf_fu_1652[31]_i_4_n_3.  Did not re-place instance top_i/StreamingDataflowPartition_1/inst/StreamingDataflowPartition_1_MVAU_hls_0/StreamingDataflowPartition_1_MVAU_hls_0/inst/grp_Matrix_Vector_Activate_Stream_Batch_fu_60/flow_control_loop_pipe_sequential_init_U/sf_fu_1652[31]_i_4/O
INFO: [Physopt 32-662] Processed net top_i/StreamingDataflowPartition_1/inst/StreamingDataflowPartition_1_MVAU_hls_0/StreamingDataflowPartition_1_MVAU_hls_0/inst/grp_Matrix_Vector_Activate_Stream_Batch_fu_60/nf_1_fu_4800_reg_n_3_[16].  Did not re-place instance top_i/StreamingDataflowPartition_1/inst/StreamingDataflowPartition_1_MVAU_hls_0/StreamingDataflowPartition_1_MVAU_hls_0/inst/grp_Matrix_Vector_Activate_Stream_Batch_fu_60/nf_1_fu_4800_reg[16]/Q
INFO: [Physopt 32-662] Processed net top_i/StreamingDataflowPartition_1/inst/StreamingDataflowPartition_1_MVAU_hls_0/StreamingDataflowPartition_1_MVAU_hls_0/inst/grp_Matrix_Vector_Activate_Stream_Batch_fu_60/flow_control_loop_pipe_sequential_init_U/sf_fu_1652[31]_i_11_n_3.  Did not re-place instance top_i/StreamingDataflowPartition_1/inst/StreamingDataflowPartition_1_MVAU_hls_0/StreamingDataflowPartition_1_MVAU_hls_0/inst/grp_Matrix_Vector_Activate_Stream_Batch_fu_60/flow_control_loop_pipe_sequential_init_U/sf_fu_1652[31]_i_11/O
INFO: [Physopt 32-662] Processed net top_i/StreamingDataflowPartition_1/inst/StreamingDataflowPartition_1_MVAU_hls_0/StreamingDataflowPartition_1_MVAU_hls_0/inst/grp_Matrix_Vector_Activate_Stream_Batch_fu_60/nf_1_fu_4800_reg_n_3_[1].  Did not re-place instance top_i/StreamingDataflowPartition_1/inst/StreamingDataflowPartition_1_MVAU_hls_0/StreamingDataflowPartition_1_MVAU_hls_0/inst/grp_Matrix_Vector_Activate_Stream_Batch_fu_60/nf_1_fu_4800_reg[1]/Q
INFO: [Physopt 32-662] Processed net top_i/StreamingDataflowPartition_1/inst/StreamingDataflowPartition_1_MVAU_hls_0/StreamingDataflowPartition_1_MVAU_hls_0/inst/grp_Matrix_Vector_Activate_Stream_Batch_fu_60/nf_1_fu_4800_reg_n_3_[5].  Did not re-place instance top_i/StreamingDataflowPartition_1/inst/StreamingDataflowPartition_1_MVAU_hls_0/StreamingDataflowPartition_1_MVAU_hls_0/inst/grp_Matrix_Vector_Activate_Stream_Batch_fu_60/nf_1_fu_4800_reg[5]/Q
INFO: [Physopt 32-662] Processed net top_i/StreamingDataflowPartition_1/inst/StreamingDataflowPartition_1_MVAU_hls_0/StreamingDataflowPartition_1_MVAU_hls_0/inst/grp_Matrix_Vector_Activate_Stream_Batch_fu_60/nf_1_fu_4800_reg_n_3_[6].  Did not re-place instance top_i/StreamingDataflowPartition_1/inst/StreamingDataflowPartition_1_MVAU_hls_0/StreamingDataflowPartition_1_MVAU_hls_0/inst/grp_Matrix_Vector_Activate_Stream_Batch_fu_60/nf_1_fu_4800_reg[6]/Q
INFO: [Physopt 32-662] Processed net top_i/StreamingDataflowPartition_1/inst/StreamingDataflowPartition_1_MVAU_hls_0/StreamingDataflowPartition_1_MVAU_hls_0/inst/grp_Matrix_Vector_Activate_Stream_Batch_fu_60/nf_1_fu_4800_reg_n_3_[9].  Did not re-place instance top_i/StreamingDataflowPartition_1/inst/StreamingDataflowPartition_1_MVAU_hls_0/StreamingDataflowPartition_1_MVAU_hls_0/inst/grp_Matrix_Vector_Activate_Stream_Batch_fu_60/nf_1_fu_4800_reg[9]/Q
INFO: [Physopt 32-662] Processed net top_i/StreamingDataflowPartition_1/inst/StreamingDataflowPartition_1_MVAU_hls_0/StreamingDataflowPartition_1_MVAU_hls_0/inst/grp_Matrix_Vector_Activate_Stream_Batch_fu_60/nf_1_fu_4800_reg_n_3_[17].  Did not re-place instance top_i/StreamingDataflowPartition_1/inst/StreamingDataflowPartition_1_MVAU_hls_0/StreamingDataflowPartition_1_MVAU_hls_0/inst/grp_Matrix_Vector_Activate_Stream_Batch_fu_60/nf_1_fu_4800_reg[17]/Q
INFO: [Physopt 32-662] Processed net top_i/StreamingDataflowPartition_1/inst/StreamingDataflowPartition_1_MVAU_hls_0/StreamingDataflowPartition_1_MVAU_hls_0/inst/grp_Matrix_Vector_Activate_Stream_Batch_fu_60/nf_1_fu_4800_reg_n_3_[19].  Did not re-place instance top_i/StreamingDataflowPartition_1/inst/StreamingDataflowPartition_1_MVAU_hls_0/StreamingDataflowPartition_1_MVAU_hls_0/inst/grp_Matrix_Vector_Activate_Stream_Batch_fu_60/nf_1_fu_4800_reg[19]/Q
INFO: [Physopt 32-662] Processed net top_i/StreamingDataflowPartition_1/inst/StreamingDataflowPartition_1_MVAU_hls_0/StreamingDataflowPartition_1_MVAU_hls_0/inst/grp_Matrix_Vector_Activate_Stream_Batch_fu_60/nf_1_fu_4800_reg_n_3_[20].  Did not re-place instance top_i/StreamingDataflowPartition_1/inst/StreamingDataflowPartition_1_MVAU_hls_0/StreamingDataflowPartition_1_MVAU_hls_0/inst/grp_Matrix_Vector_Activate_Stream_Batch_fu_60/nf_1_fu_4800_reg[20]/Q
INFO: [Physopt 32-662] Processed net top_i/StreamingDataflowPartition_1/inst/StreamingDataflowPartition_1_MVAU_hls_0/StreamingDataflowPartition_1_MVAU_hls_0/inst/grp_Matrix_Vector_Activate_Stream_Batch_fu_60/flow_control_loop_pipe_sequential_init_U/icmp_ln290_fu_14505_p2.  Did not re-place instance top_i/StreamingDataflowPartition_1/inst/StreamingDataflowPartition_1_MVAU_hls_0/StreamingDataflowPartition_1_MVAU_hls_0/inst/grp_Matrix_Vector_Activate_Stream_Batch_fu_60/flow_control_loop_pipe_sequential_init_U/icmp_ln290_reg_19761[0]_i_1/O
INFO: [Physopt 32-662] Processed net top_i/StreamingDataflowPartition_1/inst/StreamingDataflowPartition_1_MVAU_hls_0/StreamingDataflowPartition_1_MVAU_hls_0/inst/grp_Matrix_Vector_Activate_Stream_Batch_fu_60/sparsemux_1569_10_8_1_1_U1/D[5].  Did not re-place instance top_i/StreamingDataflowPartition_1/inst/StreamingDataflowPartition_1_MVAU_hls_0/StreamingDataflowPartition_1_MVAU_hls_0/inst/grp_Matrix_Vector_Activate_Stream_Batch_fu_60/sparsemux_1569_10_8_1_1_U1/tmp_reg_19741[5]_i_1/O
INFO: [Physopt 32-662] Processed net top_i/StreamingDataflowPartition_1/inst/StreamingDataflowPartition_1_MVAU_hls_0/StreamingDataflowPartition_1_MVAU_hls_0/inst/grp_Matrix_Vector_Activate_Stream_Batch_fu_60/flow_control_loop_pipe_sequential_init_U/inputBuf_400_fu_3264[7]_i_3_n_3.  Did not re-place instance top_i/StreamingDataflowPartition_1/inst/StreamingDataflowPartition_1_MVAU_hls_0/StreamingDataflowPartition_1_MVAU_hls_0/inst/grp_Matrix_Vector_Activate_Stream_Batch_fu_60/flow_control_loop_pipe_sequential_init_U/inputBuf_400_fu_3264[7]_i_3/O
INFO: [Physopt 32-662] Processed net top_i/StreamingDataflowPartition_1/inst/StreamingDataflowPartition_1_MVAU_hls_0/StreamingDataflowPartition_1_MVAU_hls_0/inst/grp_Matrix_Vector_Activate_Stream_Batch_fu_60/flow_control_loop_pipe_sequential_init_U/inputBuf_783_fu_4796[7]_i_7_0[0].  Did not re-place instance top_i/StreamingDataflowPartition_1/inst/StreamingDataflowPartition_1_MVAU_hls_0/StreamingDataflowPartition_1_MVAU_hls_0/inst/grp_Matrix_Vector_Activate_Stream_Batch_fu_60/flow_control_loop_pipe_sequential_init_U/inputBuf_783_fu_4796[7]_i_1/O
INFO: [Physopt 32-662] Processed net top_i/StreamingDataflowPartition_1/inst/StreamingDataflowPartition_1_MVAU_hls_0/StreamingDataflowPartition_1_MVAU_hls_0/inst/grp_Matrix_Vector_Activate_Stream_Batch_fu_60/flow_control_loop_pipe_sequential_init_U/inputBuf_783_fu_4796[7]_i_106_n_3.  Did not re-place instance top_i/StreamingDataflowPartition_1/inst/StreamingDataflowPartition_1_MVAU_hls_0/StreamingDataflowPartition_1_MVAU_hls_0/inst/grp_Matrix_Vector_Activate_Stream_Batch_fu_60/flow_control_loop_pipe_sequential_init_U/inputBuf_783_fu_4796[7]_i_106/O
INFO: [Physopt 32-662] Processed net top_i/StreamingDataflowPartition_1/inst/StreamingDataflowPartition_1_MVAU_hls_0/StreamingDataflowPartition_1_MVAU_hls_0/inst/grp_Matrix_Vector_Activate_Stream_Batch_fu_60/flow_control_loop_pipe_sequential_init_U/inputBuf_783_fu_4796[7]_i_177_n_3.  Did not re-place instance top_i/StreamingDataflowPartition_1/inst/StreamingDataflowPartition_1_MVAU_hls_0/StreamingDataflowPartition_1_MVAU_hls_0/inst/grp_Matrix_Vector_Activate_Stream_Batch_fu_60/flow_control_loop_pipe_sequential_init_U/inputBuf_783_fu_4796[7]_i_177/O
INFO: [Physopt 32-662] Processed net top_i/StreamingDataflowPartition_1/inst/StreamingDataflowPartition_1_MVAU_hls_0/StreamingDataflowPartition_1_MVAU_hls_0/inst/grp_Matrix_Vector_Activate_Stream_Batch_fu_60/flow_control_loop_pipe_sequential_init_U/inputBuf_783_fu_4796[7]_i_6_n_3.  Did not re-place instance top_i/StreamingDataflowPartition_1/inst/StreamingDataflowPartition_1_MVAU_hls_0/StreamingDataflowPartition_1_MVAU_hls_0/inst/grp_Matrix_Vector_Activate_Stream_Batch_fu_60/flow_control_loop_pipe_sequential_init_U/inputBuf_783_fu_4796[7]_i_6/O
INFO: [Physopt 32-662] Processed net top_i/StreamingDataflowPartition_1/inst/StreamingDataflowPartition_1_MVAU_hls_0/StreamingDataflowPartition_1_MVAU_hls_0/inst/grp_Matrix_Vector_Activate_Stream_Batch_fu_60/nf_1_fu_4800_reg_n_3_[15].  Did not re-place instance top_i/StreamingDataflowPartition_1/inst/StreamingDataflowPartition_1_MVAU_hls_0/StreamingDataflowPartition_1_MVAU_hls_0/inst/grp_Matrix_Vector_Activate_Stream_Batch_fu_60/nf_1_fu_4800_reg[15]/Q
INFO: [Physopt 32-662] Processed net top_i/StreamingDataflowPartition_1/inst/StreamingDataflowPartition_1_MVAU_hls_0/StreamingDataflowPartition_1_MVAU_hls_0/inst/grp_Matrix_Vector_Activate_Stream_Batch_fu_60/nf_1_fu_4800_reg_n_3_[22].  Did not re-place instance top_i/StreamingDataflowPartition_1/inst/StreamingDataflowPartition_1_MVAU_hls_0/StreamingDataflowPartition_1_MVAU_hls_0/inst/grp_Matrix_Vector_Activate_Stream_Batch_fu_60/nf_1_fu_4800_reg[22]/Q
INFO: [Physopt 32-662] Processed net top_i/StreamingDataflowPartition_1/inst/StreamingDataflowPartition_1_MVAU_hls_0/StreamingDataflowPartition_1_MVAU_hls_0/inst/grp_Matrix_Vector_Activate_Stream_Batch_fu_60/nf_1_fu_4800_reg_n_3_[23].  Did not re-place instance top_i/StreamingDataflowPartition_1/inst/StreamingDataflowPartition_1_MVAU_hls_0/StreamingDataflowPartition_1_MVAU_hls_0/inst/grp_Matrix_Vector_Activate_Stream_Batch_fu_60/nf_1_fu_4800_reg[23]/Q
INFO: [Physopt 32-662] Processed net top_i/StreamingDataflowPartition_1/inst/StreamingDataflowPartition_1_MVAU_hls_0/StreamingDataflowPartition_1_MVAU_hls_0/inst/grp_Matrix_Vector_Activate_Stream_Batch_fu_60/nf_1_fu_4800_reg_n_3_[24].  Did not re-place instance top_i/StreamingDataflowPartition_1/inst/StreamingDataflowPartition_1_MVAU_hls_0/StreamingDataflowPartition_1_MVAU_hls_0/inst/grp_Matrix_Vector_Activate_Stream_Batch_fu_60/nf_1_fu_4800_reg[24]/Q
INFO: [Physopt 32-662] Processed net top_i/StreamingDataflowPartition_1/inst/StreamingDataflowPartition_1_MVAU_hls_0/StreamingDataflowPartition_1_MVAU_hls_0/inst/grp_Matrix_Vector_Activate_Stream_Batch_fu_60/nf_1_fu_4800_reg_n_3_[2].  Did not re-place instance top_i/StreamingDataflowPartition_1/inst/StreamingDataflowPartition_1_MVAU_hls_0/StreamingDataflowPartition_1_MVAU_hls_0/inst/grp_Matrix_Vector_Activate_Stream_Batch_fu_60/nf_1_fu_4800_reg[2]/Q
INFO: [Physopt 32-662] Processed net top_i/StreamingDataflowPartition_1/inst/StreamingDataflowPartition_1_MVAU_hls_0/StreamingDataflowPartition_1_MVAU_hls_0/inst/grp_Matrix_Vector_Activate_Stream_Batch_fu_60/nf_1_fu_4800_reg_n_3_[3].  Did not re-place instance top_i/StreamingDataflowPartition_1/inst/StreamingDataflowPartition_1_MVAU_hls_0/StreamingDataflowPartition_1_MVAU_hls_0/inst/grp_Matrix_Vector_Activate_Stream_Batch_fu_60/nf_1_fu_4800_reg[3]/Q
INFO: [Physopt 32-662] Processed net top_i/StreamingDataflowPartition_1/inst/StreamingDataflowPartition_1_MVAU_hls_0/StreamingDataflowPartition_1_MVAU_hls_0/inst/grp_Matrix_Vector_Activate_Stream_Batch_fu_60/nf_1_fu_4800_reg_n_3_[4].  Did not re-place instance top_i/StreamingDataflowPartition_1/inst/StreamingDataflowPartition_1_MVAU_hls_0/StreamingDataflowPartition_1_MVAU_hls_0/inst/grp_Matrix_Vector_Activate_Stream_Batch_fu_60/nf_1_fu_4800_reg[4]/Q
INFO: [Physopt 32-662] Processed net top_i/StreamingDataflowPartition_1/inst/StreamingDataflowPartition_1_MVAU_hls_0/StreamingDataflowPartition_1_MVAU_hls_0/inst/grp_Matrix_Vector_Activate_Stream_Batch_fu_60/nf_1_fu_4800_reg_n_3_[21].  Did not re-place instance top_i/StreamingDataflowPartition_1/inst/StreamingDataflowPartition_1_MVAU_hls_0/StreamingDataflowPartition_1_MVAU_hls_0/inst/grp_Matrix_Vector_Activate_Stream_Batch_fu_60/nf_1_fu_4800_reg[21]/Q
INFO: [Physopt 32-662] Processed net top_i/StreamingDataflowPartition_1/inst/StreamingDataflowPartition_1_MVAU_hls_0/StreamingDataflowPartition_1_MVAU_hls_0/inst/grp_Matrix_Vector_Activate_Stream_Batch_fu_60/nf_1_fu_4800_reg_n_3_[26].  Did not re-place instance top_i/StreamingDataflowPartition_1/inst/StreamingDataflowPartition_1_MVAU_hls_0/StreamingDataflowPartition_1_MVAU_hls_0/inst/grp_Matrix_Vector_Activate_Stream_Batch_fu_60/nf_1_fu_4800_reg[26]/Q
INFO: [Physopt 32-662] Processed net top_i/StreamingDataflowPartition_1/inst/StreamingDataflowPartition_1_MVAU_hls_0/StreamingDataflowPartition_1_MVAU_hls_0/inst/grp_Matrix_Vector_Activate_Stream_Batch_fu_60/nf_1_fu_4800_reg_n_3_[28].  Did not re-place instance top_i/StreamingDataflowPartition_1/inst/StreamingDataflowPartition_1_MVAU_hls_0/StreamingDataflowPartition_1_MVAU_hls_0/inst/grp_Matrix_Vector_Activate_Stream_Batch_fu_60/nf_1_fu_4800_reg[28]/Q
INFO: [Physopt 32-662] Processed net top_i/StreamingDataflowPartition_1/inst/StreamingDataflowPartition_1_MVAU_hls_0/StreamingDataflowPartition_1_MVAU_hls_0/inst/grp_Matrix_Vector_Activate_Stream_Batch_fu_60/flow_control_loop_pipe_sequential_init_U/sf_fu_1652[31]_i_5_n_3.  Did not re-place instance top_i/StreamingDataflowPartition_1/inst/StreamingDataflowPartition_1_MVAU_hls_0/StreamingDataflowPartition_1_MVAU_hls_0/inst/grp_Matrix_Vector_Activate_Stream_Batch_fu_60/flow_control_loop_pipe_sequential_init_U/sf_fu_1652[31]_i_5/O
INFO: [Physopt 32-662] Processed net top_i/StreamingDataflowPartition_1/inst/StreamingDataflowPartition_1_MVAU_hls_0/StreamingDataflowPartition_1_MVAU_hls_0/inst/grp_Matrix_Vector_Activate_Stream_Batch_fu_60/flow_control_loop_pipe_sequential_init_U/sf_fu_1652[31]_i_12_n_3.  Did not re-place instance top_i/StreamingDataflowPartition_1/inst/StreamingDataflowPartition_1_MVAU_hls_0/StreamingDataflowPartition_1_MVAU_hls_0/inst/grp_Matrix_Vector_Activate_Stream_Batch_fu_60/flow_control_loop_pipe_sequential_init_U/sf_fu_1652[31]_i_12/O
INFO: [Physopt 32-662] Processed net top_i/StreamingDataflowPartition_1/inst/StreamingDataflowPartition_1_MVAU_hls_0/StreamingDataflowPartition_1_MVAU_hls_0/inst/grp_Matrix_Vector_Activate_Stream_Batch_fu_60/nf_1_fu_4800_reg_n_3_[13].  Did not re-place instance top_i/StreamingDataflowPartition_1/inst/StreamingDataflowPartition_1_MVAU_hls_0/StreamingDataflowPartition_1_MVAU_hls_0/inst/grp_Matrix_Vector_Activate_Stream_Batch_fu_60/nf_1_fu_4800_reg[13]/Q
INFO: [Physopt 32-662] Processed net top_i/StreamingDataflowPartition_1/inst/StreamingDataflowPartition_1_MVAU_hls_0/StreamingDataflowPartition_1_MVAU_hls_0/inst/grp_Matrix_Vector_Activate_Stream_Batch_fu_60/nf_1_fu_4800_reg_n_3_[14].  Did not re-place instance top_i/StreamingDataflowPartition_1/inst/StreamingDataflowPartition_1_MVAU_hls_0/StreamingDataflowPartition_1_MVAU_hls_0/inst/grp_Matrix_Vector_Activate_Stream_Batch_fu_60/nf_1_fu_4800_reg[14]/Q
INFO: [Physopt 32-662] Processed net top_i/StreamingDataflowPartition_1/inst/StreamingDataflowPartition_1_MVAU_hls_0/StreamingDataflowPartition_1_MVAU_hls_0/inst/grp_Matrix_Vector_Activate_Stream_Batch_fu_60/nf_1_fu_4800_reg_n_3_[29].  Did not re-place instance top_i/StreamingDataflowPartition_1/inst/StreamingDataflowPartition_1_MVAU_hls_0/StreamingDataflowPartition_1_MVAU_hls_0/inst/grp_Matrix_Vector_Activate_Stream_Batch_fu_60/nf_1_fu_4800_reg[29]/Q
INFO: [Physopt 32-662] Processed net top_i/StreamingDataflowPartition_1/inst/StreamingDataflowPartition_1_MVAU_hls_0/StreamingDataflowPartition_1_MVAU_hls_0/inst/grp_Matrix_Vector_Activate_Stream_Batch_fu_60/nf_1_fu_4800_reg_n_3_[30].  Did not re-place instance top_i/StreamingDataflowPartition_1/inst/StreamingDataflowPartition_1_MVAU_hls_0/StreamingDataflowPartition_1_MVAU_hls_0/inst/grp_Matrix_Vector_Activate_Stream_Batch_fu_60/nf_1_fu_4800_reg[30]/Q
INFO: [Physopt 32-662] Processed net top_i/StreamingDataflowPartition_1/inst/StreamingDataflowPartition_1_MVAU_hls_0/StreamingDataflowPartition_1_MVAU_hls_0/inst/grp_Matrix_Vector_Activate_Stream_Batch_fu_60/nf_1_fu_4800_reg_n_3_[31].  Did not re-place instance top_i/StreamingDataflowPartition_1/inst/StreamingDataflowPartition_1_MVAU_hls_0/StreamingDataflowPartition_1_MVAU_hls_0/inst/grp_Matrix_Vector_Activate_Stream_Batch_fu_60/nf_1_fu_4800_reg[31]/Q
INFO: [Physopt 32-662] Processed net top_i/StreamingDataflowPartition_1/inst/StreamingDataflowPartition_1_MVAU_hls_0/StreamingDataflowPartition_1_MVAU_hls_0/inst/grp_Matrix_Vector_Activate_Stream_Batch_fu_60/flow_control_loop_pipe_sequential_init_U/sf_fu_1652[31]_i_7_n_3.  Did not re-place instance top_i/StreamingDataflowPartition_1/inst/StreamingDataflowPartition_1_MVAU_hls_0/StreamingDataflowPartition_1_MVAU_hls_0/inst/grp_Matrix_Vector_Activate_Stream_Batch_fu_60/flow_control_loop_pipe_sequential_init_U/sf_fu_1652[31]_i_7/O
INFO: [Physopt 32-662] Processed net top_i/StreamingDataflowPartition_1/inst/StreamingDataflowPartition_1_MVAU_hls_0/StreamingDataflowPartition_1_MVAU_hls_0/inst/grp_Matrix_Vector_Activate_Stream_Batch_fu_60/flow_control_loop_pipe_sequential_init_U/sf_fu_1652[31]_i_14_n_3.  Did not re-place instance top_i/StreamingDataflowPartition_1/inst/StreamingDataflowPartition_1_MVAU_hls_0/StreamingDataflowPartition_1_MVAU_hls_0/inst/grp_Matrix_Vector_Activate_Stream_Batch_fu_60/flow_control_loop_pipe_sequential_init_U/sf_fu_1652[31]_i_14/O
INFO: [Physopt 32-662] Processed net top_i/StreamingDataflowPartition_1/inst/StreamingDataflowPartition_1_MVAU_hls_0/StreamingDataflowPartition_1_MVAU_hls_0/inst/grp_Matrix_Vector_Activate_Stream_Batch_fu_60/sparsemux_1569_10_8_1_1_U1/D[6].  Did not re-place instance top_i/StreamingDataflowPartition_1/inst/StreamingDataflowPartition_1_MVAU_hls_0/StreamingDataflowPartition_1_MVAU_hls_0/inst/grp_Matrix_Vector_Activate_Stream_Batch_fu_60/sparsemux_1569_10_8_1_1_U1/tmp_reg_19741[6]_i_1/O
INFO: [Physopt 32-662] Processed net top_i/StreamingDataflowPartition_1/inst/StreamingDataflowPartition_1_MVAU_hls_0/StreamingDataflowPartition_1_MVAU_hls_0/inst/grp_Matrix_Vector_Activate_Stream_Batch_fu_60/sparsemux_1569_10_8_1_1_U1/D[0].  Did not re-place instance top_i/StreamingDataflowPartition_1/inst/StreamingDataflowPartition_1_MVAU_hls_0/StreamingDataflowPartition_1_MVAU_hls_0/inst/grp_Matrix_Vector_Activate_Stream_Batch_fu_60/sparsemux_1569_10_8_1_1_U1/tmp_reg_19741[0]_i_1/O
INFO: [Physopt 32-662] Processed net top_i/StreamingDataflowPartition_1/inst/StreamingDataflowPartition_1_MVAU_hls_0/StreamingDataflowPartition_1_MVAU_hls_0/inst/grp_Matrix_Vector_Activate_Stream_Batch_fu_60/sparsemux_1569_10_8_1_1_U1/D[2].  Did not re-place instance top_i/StreamingDataflowPartition_1/inst/StreamingDataflowPartition_1_MVAU_hls_0/StreamingDataflowPartition_1_MVAU_hls_0/inst/grp_Matrix_Vector_Activate_Stream_Batch_fu_60/sparsemux_1569_10_8_1_1_U1/tmp_reg_19741[2]_i_1/O
INFO: [Physopt 32-662] Processed net top_i/StreamingDataflowPartition_1/inst/StreamingDataflowPartition_1_MVAU_hls_0/StreamingDataflowPartition_1_MVAU_hls_0/inst/grp_Matrix_Vector_Activate_Stream_Batch_fu_60/flow_control_loop_pipe_sequential_init_U/inputBuf_783_fu_4796[7]_i_104_n_3.  Did not re-place instance top_i/StreamingDataflowPartition_1/inst/StreamingDataflowPartition_1_MVAU_hls_0/StreamingDataflowPartition_1_MVAU_hls_0/inst/grp_Matrix_Vector_Activate_Stream_Batch_fu_60/flow_control_loop_pipe_sequential_init_U/inputBuf_783_fu_4796[7]_i_104/O
INFO: [Physopt 32-662] Processed net top_i/StreamingDataflowPartition_1/inst/StreamingDataflowPartition_1_MVAU_hls_0/StreamingDataflowPartition_1_MVAU_hls_0/inst/grp_Matrix_Vector_Activate_Stream_Batch_fu_60/flow_control_loop_pipe_sequential_init_U/sf_fu_1652[31]_i_6_n_3.  Did not re-place instance top_i/StreamingDataflowPartition_1/inst/StreamingDataflowPartition_1_MVAU_hls_0/StreamingDataflowPartition_1_MVAU_hls_0/inst/grp_Matrix_Vector_Activate_Stream_Batch_fu_60/flow_control_loop_pipe_sequential_init_U/sf_fu_1652[31]_i_6/O
INFO: [Physopt 32-662] Processed net top_i/StreamingDataflowPartition_1/inst/StreamingDataflowPartition_1_MVAU_hls_0/StreamingDataflowPartition_1_MVAU_hls_0/inst/grp_Matrix_Vector_Activate_Stream_Batch_fu_60/flow_control_loop_pipe_sequential_init_U/sf_fu_1652[31]_i_13_n_3.  Did not re-place instance top_i/StreamingDataflowPartition_1/inst/StreamingDataflowPartition_1_MVAU_hls_0/StreamingDataflowPartition_1_MVAU_hls_0/inst/grp_Matrix_Vector_Activate_Stream_Batch_fu_60/flow_control_loop_pipe_sequential_init_U/sf_fu_1652[31]_i_13/O
INFO: [Physopt 32-662] Processed net top_i/StreamingDataflowPartition_1/inst/StreamingDataflowPartition_1_MVAU_hls_0/StreamingDataflowPartition_1_MVAU_hls_0/inst/grp_Matrix_Vector_Activate_Stream_Batch_fu_60/flow_control_loop_pipe_sequential_init_U/inputBuf_783_fu_4796[7]_i_10_n_3.  Did not re-place instance top_i/StreamingDataflowPartition_1/inst/StreamingDataflowPartition_1_MVAU_hls_0/StreamingDataflowPartition_1_MVAU_hls_0/inst/grp_Matrix_Vector_Activate_Stream_Batch_fu_60/flow_control_loop_pipe_sequential_init_U/inputBuf_783_fu_4796[7]_i_10/O
INFO: [Physopt 32-662] Processed net top_i/StreamingDataflowPartition_1/inst/StreamingDataflowPartition_1_MVAU_hls_0/StreamingDataflowPartition_1_MVAU_hls_0/inst/grp_Matrix_Vector_Activate_Stream_Batch_fu_60/flow_control_loop_pipe_sequential_init_U/inputBuf_783_fu_4796[7]_i_2_n_3.  Did not re-place instance top_i/StreamingDataflowPartition_1/inst/StreamingDataflowPartition_1_MVAU_hls_0/StreamingDataflowPartition_1_MVAU_hls_0/inst/grp_Matrix_Vector_Activate_Stream_Batch_fu_60/flow_control_loop_pipe_sequential_init_U/inputBuf_783_fu_4796[7]_i_2/O
INFO: [Physopt 32-662] Processed net top_i/StreamingDataflowPartition_1/inst/StreamingDataflowPartition_1_MVAU_hls_0/StreamingDataflowPartition_1_MVAU_hls_0/inst/grp_Matrix_Vector_Activate_Stream_Batch_fu_60/flow_control_loop_pipe_sequential_init_U/inputBuf_783_fu_4796[7]_i_51_n_3.  Did not re-place instance top_i/StreamingDataflowPartition_1/inst/StreamingDataflowPartition_1_MVAU_hls_0/StreamingDataflowPartition_1_MVAU_hls_0/inst/grp_Matrix_Vector_Activate_Stream_Batch_fu_60/flow_control_loop_pipe_sequential_init_U/inputBuf_783_fu_4796[7]_i_51/O
INFO: [Physopt 32-662] Processed net top_i/StreamingDataflowPartition_1/inst/StreamingDataflowPartition_1_MVAU_hls_0/StreamingDataflowPartition_1_MVAU_hls_0/inst/grp_Matrix_Vector_Activate_Stream_Batch_fu_60/flow_control_loop_pipe_sequential_init_U/inputBuf_783_fu_4796[7]_i_67_n_3_repN.  Did not re-place instance top_i/StreamingDataflowPartition_1/inst/StreamingDataflowPartition_1_MVAU_hls_0/StreamingDataflowPartition_1_MVAU_hls_0/inst/grp_Matrix_Vector_Activate_Stream_Batch_fu_60/flow_control_loop_pipe_sequential_init_U/inputBuf_783_fu_4796[7]_i_67_replica/O
INFO: [Physopt 32-662] Processed net top_i/StreamingDataflowPartition_1/inst/StreamingDataflowPartition_1_MVAU_hls_0/StreamingDataflowPartition_1_MVAU_hls_0/inst/grp_Matrix_Vector_Activate_Stream_Batch_fu_60/flow_control_loop_pipe_sequential_init_U/inputBuf_783_fu_4796[7]_i_39_n_3.  Did not re-place instance top_i/StreamingDataflowPartition_1/inst/StreamingDataflowPartition_1_MVAU_hls_0/StreamingDataflowPartition_1_MVAU_hls_0/inst/grp_Matrix_Vector_Activate_Stream_Batch_fu_60/flow_control_loop_pipe_sequential_init_U/inputBuf_783_fu_4796[7]_i_39/O
INFO: [Physopt 32-662] Processed net top_i/StreamingDataflowPartition_1/inst/StreamingDataflowPartition_1_MVAU_hls_0/StreamingDataflowPartition_1_MVAU_hls_0/inst/grp_Matrix_Vector_Activate_Stream_Batch_fu_60/flow_control_loop_pipe_sequential_init_U/inputBuf_783_fu_4796[7]_i_7_n_3.  Did not re-place instance top_i/StreamingDataflowPartition_1/inst/StreamingDataflowPartition_1_MVAU_hls_0/StreamingDataflowPartition_1_MVAU_hls_0/inst/grp_Matrix_Vector_Activate_Stream_Batch_fu_60/flow_control_loop_pipe_sequential_init_U/inputBuf_783_fu_4796[7]_i_7/O
INFO: [Physopt 32-662] Processed net top_i/StreamingDataflowPartition_1/inst/StreamingDataflowPartition_1_MVAU_hls_0/StreamingDataflowPartition_1_MVAU_hls_0/inst/grp_Matrix_Vector_Activate_Stream_Batch_fu_60/flow_control_loop_pipe_sequential_init_U/inputBuf_fu_1664[7]_i_7_n_3.  Did not re-place instance top_i/StreamingDataflowPartition_1/inst/StreamingDataflowPartition_1_MVAU_hls_0/StreamingDataflowPartition_1_MVAU_hls_0/inst/grp_Matrix_Vector_Activate_Stream_Batch_fu_60/flow_control_loop_pipe_sequential_init_U/inputBuf_fu_1664[7]_i_7/O
INFO: [Physopt 32-662] Processed net top_i/StreamingDataflowPartition_1/inst/StreamingDataflowPartition_1_MVAU_hls_0/StreamingDataflowPartition_1_MVAU_hls_0/inst/grp_Matrix_Vector_Activate_Stream_Batch_fu_60/flow_control_loop_pipe_sequential_init_U/inputBuf_783_fu_4796[7]_i_136_n_3.  Did not re-place instance top_i/StreamingDataflowPartition_1/inst/StreamingDataflowPartition_1_MVAU_hls_0/StreamingDataflowPartition_1_MVAU_hls_0/inst/grp_Matrix_Vector_Activate_Stream_Batch_fu_60/flow_control_loop_pipe_sequential_init_U/inputBuf_783_fu_4796[7]_i_136/O
INFO: [Physopt 32-662] Processed net top_i/StreamingDataflowPartition_1/inst/StreamingDataflowPartition_1_MVAU_hls_0/StreamingDataflowPartition_1_MVAU_hls_0/inst/grp_Matrix_Vector_Activate_Stream_Batch_fu_60/flow_control_loop_pipe_sequential_init_U/inputBuf_783_fu_4796[7]_i_203_n_3.  Did not re-place instance top_i/StreamingDataflowPartition_1/inst/StreamingDataflowPartition_1_MVAU_hls_0/StreamingDataflowPartition_1_MVAU_hls_0/inst/grp_Matrix_Vector_Activate_Stream_Batch_fu_60/flow_control_loop_pipe_sequential_init_U/inputBuf_783_fu_4796[7]_i_203/O
INFO: [Physopt 32-662] Processed net top_i/StreamingDataflowPartition_1/inst/StreamingDataflowPartition_1_MVAU_hls_0/StreamingDataflowPartition_1_MVAU_hls_0/inst/grp_Matrix_Vector_Activate_Stream_Batch_fu_60/sparsemux_1569_10_8_1_1_U1/D[4].  Did not re-place instance top_i/StreamingDataflowPartition_1/inst/StreamingDataflowPartition_1_MVAU_hls_0/StreamingDataflowPartition_1_MVAU_hls_0/inst/grp_Matrix_Vector_Activate_Stream_Batch_fu_60/sparsemux_1569_10_8_1_1_U1/tmp_reg_19741[4]_i_1/O
INFO: [Physopt 32-662] Processed net top_i/StreamingDataflowPartition_1/inst/StreamingDataflowPartition_1_MVAU_hls_0/StreamingDataflowPartition_1_MVAU_hls_0/inst/grp_Matrix_Vector_Activate_Stream_Batch_fu_60/flow_control_loop_pipe_sequential_init_U/inputBuf_368_fu_3136[7]_i_2_n_3.  Did not re-place instance top_i/StreamingDataflowPartition_1/inst/StreamingDataflowPartition_1_MVAU_hls_0/StreamingDataflowPartition_1_MVAU_hls_0/inst/grp_Matrix_Vector_Activate_Stream_Batch_fu_60/flow_control_loop_pipe_sequential_init_U/inputBuf_368_fu_3136[7]_i_2/O
INFO: [Physopt 32-662] Processed net top_i/StreamingDataflowPartition_1/inst/StreamingDataflowPartition_1_MVAU_hls_0/StreamingDataflowPartition_1_MVAU_hls_0/inst/grp_Matrix_Vector_Activate_Stream_Batch_fu_60/flow_control_loop_pipe_sequential_init_U/inputBuf_783_fu_4796[7]_i_14_n_3.  Did not re-place instance top_i/StreamingDataflowPartition_1/inst/StreamingDataflowPartition_1_MVAU_hls_0/StreamingDataflowPartition_1_MVAU_hls_0/inst/grp_Matrix_Vector_Activate_Stream_Batch_fu_60/flow_control_loop_pipe_sequential_init_U/inputBuf_783_fu_4796[7]_i_14/O
INFO: [Physopt 32-662] Processed net top_i/StreamingDataflowPartition_1/inst/StreamingDataflowPartition_1_MVAU_hls_0/StreamingDataflowPartition_1_MVAU_hls_0/inst/grp_Matrix_Vector_Activate_Stream_Batch_fu_60/flow_control_loop_pipe_sequential_init_U/inputBuf_783_fu_4796[7]_i_9_n_3.  Did not re-place instance top_i/StreamingDataflowPartition_1/inst/StreamingDataflowPartition_1_MVAU_hls_0/StreamingDataflowPartition_1_MVAU_hls_0/inst/grp_Matrix_Vector_Activate_Stream_Batch_fu_60/flow_control_loop_pipe_sequential_init_U/inputBuf_783_fu_4796[7]_i_9/O
INFO: [Physopt 32-661] Optimized 8 nets.  Re-placed 16 instances.
INFO: [Physopt 32-775] End 1 Pass. Optimized 8 nets or cells. Created 0 new cell, deleted 0 existing cell and moved 16 existing cells
INFO: [Physopt 32-619] Estimated Timing Summary | WNS=-1.851 | TNS=-7864.969 |
Netlist sorting complete. Time (s): cpu = 00:00:00.06 ; elapsed = 00:00:00.02 . Memory (MB): peak = 3620.988 ; gain = 0.000 ; free physical = 3256 ; free virtual = 12075
Phase 10 Multi Cell Placement Optimization | Checksum: 25a3bc8e0

Time (s): cpu = 00:24:19 ; elapsed = 00:05:43 . Memory (MB): peak = 3620.988 ; gain = 0.000 ; free physical = 3221 ; free virtual = 12079

Phase 11 Rewire
INFO: [Physopt 32-246] Starting Signal Push optimization...
INFO: [Physopt 32-77] Pass 1. Identified 15 candidate nets for rewire optimization.
INFO: [Physopt 32-242] Processed net top_i/StreamingDataflowPartition_1/inst/StreamingDataflowPartition_1_MVAU_hls_0/StreamingDataflowPartition_1_MVAU_hls_0/inst/grp_Matrix_Vector_Activate_Stream_Batch_fu_60/flow_control_loop_pipe_sequential_init_U/inputBuf_160_fu_2304[7]_i_2_n_3. Rewired (signal push) top_i/StreamingDataflowPartition_1/inst/StreamingDataflowPartition_1_MVAU_hls_0/StreamingDataflowPartition_1_MVAU_hls_0/inst/grp_Matrix_Vector_Activate_Stream_Batch_fu_60/flow_control_loop_pipe_sequential_init_U/inputBuf_fu_1664[7]_i_5_n_3 to 1 loads. Replicated 0 times.
INFO: [Physopt 32-134] Processed net top_i/StreamingDataflowPartition_1/inst/StreamingDataflowPartition_1_MVAU_hls_1/StreamingDataflowPartition_1_MVAU_hls_1/inst/grp_Matrix_Vector_Activate_Stream_Batch_fu_60/flow_control_loop_pipe_sequential_init_U/nf_1_fu_1630[31]_i_3_n_3. Rewiring did not optimize the net.
INFO: [Physopt 32-134] Processed net top_i/StreamingDataflowPartition_1/inst/StreamingDataflowPartition_1_MVAU_hls_0/StreamingDataflowPartition_1_MVAU_hls_0/inst/grp_Matrix_Vector_Activate_Stream_Batch_fu_60/flow_control_loop_pipe_sequential_init_U/inputBuf_400_fu_3264[7]_i_2_n_3_repN. Rewiring did not optimize the net.
INFO: [Physopt 32-134] Processed net top_i/StreamingDataflowPartition_1/inst/StreamingDataflowPartition_1_MVAU_hls_0/StreamingDataflowPartition_1_MVAU_hls_0/inst/grp_Matrix_Vector_Activate_Stream_Batch_fu_60/flow_control_loop_pipe_sequential_init_U/inputBuf_196_fu_2448[7]_i_2_n_3. Rewiring did not optimize the net.
INFO: [Physopt 32-134] Processed net top_i/StreamingDataflowPartition_1/inst/StreamingDataflowPartition_1_MVAU_hls_0/StreamingDataflowPartition_1_MVAU_hls_0/inst/grp_Matrix_Vector_Activate_Stream_Batch_fu_60/flow_control_loop_pipe_sequential_init_U/inputBuf_192_fu_2432[7]_i_3_n_3. Rewiring did not optimize the net.
INFO: [Physopt 32-134] Processed net top_i/StreamingDataflowPartition_1/inst/StreamingDataflowPartition_1_MVAU_hls_0/StreamingDataflowPartition_1_MVAU_hls_0/inst/grp_Matrix_Vector_Activate_Stream_Batch_fu_60/flow_control_loop_pipe_sequential_init_U/sf_fu_1652_reg[9][7]. Rewiring did not optimize the net.
INFO: [Physopt 32-242] Processed net top_i/StreamingDataflowPartition_1/inst/StreamingDataflowPartition_1_MVAU_hls_0/StreamingDataflowPartition_1_MVAU_hls_0/inst/grp_Matrix_Vector_Activate_Stream_Batch_fu_60/flow_control_loop_pipe_sequential_init_U/inputBuf_208_fu_2496[7]_i_2_n_3. Rewired (signal push) top_i/StreamingDataflowPartition_1/inst/StreamingDataflowPartition_1_MVAU_hls_0/StreamingDataflowPartition_1_MVAU_hls_0/inst/grp_Matrix_Vector_Activate_Stream_Batch_fu_60/flow_control_loop_pipe_sequential_init_U/inputBuf_fu_1664[7]_i_5_n_3 to 2 loads. Replicated 1 times.
INFO: [Physopt 32-134] Processed net top_i/StreamingDataflowPartition_1/inst/StreamingDataflowPartition_1_MVAU_hls_0/StreamingDataflowPartition_1_MVAU_hls_0/inst/grp_Matrix_Vector_Activate_Stream_Batch_fu_60/flow_control_loop_pipe_sequential_init_U/inputBuf_536_fu_3808[7]_i_2_n_3. Rewiring did not optimize the net.
INFO: [Physopt 32-134] Processed net top_i/StreamingDataflowPartition_1/inst/StreamingDataflowPartition_1_MVAU_hls_0/StreamingDataflowPartition_1_MVAU_hls_0/inst/grp_Matrix_Vector_Activate_Stream_Batch_fu_60/flow_control_loop_pipe_sequential_init_U/nf_1_fu_4800[31]_i_7_n_3. Rewiring did not optimize the net.
INFO: [Physopt 32-134] Processed net top_i/StreamingDataflowPartition_1/inst/StreamingDataflowPartition_1_MVAU_hls_0/StreamingDataflowPartition_1_MVAU_hls_0/inst/grp_Matrix_Vector_Activate_Stream_Batch_fu_60/flow_control_loop_pipe_sequential_init_U/nf_1_fu_4800[31]_i_12_n_3. Rewiring did not optimize the net.
INFO: [Physopt 32-134] Processed net top_i/StreamingDataflowPartition_1/inst/StreamingDataflowPartition_1_MVAU_hls_0/StreamingDataflowPartition_1_MVAU_hls_0/inst/grp_Matrix_Vector_Activate_Stream_Batch_fu_60/flow_control_loop_pipe_sequential_init_U/nf_1_fu_4800[31]_i_8_n_3. Rewiring did not optimize the net.
INFO: [Physopt 32-242] Processed net top_i/StreamingDataflowPartition_1/inst/StreamingDataflowPartition_1_MVAU_hls_0/StreamingDataflowPartition_1_MVAU_hls_0/inst/grp_Matrix_Vector_Activate_Stream_Batch_fu_60/flow_control_loop_pipe_sequential_init_U/inputBuf_783_fu_4796[7]_i_223_n_3. Rewired (signal push) top_i/StreamingDataflowPartition_1/inst/StreamingDataflowPartition_1_MVAU_hls_0/StreamingDataflowPartition_1_MVAU_hls_0/inst/grp_Matrix_Vector_Activate_Stream_Batch_fu_60/flow_control_loop_pipe_sequential_init_U/Q[9] to 5 loads. Replicated 0 times.
INFO: [Physopt 32-134] Processed net top_i/StreamingDataflowPartition_1/inst/StreamingDataflowPartition_1_MVAU_hls_2/StreamingDataflowPartition_1_MVAU_hls_2/inst/grp_Matrix_Vector_Activate_Stream_Batch_fu_60/flow_control_loop_pipe_sequential_init_U/nf_1_fu_1632[31]_i_3_n_3. Rewiring did not optimize the net.
INFO: [Physopt 32-134] Processed net top_i/StreamingDataflowPartition_1/inst/StreamingDataflowPartition_1_MVAU_hls_2/StreamingDataflowPartition_1_MVAU_hls_2/inst/grp_Matrix_Vector_Activate_Stream_Batch_fu_60/flow_control_loop_pipe_sequential_init_U/sf_fu_596[31]_i_7_n_3. Rewiring did not optimize the net.
INFO: [Physopt 32-134] Processed net top_i/StreamingDataflowPartition_1/inst/StreamingDataflowPartition_1_MVAU_hls_0/StreamingDataflowPartition_1_MVAU_hls_0/inst/grp_Matrix_Vector_Activate_Stream_Batch_fu_60/flow_control_loop_pipe_sequential_init_U/inputBuf_752_fu_4672[7]_i_3_n_3. Rewiring did not optimize the net.
INFO: [Physopt 32-232] Optimized 3 nets. Created 1 new instance.
INFO: [Physopt 32-775] End 1 Pass. Optimized 3 nets or cells. Created 1 new cell, deleted 0 existing cell and moved 0 existing cell
Netlist sorting complete. Time (s): cpu = 00:00:00.12 ; elapsed = 00:00:00.12 . Memory (MB): peak = 3620.988 ; gain = 0.000 ; free physical = 3204 ; free virtual = 12065
INFO: [Physopt 32-619] Estimated Timing Summary | WNS=-1.851 | TNS=-7864.969 |
Netlist sorting complete. Time (s): cpu = 00:00:00.02 ; elapsed = 00:00:00.02 . Memory (MB): peak = 3620.988 ; gain = 0.000 ; free physical = 3208 ; free virtual = 12069
Phase 11 Rewire | Checksum: 22f38171b

Time (s): cpu = 00:24:43 ; elapsed = 00:05:52 . Memory (MB): peak = 3620.988 ; gain = 0.000 ; free physical = 3194 ; free virtual = 12087

Phase 12 Critical Cell Optimization
INFO: [Physopt 32-46] Identified 30 candidate nets for critical-cell optimization.
INFO: [Physopt 32-572] Net top_i/StreamingDataflowPartition_1/inst/StreamingDataflowPartition_1_MVAU_hls_0/StreamingDataflowPartition_1_MVAU_hls_0/inst/grp_Matrix_Vector_Activate_Stream_Batch_fu_60/nf_1_fu_4800_reg_n_3_[1] was not replicated.
Resolution: phys_opt_design can be forced to replicate a net driver using the option -force_replication_on_nets <list of net objects>.
INFO: [Physopt 32-572] Net top_i/StreamingDataflowPartition_1/inst/StreamingDataflowPartition_1_MVAU_hls_0/StreamingDataflowPartition_1_MVAU_hls_0/inst/grp_Matrix_Vector_Activate_Stream_Batch_fu_60/nf_1_fu_4800_reg_n_3_[5] was not replicated.
Resolution: phys_opt_design can be forced to replicate a net driver using the option -force_replication_on_nets <list of net objects>.
INFO: [Physopt 32-572] Net top_i/StreamingDataflowPartition_1/inst/StreamingDataflowPartition_1_MVAU_hls_0/StreamingDataflowPartition_1_MVAU_hls_0/inst/grp_Matrix_Vector_Activate_Stream_Batch_fu_60/nf_1_fu_4800_reg_n_3_[7] was not replicated.
Resolution: phys_opt_design can be forced to replicate a net driver using the option -force_replication_on_nets <list of net objects>.
INFO: [Physopt 32-81] Processed net top_i/StreamingDataflowPartition_1/inst/StreamingDataflowPartition_1_MVAU_hls_0/StreamingDataflowPartition_1_MVAU_hls_0/inst/grp_Matrix_Vector_Activate_Stream_Batch_fu_60/flow_control_loop_pipe_sequential_init_U/inputBuf_644_fu_4240[7]_i_2_n_3. Replicated 3 times.
INFO: [Physopt 32-572] Net top_i/StreamingDataflowPartition_1/inst/StreamingDataflowPartition_1_MVAU_hls_0/StreamingDataflowPartition_1_MVAU_hls_0/inst/grp_Matrix_Vector_Activate_Stream_Batch_fu_60/flow_control_loop_pipe_sequential_init_U/inputBuf_783_fu_4796[7]_i_7_0[0] was not replicated.
Resolution: phys_opt_design can be forced to replicate a net driver using the option -force_replication_on_nets <list of net objects>.
INFO: [Physopt 32-572] Net top_i/StreamingDataflowPartition_1/inst/StreamingDataflowPartition_1_MVAU_hls_0/StreamingDataflowPartition_1_MVAU_hls_0/inst/grp_Matrix_Vector_Activate_Stream_Batch_fu_60/flow_control_loop_pipe_sequential_init_U/inputBuf_368_fu_3136[7]_i_2_n_3 was not replicated.
Resolution: phys_opt_design can be forced to replicate a net driver using the option -force_replication_on_nets <list of net objects>.
INFO: [Physopt 32-572] Net top_i/StreamingDataflowPartition_1/inst/StreamingDataflowPartition_1_MVAU_hls_0/StreamingDataflowPartition_1_MVAU_hls_0/inst/grp_Matrix_Vector_Activate_Stream_Batch_fu_60/flow_control_loop_pipe_sequential_init_U/inputBuf_783_fu_4796[7]_i_14_n_3 was not replicated.
Resolution: phys_opt_design can be forced to replicate a net driver using the option -force_replication_on_nets <list of net objects>.
INFO: [Physopt 32-81] Processed net top_i/StreamingDataflowPartition_1/inst/StreamingDataflowPartition_1_MVAU_hls_0/StreamingDataflowPartition_1_MVAU_hls_0/inst/grp_Matrix_Vector_Activate_Stream_Batch_fu_60/flow_control_loop_pipe_sequential_init_U/inputBuf_412_fu_3312[7]_i_2_n_3. Replicated 1 times.
INFO: [Physopt 32-81] Processed net top_i/StreamingDataflowPartition_1/inst/StreamingDataflowPartition_1_MVAU_hls_0/StreamingDataflowPartition_1_MVAU_hls_0/inst/grp_Matrix_Vector_Activate_Stream_Batch_fu_60/flow_control_loop_pipe_sequential_init_U/inputBuf_188_fu_2416[7]_i_2_n_3. Replicated 3 times.
INFO: [Physopt 32-572] Net top_i/StreamingDataflowPartition_1/inst/StreamingDataflowPartition_1_MVAU_hls_1/StreamingDataflowPartition_1_MVAU_hls_1/inst/grp_Matrix_Vector_Activate_Stream_Batch_fu_60/nf_1_fu_1630_reg_n_3_[0] was not replicated.
Resolution: phys_opt_design can be forced to replicate a net driver using the option -force_replication_on_nets <list of net objects>.
INFO: [Physopt 32-572] Net top_i/StreamingDataflowPartition_1/inst/StreamingDataflowPartition_1_MVAU_hls_1/StreamingDataflowPartition_1_MVAU_hls_1/inst/grp_Matrix_Vector_Activate_Stream_Batch_fu_60/flow_control_loop_pipe_sequential_init_U/nf_1_fu_1630_reg[7][0] was not replicated.
Resolution: phys_opt_design can be forced to replicate a net driver using the option -force_replication_on_nets <list of net objects>.
INFO: [Physopt 32-572] Net top_i/StreamingDataflowPartition_1/inst/StreamingDataflowPartition_1_MVAU_hls_0/StreamingDataflowPartition_1_MVAU_hls_0/inst/grp_Matrix_Vector_Activate_Stream_Batch_fu_60/flow_control_loop_pipe_sequential_init_U/inputBuf_196_fu_2448[7]_i_2_n_3 was not replicated.
Resolution: phys_opt_design can be forced to replicate a net driver using the option -force_replication_on_nets <list of net objects>.
INFO: [Physopt 32-81] Processed net top_i/StreamingDataflowPartition_1/inst/StreamingDataflowPartition_1_MVAU_hls_0/StreamingDataflowPartition_1_MVAU_hls_0/inst/grp_Matrix_Vector_Activate_Stream_Batch_fu_60/flow_control_loop_pipe_sequential_init_U/inputBuf_192_fu_2432[7]_i_3_n_3. Replicated 1 times.
INFO: [Physopt 32-81] Processed net top_i/StreamingDataflowPartition_1/inst/StreamingDataflowPartition_1_MVAU_hls_0/StreamingDataflowPartition_1_MVAU_hls_0/inst/grp_Matrix_Vector_Activate_Stream_Batch_fu_60/flow_control_loop_pipe_sequential_init_U/inputBuf_496_fu_3648[7]_i_2_n_3. Replicated 2 times.
INFO: [Physopt 32-572] Net top_i/StreamingDataflowPartition_1/inst/StreamingDataflowPartition_1_MVAU_hls_0/StreamingDataflowPartition_1_MVAU_hls_0/inst/grp_Matrix_Vector_Activate_Stream_Batch_fu_60/flow_control_loop_pipe_sequential_init_U/inputBuf_783_fu_4796[7]_i_77_n_3 was not replicated.
Resolution: phys_opt_design can be forced to replicate a net driver using the option -force_replication_on_nets <list of net objects>.
INFO: [Physopt 32-572] Net top_i/StreamingDataflowPartition_1/inst/StreamingDataflowPartition_1_MVAU_hls_0/StreamingDataflowPartition_1_MVAU_hls_0/inst/grp_Matrix_Vector_Activate_Stream_Batch_fu_60/flow_control_loop_pipe_sequential_init_U/inputBuf_536_fu_3808[7]_i_2_n_3 was not replicated.
Resolution: phys_opt_design can be forced to replicate a net driver using the option -force_replication_on_nets <list of net objects>.
INFO: [Physopt 32-81] Processed net top_i/StreamingDataflowPartition_1/inst/StreamingDataflowPartition_1_MVAU_hls_0/StreamingDataflowPartition_1_MVAU_hls_0/inst/grp_Matrix_Vector_Activate_Stream_Batch_fu_60/flow_control_loop_pipe_sequential_init_U/inputBuf_400_fu_3264[7]_i_3_n_3. Replicated 1 times.
INFO: [Physopt 32-601] Processed net top_i/StreamingDataflowPartition_1/inst/StreamingDataflowPartition_1_MVAU_hls_0/StreamingDataflowPartition_1_MVAU_hls_0/inst/grp_Matrix_Vector_Activate_Stream_Batch_fu_60/flow_control_loop_pipe_sequential_init_U/inputBuf_783_fu_4796[7]_i_160_n_3. Net driver top_i/StreamingDataflowPartition_1/inst/StreamingDataflowPartition_1_MVAU_hls_0/StreamingDataflowPartition_1_MVAU_hls_0/inst/grp_Matrix_Vector_Activate_Stream_Batch_fu_60/flow_control_loop_pipe_sequential_init_U/inputBuf_783_fu_4796[7]_i_160 was replaced.
INFO: [Physopt 32-601] Processed net top_i/StreamingDataflowPartition_1/inst/StreamingDataflowPartition_1_MVAU_hls_0/StreamingDataflowPartition_1_MVAU_hls_0/inst/grp_Matrix_Vector_Activate_Stream_Batch_fu_60/flow_control_loop_pipe_sequential_init_U/inputBuf_68_fu_1936[7]_i_4_n_3_repN. Net driver top_i/StreamingDataflowPartition_1/inst/StreamingDataflowPartition_1_MVAU_hls_0/StreamingDataflowPartition_1_MVAU_hls_0/inst/grp_Matrix_Vector_Activate_Stream_Batch_fu_60/flow_control_loop_pipe_sequential_init_U/inputBuf_68_fu_1936[7]_i_4_replica was replaced.
INFO: [Physopt 32-572] Net top_i/StreamingDataflowPartition_1/inst/StreamingDataflowPartition_1_MVAU_hls_0/StreamingDataflowPartition_1_MVAU_hls_0/inst/grp_Matrix_Vector_Activate_Stream_Batch_fu_60/flow_control_loop_pipe_sequential_init_U/inputBuf_164_fu_2320[7]_i_3_n_3 was not replicated.
Resolution: phys_opt_design can be forced to replicate a net driver using the option -force_replication_on_nets <list of net objects>.
INFO: [Physopt 32-81] Processed net top_i/StreamingDataflowPartition_1/inst/StreamingDataflowPartition_1_MVAU_hls_0/StreamingDataflowPartition_1_MVAU_hls_0/inst/grp_Matrix_Vector_Activate_Stream_Batch_fu_60/flow_control_loop_pipe_sequential_init_U/inputBuf_783_fu_4796[7]_i_172_n_3. Replicated 1 times.
INFO: [Physopt 32-81] Processed net top_i/StreamingDataflowPartition_1/inst/StreamingDataflowPartition_1_MVAU_hls_0/StreamingDataflowPartition_1_MVAU_hls_0/inst/grp_Matrix_Vector_Activate_Stream_Batch_fu_60/flow_control_loop_pipe_sequential_init_U/inputBuf_416_fu_3328[7]_i_2_n_3. Replicated 1 times.
INFO: [Physopt 32-572] Net top_i/StreamingDataflowPartition_1/inst/StreamingDataflowPartition_1_MVAU_hls_0/StreamingDataflowPartition_1_MVAU_hls_0/inst/grp_Matrix_Vector_Activate_Stream_Batch_fu_60/flow_control_loop_pipe_sequential_init_U/inputBuf_304_fu_2880[7]_i_2_n_3 was not replicated.
Resolution: phys_opt_design can be forced to replicate a net driver using the option -force_replication_on_nets <list of net objects>.
INFO: [Physopt 32-81] Processed net top_i/StreamingDataflowPartition_1/inst/StreamingDataflowPartition_1_MVAU_hls_0/StreamingDataflowPartition_1_MVAU_hls_0/inst/grp_Matrix_Vector_Activate_Stream_Batch_fu_60/flow_control_loop_pipe_sequential_init_U/inputBuf_156_fu_2288[7]_i_2_n_3. Replicated 1 times.
INFO: [Physopt 32-572] Net top_i/StreamingDataflowPartition_1/inst/StreamingDataflowPartition_1_MVAU_hls_0/StreamingDataflowPartition_1_MVAU_hls_0/inst/grp_Matrix_Vector_Activate_Stream_Batch_fu_60/flow_control_loop_pipe_sequential_init_U/inputBuf_fu_1664[7]_i_7_n_3_repN_2 was not replicated.
Resolution: phys_opt_design can be forced to replicate a net driver using the option -force_replication_on_nets <list of net objects>.
INFO: [Physopt 32-81] Processed net top_i/StreamingDataflowPartition_1/inst/StreamingDataflowPartition_1_MVAU_hls_0/StreamingDataflowPartition_1_MVAU_hls_0/inst/grp_Matrix_Vector_Activate_Stream_Batch_fu_60/flow_control_loop_pipe_sequential_init_U/inputBuf_783_fu_4796[7]_i_66_n_3. Replicated 1 times.
INFO: [Physopt 32-81] Processed net top_i/StreamingDataflowPartition_1/inst/StreamingDataflowPartition_1_MVAU_hls_0/StreamingDataflowPartition_1_MVAU_hls_0/inst/grp_Matrix_Vector_Activate_Stream_Batch_fu_60/flow_control_loop_pipe_sequential_init_U/inputBuf_244_fu_2640[7]_i_2_n_3. Replicated 1 times.
INFO: [Physopt 32-81] Processed net top_i/StreamingDataflowPartition_1/inst/StreamingDataflowPartition_1_MVAU_hls_0/StreamingDataflowPartition_1_MVAU_hls_0/inst/grp_Matrix_Vector_Activate_Stream_Batch_fu_60/flow_control_loop_pipe_sequential_init_U/inputBuf_336_fu_3008[7]_i_2_n_3. Replicated 3 times.
INFO: [Physopt 32-572] Net top_i/StreamingDataflowPartition_1/inst/StreamingDataflowPartition_1_MVAU_hls_0/StreamingDataflowPartition_1_MVAU_hls_0/inst/grp_Matrix_Vector_Activate_Stream_Batch_fu_60/flow_control_loop_pipe_sequential_init_U/inputBuf_fu_1664[7]_i_7_n_3 was not replicated.
Resolution: phys_opt_design can be forced to replicate a net driver using the option -force_replication_on_nets <list of net objects>.
INFO: [Physopt 32-572] Net top_i/StreamingDataflowPartition_1/inst/StreamingDataflowPartition_1_MVAU_hls_0/StreamingDataflowPartition_1_MVAU_hls_0/inst/grp_Matrix_Vector_Activate_Stream_Batch_fu_60/flow_control_loop_pipe_sequential_init_U/inputBuf_448_fu_3456[7]_i_3_n_3 was not replicated.
Resolution: phys_opt_design can be forced to replicate a net driver using the option -force_replication_on_nets <list of net objects>.
INFO: [Physopt 32-232] Optimized 14 nets. Created 19 new instances.
INFO: [Physopt 32-775] End 1 Pass. Optimized 14 nets or cells. Created 19 new cells, deleted 0 existing cell and moved 0 existing cell
INFO: [Physopt 32-619] Estimated Timing Summary | WNS=-1.851 | TNS=-7869.290 |
Netlist sorting complete. Time (s): cpu = 00:00:00.09 ; elapsed = 00:00:00.09 . Memory (MB): peak = 3620.988 ; gain = 0.000 ; free physical = 3191 ; free virtual = 12021
Phase 12 Critical Cell Optimization | Checksum: ff65fe6a

Time (s): cpu = 00:29:36 ; elapsed = 00:07:09 . Memory (MB): peak = 3620.988 ; gain = 0.000 ; free physical = 3157 ; free virtual = 12019

Phase 13 SLR Crossing Optimization
Phase 13 SLR Crossing Optimization | Checksum: ff65fe6a

Time (s): cpu = 00:29:37 ; elapsed = 00:07:10 . Memory (MB): peak = 3620.988 ; gain = 0.000 ; free physical = 3183 ; free virtual = 12021

Phase 14 Fanout Optimization
INFO: [Physopt 32-76] Pass 1. Identified 7 candidate nets for fanout optimization.
INFO: [Physopt 32-572] Net top_i/StreamingDataflowPartition_1/inst/StreamingDataflowPartition_1_MVAU_hls_0/StreamingDataflowPartition_1_MVAU_hls_0/inst/grp_Matrix_Vector_Activate_Stream_Batch_fu_60/flow_control_loop_pipe_sequential_init_U/sf_fu_1652_reg[0]_rep__1_3 was not replicated.
Resolution: phys_opt_design can be forced to replicate a net driver using the option -force_replication_on_nets <list of net objects>.
INFO: [Physopt 32-572] Net top_i/StreamingDataflowPartition_1/inst/StreamingDataflowPartition_1_MVAU_hls_0/StreamingDataflowPartition_1_MVAU_hls_0/inst/grp_Matrix_Vector_Activate_Stream_Batch_fu_60/flow_control_loop_pipe_sequential_init_U/SR[0] was not replicated.
Resolution: phys_opt_design can be forced to replicate a net driver using the option -force_replication_on_nets <list of net objects>.
INFO: [Physopt 32-572] Net top_i/StreamingDataflowPartition_1/inst/StreamingDataflowPartition_1_MVAU_hls_0/StreamingDataflowPartition_1_MVAU_hls_0/inst/grp_Matrix_Vector_Activate_Stream_Batch_fu_60/flow_control_loop_pipe_sequential_init_U/sf_fu_1652_reg[9][4] was not replicated.
Resolution: phys_opt_design can be forced to replicate a net driver using the option -force_replication_on_nets <list of net objects>.
INFO: [Physopt 32-572] Net top_i/StreamingDataflowPartition_1/inst/StreamingDataflowPartition_1_MVAU_hls_0/StreamingDataflowPartition_1_MVAU_hls_0/inst/grp_Matrix_Vector_Activate_Stream_Batch_fu_60/sf_fu_1652_reg_n_3_[5] was not replicated.
Resolution: phys_opt_design can be forced to replicate a net driver using the option -force_replication_on_nets <list of net objects>.
INFO: [Physopt 32-572] Net top_i/StreamingDataflowPartition_1/inst/StreamingDataflowPartition_1_MVAU_hls_0/StreamingDataflowPartition_1_MVAU_hls_0/inst/grp_Matrix_Vector_Activate_Stream_Batch_fu_60/flow_control_loop_pipe_sequential_init_U/sf_fu_1652_reg[1]_48 was not replicated.
Resolution: phys_opt_design can be forced to replicate a net driver using the option -force_replication_on_nets <list of net objects>.
INFO: [Physopt 32-572] Net top_i/StreamingDataflowPartition_1/inst/StreamingDataflowPartition_1_MVAU_hls_0/StreamingDataflowPartition_1_MVAU_hls_0/inst/grp_Matrix_Vector_Activate_Stream_Batch_fu_60_ap_start_reg_repN_1 was not replicated.
Resolution: phys_opt_design can be forced to replicate a net driver using the option -force_replication_on_nets <list of net objects>.
INFO: [Physopt 32-81] Processed net top_i/StreamingDataflowPartition_1/inst/StreamingDataflowPartition_1_MVAU_hls_0/StreamingDataflowPartition_1_MVAU_hls_0/inst/grp_Matrix_Vector_Activate_Stream_Batch_fu_60_ap_start_reg_repN. Replicated 6 times.
INFO: [Physopt 32-232] Optimized 1 net. Created 6 new instances.
INFO: [Physopt 32-775] End 1 Pass. Optimized 1 net or cell. Created 6 new cells, deleted 0 existing cell and moved 0 existing cell
INFO: [Physopt 32-619] Estimated Timing Summary | WNS=-1.851 | TNS=-7869.290 |
Netlist sorting complete. Time (s): cpu = 00:00:00.14 ; elapsed = 00:00:00.13 . Memory (MB): peak = 3620.988 ; gain = 0.000 ; free physical = 3177 ; free virtual = 12030
Phase 14 Fanout Optimization | Checksum: 231d0daa6

Time (s): cpu = 00:31:09 ; elapsed = 00:07:42 . Memory (MB): peak = 3620.988 ; gain = 0.000 ; free physical = 3190 ; free virtual = 12013

Phase 15 Single Cell Placement Optimization
INFO: [Physopt 32-660] Identified 250 candidate nets for placement-based optimization.
INFO: [Physopt 32-662] Processed net top_i/StreamingDataflowPartition_1/inst/StreamingDataflowPartition_1_MVAU_hls_0/StreamingDataflowPartition_1_MVAU_hls_0/inst/grp_Matrix_Vector_Activate_Stream_Batch_fu_60/flow_control_loop_pipe_sequential_init_U/sf_fu_1652_reg[0]_rep__1_3.  Did not re-place instance top_i/StreamingDataflowPartition_1/inst/StreamingDataflowPartition_1_MVAU_hls_0/StreamingDataflowPartition_1_MVAU_hls_0/inst/grp_Matrix_Vector_Activate_Stream_Batch_fu_60/flow_control_loop_pipe_sequential_init_U/sf_fu_1652[4]_i_2
INFO: [Physopt 32-662] Processed net top_i/StreamingDataflowPartition_1/inst/StreamingDataflowPartition_1_MVAU_hls_0/StreamingDataflowPartition_1_MVAU_hls_0/inst/grp_Matrix_Vector_Activate_Stream_Batch_fu_60/flow_control_loop_pipe_sequential_init_U/nf_1_fu_4800.  Did not re-place instance top_i/StreamingDataflowPartition_1/inst/StreamingDataflowPartition_1_MVAU_hls_0/StreamingDataflowPartition_1_MVAU_hls_0/inst/grp_Matrix_Vector_Activate_Stream_Batch_fu_60/flow_control_loop_pipe_sequential_init_U/sf_fu_1652[31]_i_1
INFO: [Physopt 32-662] Processed net top_i/StreamingDataflowPartition_1/inst/StreamingDataflowPartition_1_MVAU_hls_0/StreamingDataflowPartition_1_MVAU_hls_0/inst/grp_Matrix_Vector_Activate_Stream_Batch_fu_60/flow_control_loop_pipe_sequential_init_U/SR[0].  Did not re-place instance top_i/StreamingDataflowPartition_1/inst/StreamingDataflowPartition_1_MVAU_hls_0/StreamingDataflowPartition_1_MVAU_hls_0/inst/grp_Matrix_Vector_Activate_Stream_Batch_fu_60/flow_control_loop_pipe_sequential_init_U/nf_1_fu_4800[31]_i_1
INFO: [Physopt 32-662] Processed net top_i/StreamingDataflowPartition_1/inst/StreamingDataflowPartition_1_MVAU_hls_0/StreamingDataflowPartition_1_MVAU_hls_0/inst/grp_Matrix_Vector_Activate_Stream_Batch_fu_60/sf_fu_1652_reg[0]_rep__1_n_3.  Did not re-place instance top_i/StreamingDataflowPartition_1/inst/StreamingDataflowPartition_1_MVAU_hls_0/StreamingDataflowPartition_1_MVAU_hls_0/inst/grp_Matrix_Vector_Activate_Stream_Batch_fu_60/sf_fu_1652_reg[0]_rep__1
INFO: [Physopt 32-662] Processed net top_i/StreamingDataflowPartition_1/inst/StreamingDataflowPartition_1_MVAU_hls_0/StreamingDataflowPartition_1_MVAU_hls_0/inst/grp_Matrix_Vector_Activate_Stream_Batch_fu_60/flow_control_loop_pipe_sequential_init_U/sf_fu_1652[31]_i_4_n_3.  Did not re-place instance top_i/StreamingDataflowPartition_1/inst/StreamingDataflowPartition_1_MVAU_hls_0/StreamingDataflowPartition_1_MVAU_hls_0/inst/grp_Matrix_Vector_Activate_Stream_Batch_fu_60/flow_control_loop_pipe_sequential_init_U/sf_fu_1652[31]_i_4
INFO: [Physopt 32-662] Processed net top_i/StreamingDataflowPartition_1/inst/StreamingDataflowPartition_1_MVAU_hls_0/StreamingDataflowPartition_1_MVAU_hls_0/inst/grp_Matrix_Vector_Activate_Stream_Batch_fu_60/nf_1_fu_4800_reg_n_3_[16].  Did not re-place instance top_i/StreamingDataflowPartition_1/inst/StreamingDataflowPartition_1_MVAU_hls_0/StreamingDataflowPartition_1_MVAU_hls_0/inst/grp_Matrix_Vector_Activate_Stream_Batch_fu_60/nf_1_fu_4800_reg[16]
INFO: [Physopt 32-662] Processed net top_i/StreamingDataflowPartition_1/inst/StreamingDataflowPartition_1_MVAU_hls_0/StreamingDataflowPartition_1_MVAU_hls_0/inst/grp_Matrix_Vector_Activate_Stream_Batch_fu_60/flow_control_loop_pipe_sequential_init_U/sf_fu_1652[31]_i_11_n_3.  Did not re-place instance top_i/StreamingDataflowPartition_1/inst/StreamingDataflowPartition_1_MVAU_hls_0/StreamingDataflowPartition_1_MVAU_hls_0/inst/grp_Matrix_Vector_Activate_Stream_Batch_fu_60/flow_control_loop_pipe_sequential_init_U/sf_fu_1652[31]_i_11
INFO: [Physopt 32-662] Processed net top_i/StreamingDataflowPartition_1/inst/StreamingDataflowPartition_1_MVAU_hls_0/StreamingDataflowPartition_1_MVAU_hls_0/inst/grp_Matrix_Vector_Activate_Stream_Batch_fu_60/flow_control_loop_pipe_sequential_init_U/inputBuf_783_fu_4796[7]_i_7_0[0].  Did not re-place instance top_i/StreamingDataflowPartition_1/inst/StreamingDataflowPartition_1_MVAU_hls_0/StreamingDataflowPartition_1_MVAU_hls_0/inst/grp_Matrix_Vector_Activate_Stream_Batch_fu_60/flow_control_loop_pipe_sequential_init_U/inputBuf_783_fu_4796[7]_i_1
INFO: [Physopt 32-662] Processed net top_i/StreamingDataflowPartition_1/inst/StreamingDataflowPartition_1_MVAU_hls_0/StreamingDataflowPartition_1_MVAU_hls_0/inst/grp_Matrix_Vector_Activate_Stream_Batch_fu_60/flow_control_loop_pipe_sequential_init_U/inputBuf_644_fu_4240[7]_i_2_n_3_repN.  Did not re-place instance top_i/StreamingDataflowPartition_1/inst/StreamingDataflowPartition_1_MVAU_hls_0/StreamingDataflowPartition_1_MVAU_hls_0/inst/grp_Matrix_Vector_Activate_Stream_Batch_fu_60/flow_control_loop_pipe_sequential_init_U/inputBuf_644_fu_4240[7]_i_2_replica
INFO: [Physopt 32-662] Processed net top_i/StreamingDataflowPartition_1/inst/StreamingDataflowPartition_1_MVAU_hls_0/StreamingDataflowPartition_1_MVAU_hls_0/inst/grp_Matrix_Vector_Activate_Stream_Batch_fu_60/flow_control_loop_pipe_sequential_init_U/inputBuf_783_fu_4796[7]_i_39_n_3.  Did not re-place instance top_i/StreamingDataflowPartition_1/inst/StreamingDataflowPartition_1_MVAU_hls_0/StreamingDataflowPartition_1_MVAU_hls_0/inst/grp_Matrix_Vector_Activate_Stream_Batch_fu_60/flow_control_loop_pipe_sequential_init_U/inputBuf_783_fu_4796[7]_i_39
INFO: [Physopt 32-662] Processed net top_i/StreamingDataflowPartition_1/inst/StreamingDataflowPartition_1_MVAU_hls_0/StreamingDataflowPartition_1_MVAU_hls_0/inst/grp_Matrix_Vector_Activate_Stream_Batch_fu_60/flow_control_loop_pipe_sequential_init_U/inputBuf_783_fu_4796[7]_i_7_n_3.  Did not re-place instance top_i/StreamingDataflowPartition_1/inst/StreamingDataflowPartition_1_MVAU_hls_0/StreamingDataflowPartition_1_MVAU_hls_0/inst/grp_Matrix_Vector_Activate_Stream_Batch_fu_60/flow_control_loop_pipe_sequential_init_U/inputBuf_783_fu_4796[7]_i_7
INFO: [Physopt 32-662] Processed net top_i/StreamingDataflowPartition_1/inst/StreamingDataflowPartition_1_MVAU_hls_0/StreamingDataflowPartition_1_MVAU_hls_0/inst/grp_Matrix_Vector_Activate_Stream_Batch_fu_60/inputBuf_783_fu_4796[3].  Did not re-place instance top_i/StreamingDataflowPartition_1/inst/StreamingDataflowPartition_1_MVAU_hls_0/StreamingDataflowPartition_1_MVAU_hls_0/inst/grp_Matrix_Vector_Activate_Stream_Batch_fu_60/inputBuf_783_fu_4796_reg[3]
INFO: [Physopt 32-662] Processed net top_i/StreamingDataflowPartition_1/inst/StreamingDataflowPartition_1_MVAU_hls_0/StreamingDataflowPartition_1_MVAU_hls_0/inst/grp_Matrix_Vector_Activate_Stream_Batch_fu_60/inputBuf_783_fu_4796[5].  Did not re-place instance top_i/StreamingDataflowPartition_1/inst/StreamingDataflowPartition_1_MVAU_hls_0/StreamingDataflowPartition_1_MVAU_hls_0/inst/grp_Matrix_Vector_Activate_Stream_Batch_fu_60/inputBuf_783_fu_4796_reg[5]
INFO: [Physopt 32-662] Processed net top_i/StreamingDataflowPartition_1/inst/StreamingDataflowPartition_1_MVAU_hls_0/StreamingDataflowPartition_1_MVAU_hls_0/inst/grp_Matrix_Vector_Activate_Stream_Batch_fu_60/inputBuf_783_fu_4796[7].  Did not re-place instance top_i/StreamingDataflowPartition_1/inst/StreamingDataflowPartition_1_MVAU_hls_0/StreamingDataflowPartition_1_MVAU_hls_0/inst/grp_Matrix_Vector_Activate_Stream_Batch_fu_60/inputBuf_783_fu_4796_reg[7]
INFO: [Physopt 32-662] Processed net top_i/StreamingDataflowPartition_1/inst/StreamingDataflowPartition_1_MVAU_hls_0/StreamingDataflowPartition_1_MVAU_hls_0/inst/grp_Matrix_Vector_Activate_Stream_Batch_fu_60/nf_1_fu_4800_reg_n_3_[1].  Did not re-place instance top_i/StreamingDataflowPartition_1/inst/StreamingDataflowPartition_1_MVAU_hls_0/StreamingDataflowPartition_1_MVAU_hls_0/inst/grp_Matrix_Vector_Activate_Stream_Batch_fu_60/nf_1_fu_4800_reg[1]
INFO: [Physopt 32-662] Processed net top_i/StreamingDataflowPartition_1/inst/StreamingDataflowPartition_1_MVAU_hls_0/StreamingDataflowPartition_1_MVAU_hls_0/inst/grp_Matrix_Vector_Activate_Stream_Batch_fu_60/nf_1_fu_4800_reg_n_3_[5].  Did not re-place instance top_i/StreamingDataflowPartition_1/inst/StreamingDataflowPartition_1_MVAU_hls_0/StreamingDataflowPartition_1_MVAU_hls_0/inst/grp_Matrix_Vector_Activate_Stream_Batch_fu_60/nf_1_fu_4800_reg[5]
INFO: [Physopt 32-662] Processed net top_i/StreamingDataflowPartition_1/inst/StreamingDataflowPartition_1_MVAU_hls_0/StreamingDataflowPartition_1_MVAU_hls_0/inst/grp_Matrix_Vector_Activate_Stream_Batch_fu_60/nf_1_fu_4800_reg_n_3_[6].  Did not re-place instance top_i/StreamingDataflowPartition_1/inst/StreamingDataflowPartition_1_MVAU_hls_0/StreamingDataflowPartition_1_MVAU_hls_0/inst/grp_Matrix_Vector_Activate_Stream_Batch_fu_60/nf_1_fu_4800_reg[6]
INFO: [Physopt 32-662] Processed net top_i/StreamingDataflowPartition_1/inst/StreamingDataflowPartition_1_MVAU_hls_0/StreamingDataflowPartition_1_MVAU_hls_0/inst/grp_Matrix_Vector_Activate_Stream_Batch_fu_60/nf_1_fu_4800_reg_n_3_[8].  Did not re-place instance top_i/StreamingDataflowPartition_1/inst/StreamingDataflowPartition_1_MVAU_hls_0/StreamingDataflowPartition_1_MVAU_hls_0/inst/grp_Matrix_Vector_Activate_Stream_Batch_fu_60/nf_1_fu_4800_reg[8]
INFO: [Physopt 32-662] Processed net top_i/StreamingDataflowPartition_1/inst/StreamingDataflowPartition_1_MVAU_hls_0/StreamingDataflowPartition_1_MVAU_hls_0/inst/grp_Matrix_Vector_Activate_Stream_Batch_fu_60/nf_1_fu_4800_reg_n_3_[9].  Did not re-place instance top_i/StreamingDataflowPartition_1/inst/StreamingDataflowPartition_1_MVAU_hls_0/StreamingDataflowPartition_1_MVAU_hls_0/inst/grp_Matrix_Vector_Activate_Stream_Batch_fu_60/nf_1_fu_4800_reg[9]
INFO: [Physopt 32-662] Processed net top_i/StreamingDataflowPartition_1/inst/StreamingDataflowPartition_1_MVAU_hls_0/StreamingDataflowPartition_1_MVAU_hls_0/inst/grp_Matrix_Vector_Activate_Stream_Batch_fu_60/sf_fu_1652_reg_n_3_[1].  Did not re-place instance top_i/StreamingDataflowPartition_1/inst/StreamingDataflowPartition_1_MVAU_hls_0/StreamingDataflowPartition_1_MVAU_hls_0/inst/grp_Matrix_Vector_Activate_Stream_Batch_fu_60/sf_fu_1652_reg[1]
INFO: [Physopt 32-662] Processed net top_i/StreamingDataflowPartition_1/inst/StreamingDataflowPartition_1_MVAU_hls_0/StreamingDataflowPartition_1_MVAU_hls_0/inst/grp_Matrix_Vector_Activate_Stream_Batch_fu_60/flow_control_loop_pipe_sequential_init_U/sf_fu_1652[4]_i_6_n_3.  Did not re-place instance top_i/StreamingDataflowPartition_1/inst/StreamingDataflowPartition_1_MVAU_hls_0/StreamingDataflowPartition_1_MVAU_hls_0/inst/grp_Matrix_Vector_Activate_Stream_Batch_fu_60/flow_control_loop_pipe_sequential_init_U/sf_fu_1652[4]_i_6
INFO: [Physopt 32-662] Processed net top_i/StreamingDataflowPartition_1/inst/StreamingDataflowPartition_1_MVAU_hls_0/StreamingDataflowPartition_1_MVAU_hls_0/inst/grp_Matrix_Vector_Activate_Stream_Batch_fu_60/inputBuf_783_fu_4796[0].  Did not re-place instance top_i/StreamingDataflowPartition_1/inst/StreamingDataflowPartition_1_MVAU_hls_0/StreamingDataflowPartition_1_MVAU_hls_0/inst/grp_Matrix_Vector_Activate_Stream_Batch_fu_60/inputBuf_783_fu_4796_reg[0]
INFO: [Physopt 32-662] Processed net top_i/StreamingDataflowPartition_1/inst/StreamingDataflowPartition_1_MVAU_hls_0/StreamingDataflowPartition_1_MVAU_hls_0/inst/grp_Matrix_Vector_Activate_Stream_Batch_fu_60/inputBuf_783_fu_4796[1].  Did not re-place instance top_i/StreamingDataflowPartition_1/inst/StreamingDataflowPartition_1_MVAU_hls_0/StreamingDataflowPartition_1_MVAU_hls_0/inst/grp_Matrix_Vector_Activate_Stream_Batch_fu_60/inputBuf_783_fu_4796_reg[1]
INFO: [Physopt 32-662] Processed net top_i/StreamingDataflowPartition_1/inst/StreamingDataflowPartition_1_MVAU_hls_0/StreamingDataflowPartition_1_MVAU_hls_0/inst/grp_Matrix_Vector_Activate_Stream_Batch_fu_60/inputBuf_783_fu_4796[2].  Did not re-place instance top_i/StreamingDataflowPartition_1/inst/StreamingDataflowPartition_1_MVAU_hls_0/StreamingDataflowPartition_1_MVAU_hls_0/inst/grp_Matrix_Vector_Activate_Stream_Batch_fu_60/inputBuf_783_fu_4796_reg[2]
INFO: [Physopt 32-662] Processed net top_i/StreamingDataflowPartition_1/inst/StreamingDataflowPartition_1_MVAU_hls_0/StreamingDataflowPartition_1_MVAU_hls_0/inst/grp_Matrix_Vector_Activate_Stream_Batch_fu_60/inputBuf_783_fu_4796[6].  Did not re-place instance top_i/StreamingDataflowPartition_1/inst/StreamingDataflowPartition_1_MVAU_hls_0/StreamingDataflowPartition_1_MVAU_hls_0/inst/grp_Matrix_Vector_Activate_Stream_Batch_fu_60/inputBuf_783_fu_4796_reg[6]
INFO: [Physopt 32-662] Processed net top_i/StreamingDataflowPartition_1/inst/StreamingDataflowPartition_1_MVAU_hls_0/StreamingDataflowPartition_1_MVAU_hls_0/inst/grp_Matrix_Vector_Activate_Stream_Batch_fu_60/inputBuf_783_fu_4796[4].  Did not re-place instance top_i/StreamingDataflowPartition_1/inst/StreamingDataflowPartition_1_MVAU_hls_0/StreamingDataflowPartition_1_MVAU_hls_0/inst/grp_Matrix_Vector_Activate_Stream_Batch_fu_60/inputBuf_783_fu_4796_reg[4]
INFO: [Physopt 32-662] Processed net top_i/StreamingDataflowPartition_1/inst/StreamingDataflowPartition_1_MVAU_hls_0/StreamingDataflowPartition_1_MVAU_hls_0/inst/grp_Matrix_Vector_Activate_Stream_Batch_fu_60/nf_1_fu_4800_reg_n_3_[17].  Did not re-place instance top_i/StreamingDataflowPartition_1/inst/StreamingDataflowPartition_1_MVAU_hls_0/StreamingDataflowPartition_1_MVAU_hls_0/inst/grp_Matrix_Vector_Activate_Stream_Batch_fu_60/nf_1_fu_4800_reg[17]
INFO: [Physopt 32-662] Processed net top_i/StreamingDataflowPartition_1/inst/StreamingDataflowPartition_1_MVAU_hls_0/StreamingDataflowPartition_1_MVAU_hls_0/inst/grp_Matrix_Vector_Activate_Stream_Batch_fu_60/nf_1_fu_4800_reg_n_3_[19].  Did not re-place instance top_i/StreamingDataflowPartition_1/inst/StreamingDataflowPartition_1_MVAU_hls_0/StreamingDataflowPartition_1_MVAU_hls_0/inst/grp_Matrix_Vector_Activate_Stream_Batch_fu_60/nf_1_fu_4800_reg[19]
INFO: [Physopt 32-662] Processed net top_i/StreamingDataflowPartition_1/inst/StreamingDataflowPartition_1_MVAU_hls_0/StreamingDataflowPartition_1_MVAU_hls_0/inst/grp_Matrix_Vector_Activate_Stream_Batch_fu_60/nf_1_fu_4800_reg_n_3_[20].  Did not re-place instance top_i/StreamingDataflowPartition_1/inst/StreamingDataflowPartition_1_MVAU_hls_0/StreamingDataflowPartition_1_MVAU_hls_0/inst/grp_Matrix_Vector_Activate_Stream_Batch_fu_60/nf_1_fu_4800_reg[20]
INFO: [Physopt 32-662] Processed net top_i/StreamingDataflowPartition_1/inst/StreamingDataflowPartition_1_MVAU_hls_0/StreamingDataflowPartition_1_MVAU_hls_0/inst/grp_Matrix_Vector_Activate_Stream_Batch_fu_60/nf_1_fu_4800_reg_n_3_[0].  Did not re-place instance top_i/StreamingDataflowPartition_1/inst/StreamingDataflowPartition_1_MVAU_hls_0/StreamingDataflowPartition_1_MVAU_hls_0/inst/grp_Matrix_Vector_Activate_Stream_Batch_fu_60/nf_1_fu_4800_reg[0]
INFO: [Physopt 32-662] Processed net top_i/StreamingDataflowPartition_1/inst/StreamingDataflowPartition_1_MVAU_hls_0/StreamingDataflowPartition_1_MVAU_hls_0/inst/grp_Matrix_Vector_Activate_Stream_Batch_fu_60/nf_1_fu_4800_reg_n_3_[7].  Did not re-place instance top_i/StreamingDataflowPartition_1/inst/StreamingDataflowPartition_1_MVAU_hls_0/StreamingDataflowPartition_1_MVAU_hls_0/inst/grp_Matrix_Vector_Activate_Stream_Batch_fu_60/nf_1_fu_4800_reg[7]
INFO: [Physopt 32-662] Processed net top_i/StreamingDataflowPartition_1/inst/StreamingDataflowPartition_1_MVAU_hls_0/StreamingDataflowPartition_1_MVAU_hls_0/inst/grp_Matrix_Vector_Activate_Stream_Batch_fu_60/flow_control_loop_pipe_sequential_init_U/icmp_ln290_fu_14505_p2.  Did not re-place instance top_i/StreamingDataflowPartition_1/inst/StreamingDataflowPartition_1_MVAU_hls_0/StreamingDataflowPartition_1_MVAU_hls_0/inst/grp_Matrix_Vector_Activate_Stream_Batch_fu_60/flow_control_loop_pipe_sequential_init_U/icmp_ln290_reg_19761[0]_i_1
INFO: [Physopt 32-662] Processed net top_i/StreamingDataflowPartition_1/inst/StreamingDataflowPartition_1_MVAU_hls_0/StreamingDataflowPartition_1_MVAU_hls_0/inst/grp_Matrix_Vector_Activate_Stream_Batch_fu_60/nf_1_fu_4800_reg_n_3_[10].  Did not re-place instance top_i/StreamingDataflowPartition_1/inst/StreamingDataflowPartition_1_MVAU_hls_0/StreamingDataflowPartition_1_MVAU_hls_0/inst/grp_Matrix_Vector_Activate_Stream_Batch_fu_60/nf_1_fu_4800_reg[10]
INFO: [Physopt 32-662] Processed net top_i/StreamingDataflowPartition_1/inst/StreamingDataflowPartition_1_MVAU_hls_0/StreamingDataflowPartition_1_MVAU_hls_0/inst/grp_Matrix_Vector_Activate_Stream_Batch_fu_60/nf_1_fu_4800_reg_n_3_[11].  Did not re-place instance top_i/StreamingDataflowPartition_1/inst/StreamingDataflowPartition_1_MVAU_hls_0/StreamingDataflowPartition_1_MVAU_hls_0/inst/grp_Matrix_Vector_Activate_Stream_Batch_fu_60/nf_1_fu_4800_reg[11]
INFO: [Physopt 32-662] Processed net top_i/StreamingDataflowPartition_1/inst/StreamingDataflowPartition_1_MVAU_hls_0/StreamingDataflowPartition_1_MVAU_hls_0/inst/grp_Matrix_Vector_Activate_Stream_Batch_fu_60/nf_1_fu_4800_reg_n_3_[12].  Did not re-place instance top_i/StreamingDataflowPartition_1/inst/StreamingDataflowPartition_1_MVAU_hls_0/StreamingDataflowPartition_1_MVAU_hls_0/inst/grp_Matrix_Vector_Activate_Stream_Batch_fu_60/nf_1_fu_4800_reg[12]
INFO: [Physopt 32-662] Processed net top_i/StreamingDataflowPartition_1/inst/StreamingDataflowPartition_1_MVAU_hls_0/StreamingDataflowPartition_1_MVAU_hls_0/inst/grp_Matrix_Vector_Activate_Stream_Batch_fu_60/sparsemux_1569_10_8_1_1_U1/D[5].  Did not re-place instance top_i/StreamingDataflowPartition_1/inst/StreamingDataflowPartition_1_MVAU_hls_0/StreamingDataflowPartition_1_MVAU_hls_0/inst/grp_Matrix_Vector_Activate_Stream_Batch_fu_60/sparsemux_1569_10_8_1_1_U1/tmp_reg_19741[5]_i_1
INFO: [Physopt 32-662] Processed net top_i/StreamingDataflowPartition_1/inst/StreamingDataflowPartition_1_MVAU_hls_0/StreamingDataflowPartition_1_MVAU_hls_0/inst/grp_Matrix_Vector_Activate_Stream_Batch_fu_60/sparsemux_1569_10_8_1_1_U1/tmp_reg_19741[5]_i_26_n_3.  Did not re-place instance top_i/StreamingDataflowPartition_1/inst/StreamingDataflowPartition_1_MVAU_hls_0/StreamingDataflowPartition_1_MVAU_hls_0/inst/grp_Matrix_Vector_Activate_Stream_Batch_fu_60/sparsemux_1569_10_8_1_1_U1/tmp_reg_19741[5]_i_26
INFO: [Physopt 32-662] Processed net top_i/StreamingDataflowPartition_1/inst/StreamingDataflowPartition_1_MVAU_hls_0/StreamingDataflowPartition_1_MVAU_hls_0/inst/grp_Matrix_Vector_Activate_Stream_Batch_fu_60/sparsemux_1569_10_8_1_1_U1/tmp_reg_19741[5]_i_352_n_3.  Did not re-place instance top_i/StreamingDataflowPartition_1/inst/StreamingDataflowPartition_1_MVAU_hls_0/StreamingDataflowPartition_1_MVAU_hls_0/inst/grp_Matrix_Vector_Activate_Stream_Batch_fu_60/sparsemux_1569_10_8_1_1_U1/tmp_reg_19741[5]_i_352
INFO: [Physopt 32-662] Processed net top_i/StreamingDataflowPartition_1/inst/StreamingDataflowPartition_1_MVAU_hls_0/StreamingDataflowPartition_1_MVAU_hls_0/inst/grp_Matrix_Vector_Activate_Stream_Batch_fu_60/tmp_reg_19741[5].  Did not re-place instance top_i/StreamingDataflowPartition_1/inst/StreamingDataflowPartition_1_MVAU_hls_0/StreamingDataflowPartition_1_MVAU_hls_0/inst/grp_Matrix_Vector_Activate_Stream_Batch_fu_60/tmp_reg_19741_reg[5]
INFO: [Physopt 32-662] Processed net top_i/StreamingDataflowPartition_1/inst/StreamingDataflowPartition_1_MVAU_hls_0/StreamingDataflowPartition_1_MVAU_hls_0/inst/grp_Matrix_Vector_Activate_Stream_Batch_fu_60/sparsemux_1569_10_8_1_1_U1/tmp_reg_19741[5]_i_351_n_3.  Did not re-place instance top_i/StreamingDataflowPartition_1/inst/StreamingDataflowPartition_1_MVAU_hls_0/StreamingDataflowPartition_1_MVAU_hls_0/inst/grp_Matrix_Vector_Activate_Stream_Batch_fu_60/sparsemux_1569_10_8_1_1_U1/tmp_reg_19741[5]_i_351
INFO: [Physopt 32-662] Processed net top_i/StreamingDataflowPartition_1/inst/StreamingDataflowPartition_1_MVAU_hls_0/StreamingDataflowPartition_1_MVAU_hls_0/inst/grp_Matrix_Vector_Activate_Stream_Batch_fu_60/nf_1_fu_4800_reg_n_3_[15].  Did not re-place instance top_i/StreamingDataflowPartition_1/inst/StreamingDataflowPartition_1_MVAU_hls_0/StreamingDataflowPartition_1_MVAU_hls_0/inst/grp_Matrix_Vector_Activate_Stream_Batch_fu_60/nf_1_fu_4800_reg[15]
INFO: [Physopt 32-662] Processed net top_i/StreamingDataflowPartition_1/inst/StreamingDataflowPartition_1_MVAU_hls_0/StreamingDataflowPartition_1_MVAU_hls_0/inst/grp_Matrix_Vector_Activate_Stream_Batch_fu_60/nf_1_fu_4800_reg_n_3_[22].  Did not re-place instance top_i/StreamingDataflowPartition_1/inst/StreamingDataflowPartition_1_MVAU_hls_0/StreamingDataflowPartition_1_MVAU_hls_0/inst/grp_Matrix_Vector_Activate_Stream_Batch_fu_60/nf_1_fu_4800_reg[22]
INFO: [Physopt 32-662] Processed net top_i/StreamingDataflowPartition_1/inst/StreamingDataflowPartition_1_MVAU_hls_0/StreamingDataflowPartition_1_MVAU_hls_0/inst/grp_Matrix_Vector_Activate_Stream_Batch_fu_60/nf_1_fu_4800_reg_n_3_[23].  Did not re-place instance top_i/StreamingDataflowPartition_1/inst/StreamingDataflowPartition_1_MVAU_hls_0/StreamingDataflowPartition_1_MVAU_hls_0/inst/grp_Matrix_Vector_Activate_Stream_Batch_fu_60/nf_1_fu_4800_reg[23]
INFO: [Physopt 32-662] Processed net top_i/StreamingDataflowPartition_1/inst/StreamingDataflowPartition_1_MVAU_hls_0/StreamingDataflowPartition_1_MVAU_hls_0/inst/grp_Matrix_Vector_Activate_Stream_Batch_fu_60/nf_1_fu_4800_reg_n_3_[24].  Did not re-place instance top_i/StreamingDataflowPartition_1/inst/StreamingDataflowPartition_1_MVAU_hls_0/StreamingDataflowPartition_1_MVAU_hls_0/inst/grp_Matrix_Vector_Activate_Stream_Batch_fu_60/nf_1_fu_4800_reg[24]
INFO: [Physopt 32-662] Processed net top_i/StreamingDataflowPartition_1/inst/StreamingDataflowPartition_1_MVAU_hls_0/StreamingDataflowPartition_1_MVAU_hls_0/inst/grp_Matrix_Vector_Activate_Stream_Batch_fu_60/nf_1_fu_4800_reg_n_3_[2].  Did not re-place instance top_i/StreamingDataflowPartition_1/inst/StreamingDataflowPartition_1_MVAU_hls_0/StreamingDataflowPartition_1_MVAU_hls_0/inst/grp_Matrix_Vector_Activate_Stream_Batch_fu_60/nf_1_fu_4800_reg[2]
INFO: [Physopt 32-662] Processed net top_i/StreamingDataflowPartition_1/inst/StreamingDataflowPartition_1_MVAU_hls_0/StreamingDataflowPartition_1_MVAU_hls_0/inst/grp_Matrix_Vector_Activate_Stream_Batch_fu_60/nf_1_fu_4800_reg_n_3_[3].  Did not re-place instance top_i/StreamingDataflowPartition_1/inst/StreamingDataflowPartition_1_MVAU_hls_0/StreamingDataflowPartition_1_MVAU_hls_0/inst/grp_Matrix_Vector_Activate_Stream_Batch_fu_60/nf_1_fu_4800_reg[3]
INFO: [Physopt 32-662] Processed net top_i/StreamingDataflowPartition_1/inst/StreamingDataflowPartition_1_MVAU_hls_0/StreamingDataflowPartition_1_MVAU_hls_0/inst/grp_Matrix_Vector_Activate_Stream_Batch_fu_60/nf_1_fu_4800_reg_n_3_[4].  Did not re-place instance top_i/StreamingDataflowPartition_1/inst/StreamingDataflowPartition_1_MVAU_hls_0/StreamingDataflowPartition_1_MVAU_hls_0/inst/grp_Matrix_Vector_Activate_Stream_Batch_fu_60/nf_1_fu_4800_reg[4]
INFO: [Physopt 32-662] Processed net top_i/StreamingDataflowPartition_1/inst/StreamingDataflowPartition_1_MVAU_hls_0/StreamingDataflowPartition_1_MVAU_hls_0/inst/grp_Matrix_Vector_Activate_Stream_Batch_fu_60/nf_1_fu_4800_reg_n_3_[21].  Did not re-place instance top_i/StreamingDataflowPartition_1/inst/StreamingDataflowPartition_1_MVAU_hls_0/StreamingDataflowPartition_1_MVAU_hls_0/inst/grp_Matrix_Vector_Activate_Stream_Batch_fu_60/nf_1_fu_4800_reg[21]
INFO: [Physopt 32-662] Processed net top_i/StreamingDataflowPartition_1/inst/StreamingDataflowPartition_1_MVAU_hls_0/StreamingDataflowPartition_1_MVAU_hls_0/inst/grp_Matrix_Vector_Activate_Stream_Batch_fu_60/nf_1_fu_4800_reg_n_3_[26].  Did not re-place instance top_i/StreamingDataflowPartition_1/inst/StreamingDataflowPartition_1_MVAU_hls_0/StreamingDataflowPartition_1_MVAU_hls_0/inst/grp_Matrix_Vector_Activate_Stream_Batch_fu_60/nf_1_fu_4800_reg[26]
INFO: [Physopt 32-662] Processed net top_i/StreamingDataflowPartition_1/inst/StreamingDataflowPartition_1_MVAU_hls_0/StreamingDataflowPartition_1_MVAU_hls_0/inst/grp_Matrix_Vector_Activate_Stream_Batch_fu_60/nf_1_fu_4800_reg_n_3_[27].  Did not re-place instance top_i/StreamingDataflowPartition_1/inst/StreamingDataflowPartition_1_MVAU_hls_0/StreamingDataflowPartition_1_MVAU_hls_0/inst/grp_Matrix_Vector_Activate_Stream_Batch_fu_60/nf_1_fu_4800_reg[27]
INFO: [Physopt 32-662] Processed net top_i/StreamingDataflowPartition_1/inst/StreamingDataflowPartition_1_MVAU_hls_0/StreamingDataflowPartition_1_MVAU_hls_0/inst/grp_Matrix_Vector_Activate_Stream_Batch_fu_60/nf_1_fu_4800_reg_n_3_[28].  Did not re-place instance top_i/StreamingDataflowPartition_1/inst/StreamingDataflowPartition_1_MVAU_hls_0/StreamingDataflowPartition_1_MVAU_hls_0/inst/grp_Matrix_Vector_Activate_Stream_Batch_fu_60/nf_1_fu_4800_reg[28]
INFO: [Physopt 32-662] Processed net top_i/StreamingDataflowPartition_1/inst/StreamingDataflowPartition_1_MVAU_hls_0/StreamingDataflowPartition_1_MVAU_hls_0/inst/grp_Matrix_Vector_Activate_Stream_Batch_fu_60/flow_control_loop_pipe_sequential_init_U/sf_fu_1652[31]_i_5_n_3.  Did not re-place instance top_i/StreamingDataflowPartition_1/inst/StreamingDataflowPartition_1_MVAU_hls_0/StreamingDataflowPartition_1_MVAU_hls_0/inst/grp_Matrix_Vector_Activate_Stream_Batch_fu_60/flow_control_loop_pipe_sequential_init_U/sf_fu_1652[31]_i_5
INFO: [Physopt 32-662] Processed net top_i/StreamingDataflowPartition_1/inst/StreamingDataflowPartition_1_MVAU_hls_0/StreamingDataflowPartition_1_MVAU_hls_0/inst/grp_Matrix_Vector_Activate_Stream_Batch_fu_60/flow_control_loop_pipe_sequential_init_U/sf_fu_1652[31]_i_12_n_3.  Did not re-place instance top_i/StreamingDataflowPartition_1/inst/StreamingDataflowPartition_1_MVAU_hls_0/StreamingDataflowPartition_1_MVAU_hls_0/inst/grp_Matrix_Vector_Activate_Stream_Batch_fu_60/flow_control_loop_pipe_sequential_init_U/sf_fu_1652[31]_i_12
INFO: [Physopt 32-662] Processed net top_i/StreamingDataflowPartition_1/inst/StreamingDataflowPartition_1_MVAU_hls_0/StreamingDataflowPartition_1_MVAU_hls_0/inst/grp_Matrix_Vector_Activate_Stream_Batch_fu_60/sparsemux_1569_10_8_1_1_U1/tmp_reg_19741[5]_i_353_n_3.  Did not re-place instance top_i/StreamingDataflowPartition_1/inst/StreamingDataflowPartition_1_MVAU_hls_0/StreamingDataflowPartition_1_MVAU_hls_0/inst/grp_Matrix_Vector_Activate_Stream_Batch_fu_60/sparsemux_1569_10_8_1_1_U1/tmp_reg_19741[5]_i_353
INFO: [Physopt 32-662] Processed net top_i/StreamingDataflowPartition_1/inst/StreamingDataflowPartition_1_MVAU_hls_0/StreamingDataflowPartition_1_MVAU_hls_0/inst/grp_Matrix_Vector_Activate_Stream_Batch_fu_60/nf_1_fu_4800_reg_n_3_[13].  Did not re-place instance top_i/StreamingDataflowPartition_1/inst/StreamingDataflowPartition_1_MVAU_hls_0/StreamingDataflowPartition_1_MVAU_hls_0/inst/grp_Matrix_Vector_Activate_Stream_Batch_fu_60/nf_1_fu_4800_reg[13]
INFO: [Physopt 32-662] Processed net top_i/StreamingDataflowPartition_1/inst/StreamingDataflowPartition_1_MVAU_hls_0/StreamingDataflowPartition_1_MVAU_hls_0/inst/grp_Matrix_Vector_Activate_Stream_Batch_fu_60/nf_1_fu_4800_reg_n_3_[14].  Did not re-place instance top_i/StreamingDataflowPartition_1/inst/StreamingDataflowPartition_1_MVAU_hls_0/StreamingDataflowPartition_1_MVAU_hls_0/inst/grp_Matrix_Vector_Activate_Stream_Batch_fu_60/nf_1_fu_4800_reg[14]
INFO: [Physopt 32-662] Processed net top_i/StreamingDataflowPartition_1/inst/StreamingDataflowPartition_1_MVAU_hls_0/StreamingDataflowPartition_1_MVAU_hls_0/inst/grp_Matrix_Vector_Activate_Stream_Batch_fu_60/nf_1_fu_4800_reg_n_3_[18].  Did not re-place instance top_i/StreamingDataflowPartition_1/inst/StreamingDataflowPartition_1_MVAU_hls_0/StreamingDataflowPartition_1_MVAU_hls_0/inst/grp_Matrix_Vector_Activate_Stream_Batch_fu_60/nf_1_fu_4800_reg[18]
INFO: [Physopt 32-662] Processed net top_i/StreamingDataflowPartition_1/inst/StreamingDataflowPartition_1_MVAU_hls_0/StreamingDataflowPartition_1_MVAU_hls_0/inst/grp_Matrix_Vector_Activate_Stream_Batch_fu_60/nf_1_fu_4800_reg_n_3_[25].  Did not re-place instance top_i/StreamingDataflowPartition_1/inst/StreamingDataflowPartition_1_MVAU_hls_0/StreamingDataflowPartition_1_MVAU_hls_0/inst/grp_Matrix_Vector_Activate_Stream_Batch_fu_60/nf_1_fu_4800_reg[25]
INFO: [Physopt 32-662] Processed net top_i/StreamingDataflowPartition_1/inst/StreamingDataflowPartition_1_MVAU_hls_0/StreamingDataflowPartition_1_MVAU_hls_0/inst/grp_Matrix_Vector_Activate_Stream_Batch_fu_60/nf_1_fu_4800_reg_n_3_[29].  Did not re-place instance top_i/StreamingDataflowPartition_1/inst/StreamingDataflowPartition_1_MVAU_hls_0/StreamingDataflowPartition_1_MVAU_hls_0/inst/grp_Matrix_Vector_Activate_Stream_Batch_fu_60/nf_1_fu_4800_reg[29]
INFO: [Physopt 32-662] Processed net top_i/StreamingDataflowPartition_1/inst/StreamingDataflowPartition_1_MVAU_hls_0/StreamingDataflowPartition_1_MVAU_hls_0/inst/grp_Matrix_Vector_Activate_Stream_Batch_fu_60/nf_1_fu_4800_reg_n_3_[30].  Did not re-place instance top_i/StreamingDataflowPartition_1/inst/StreamingDataflowPartition_1_MVAU_hls_0/StreamingDataflowPartition_1_MVAU_hls_0/inst/grp_Matrix_Vector_Activate_Stream_Batch_fu_60/nf_1_fu_4800_reg[30]
INFO: [Physopt 32-662] Processed net top_i/StreamingDataflowPartition_1/inst/StreamingDataflowPartition_1_MVAU_hls_0/StreamingDataflowPartition_1_MVAU_hls_0/inst/grp_Matrix_Vector_Activate_Stream_Batch_fu_60/nf_1_fu_4800_reg_n_3_[31].  Did not re-place instance top_i/StreamingDataflowPartition_1/inst/StreamingDataflowPartition_1_MVAU_hls_0/StreamingDataflowPartition_1_MVAU_hls_0/inst/grp_Matrix_Vector_Activate_Stream_Batch_fu_60/nf_1_fu_4800_reg[31]
INFO: [Physopt 32-662] Processed net top_i/StreamingDataflowPartition_1/inst/StreamingDataflowPartition_1_MVAU_hls_0/StreamingDataflowPartition_1_MVAU_hls_0/inst/grp_Matrix_Vector_Activate_Stream_Batch_fu_60/flow_control_loop_pipe_sequential_init_U/sf_fu_1652[31]_i_7_n_3.  Did not re-place instance top_i/StreamingDataflowPartition_1/inst/StreamingDataflowPartition_1_MVAU_hls_0/StreamingDataflowPartition_1_MVAU_hls_0/inst/grp_Matrix_Vector_Activate_Stream_Batch_fu_60/flow_control_loop_pipe_sequential_init_U/sf_fu_1652[31]_i_7
INFO: [Physopt 32-662] Processed net top_i/StreamingDataflowPartition_1/inst/StreamingDataflowPartition_1_MVAU_hls_0/StreamingDataflowPartition_1_MVAU_hls_0/inst/grp_Matrix_Vector_Activate_Stream_Batch_fu_60/flow_control_loop_pipe_sequential_init_U/sf_fu_1652[31]_i_14_n_3.  Did not re-place instance top_i/StreamingDataflowPartition_1/inst/StreamingDataflowPartition_1_MVAU_hls_0/StreamingDataflowPartition_1_MVAU_hls_0/inst/grp_Matrix_Vector_Activate_Stream_Batch_fu_60/flow_control_loop_pipe_sequential_init_U/sf_fu_1652[31]_i_14
INFO: [Physopt 32-662] Processed net top_i/StreamingDataflowPartition_1/inst/StreamingDataflowPartition_1_MVAU_hls_0/StreamingDataflowPartition_1_MVAU_hls_0/inst/grp_Matrix_Vector_Activate_Stream_Batch_fu_60/sparsemux_1569_10_8_1_1_U1/tmp_reg_19741[5]_i_354_n_3.  Did not re-place instance top_i/StreamingDataflowPartition_1/inst/StreamingDataflowPartition_1_MVAU_hls_0/StreamingDataflowPartition_1_MVAU_hls_0/inst/grp_Matrix_Vector_Activate_Stream_Batch_fu_60/sparsemux_1569_10_8_1_1_U1/tmp_reg_19741[5]_i_354
INFO: [Physopt 32-662] Processed net top_i/StreamingDataflowPartition_1/inst/StreamingDataflowPartition_1_MVAU_hls_0/StreamingDataflowPartition_1_MVAU_hls_0/inst/grp_Matrix_Vector_Activate_Stream_Batch_fu_60/flow_control_loop_pipe_sequential_init_U/ap_loop_init_int_reg_rep__3_n_3_repN.  Did not re-place instance top_i/StreamingDataflowPartition_1/inst/StreamingDataflowPartition_1_MVAU_hls_0/StreamingDataflowPartition_1_MVAU_hls_0/inst/grp_Matrix_Vector_Activate_Stream_Batch_fu_60/flow_control_loop_pipe_sequential_init_U/ap_loop_init_int_reg_rep__3_replica
INFO: [Physopt 32-662] Processed net top_i/StreamingDataflowPartition_1/inst/StreamingDataflowPartition_1_MVAU_hls_0/StreamingDataflowPartition_1_MVAU_hls_0/inst/grp_Matrix_Vector_Activate_Stream_Batch_fu_60/flow_control_loop_pipe_sequential_init_U/sf_fu_1652_reg[0]_rep__1.  Did not re-place instance top_i/StreamingDataflowPartition_1/inst/StreamingDataflowPartition_1_MVAU_hls_0/StreamingDataflowPartition_1_MVAU_hls_0/inst/grp_Matrix_Vector_Activate_Stream_Batch_fu_60/flow_control_loop_pipe_sequential_init_U/inputBuf_33_fu_1796[7]_i_2
INFO: [Physopt 32-662] Processed net top_i/StreamingDataflowPartition_1/inst/StreamingDataflowPartition_1_MVAU_hls_0/StreamingDataflowPartition_1_MVAU_hls_0/inst/grp_Matrix_Vector_Activate_Stream_Batch_fu_60/sparsemux_1569_10_8_1_1_U1/D[6].  Did not re-place instance top_i/StreamingDataflowPartition_1/inst/StreamingDataflowPartition_1_MVAU_hls_0/StreamingDataflowPartition_1_MVAU_hls_0/inst/grp_Matrix_Vector_Activate_Stream_Batch_fu_60/sparsemux_1569_10_8_1_1_U1/tmp_reg_19741[6]_i_1
INFO: [Physopt 32-662] Processed net top_i/StreamingDataflowPartition_1/inst/StreamingDataflowPartition_1_MVAU_hls_0/StreamingDataflowPartition_1_MVAU_hls_0/inst/grp_Matrix_Vector_Activate_Stream_Batch_fu_60/sparsemux_1569_10_8_1_1_U1/tmp_reg_19741[6]_i_27_n_3.  Did not re-place instance top_i/StreamingDataflowPartition_1/inst/StreamingDataflowPartition_1_MVAU_hls_0/StreamingDataflowPartition_1_MVAU_hls_0/inst/grp_Matrix_Vector_Activate_Stream_Batch_fu_60/sparsemux_1569_10_8_1_1_U1/tmp_reg_19741[6]_i_27
INFO: [Physopt 32-662] Processed net top_i/StreamingDataflowPartition_1/inst/StreamingDataflowPartition_1_MVAU_hls_0/StreamingDataflowPartition_1_MVAU_hls_0/inst/grp_Matrix_Vector_Activate_Stream_Batch_fu_60/sparsemux_1569_10_8_1_1_U1/tmp_reg_19741[6]_i_358_n_3.  Did not re-place instance top_i/StreamingDataflowPartition_1/inst/StreamingDataflowPartition_1_MVAU_hls_0/StreamingDataflowPartition_1_MVAU_hls_0/inst/grp_Matrix_Vector_Activate_Stream_Batch_fu_60/sparsemux_1569_10_8_1_1_U1/tmp_reg_19741[6]_i_358
INFO: [Physopt 32-662] Processed net top_i/StreamingDataflowPartition_1/inst/StreamingDataflowPartition_1_MVAU_hls_0/StreamingDataflowPartition_1_MVAU_hls_0/inst/grp_Matrix_Vector_Activate_Stream_Batch_fu_60/tmp_reg_19741[6].  Did not re-place instance top_i/StreamingDataflowPartition_1/inst/StreamingDataflowPartition_1_MVAU_hls_0/StreamingDataflowPartition_1_MVAU_hls_0/inst/grp_Matrix_Vector_Activate_Stream_Batch_fu_60/tmp_reg_19741_reg[6]
INFO: [Physopt 32-662] Processed net top_i/StreamingDataflowPartition_1/inst/StreamingDataflowPartition_1_MVAU_hls_0/StreamingDataflowPartition_1_MVAU_hls_0/inst/grp_Matrix_Vector_Activate_Stream_Batch_fu_60/flow_control_loop_pipe_sequential_init_U/sf_fu_1652_reg[1]_45.  Did not re-place instance top_i/StreamingDataflowPartition_1/inst/StreamingDataflowPartition_1_MVAU_hls_0/StreamingDataflowPartition_1_MVAU_hls_0/inst/grp_Matrix_Vector_Activate_Stream_Batch_fu_60/flow_control_loop_pipe_sequential_init_U/inputBuf_584_fu_4000[7]_i_2
INFO: [Physopt 32-662] Processed net top_i/StreamingDataflowPartition_1/inst/StreamingDataflowPartition_1_MVAU_hls_0/StreamingDataflowPartition_1_MVAU_hls_0/inst/grp_Matrix_Vector_Activate_Stream_Batch_fu_60/sparsemux_1569_10_8_1_1_U1/D[0].  Did not re-place instance top_i/StreamingDataflowPartition_1/inst/StreamingDataflowPartition_1_MVAU_hls_0/StreamingDataflowPartition_1_MVAU_hls_0/inst/grp_Matrix_Vector_Activate_Stream_Batch_fu_60/sparsemux_1569_10_8_1_1_U1/tmp_reg_19741[0]_i_1
INFO: [Physopt 32-662] Processed net top_i/StreamingDataflowPartition_1/inst/StreamingDataflowPartition_1_MVAU_hls_0/StreamingDataflowPartition_1_MVAU_hls_0/inst/grp_Matrix_Vector_Activate_Stream_Batch_fu_60/sparsemux_1569_10_8_1_1_U1/tmp_reg_19741[0]_i_16_n_3.  Did not re-place instance top_i/StreamingDataflowPartition_1/inst/StreamingDataflowPartition_1_MVAU_hls_0/StreamingDataflowPartition_1_MVAU_hls_0/inst/grp_Matrix_Vector_Activate_Stream_Batch_fu_60/sparsemux_1569_10_8_1_1_U1/tmp_reg_19741[0]_i_16
INFO: [Physopt 32-662] Processed net top_i/StreamingDataflowPartition_1/inst/StreamingDataflowPartition_1_MVAU_hls_0/StreamingDataflowPartition_1_MVAU_hls_0/inst/grp_Matrix_Vector_Activate_Stream_Batch_fu_60/sparsemux_1569_10_8_1_1_U1/tmp_reg_19741[0]_i_198_n_3.  Did not re-place instance top_i/StreamingDataflowPartition_1/inst/StreamingDataflowPartition_1_MVAU_hls_0/StreamingDataflowPartition_1_MVAU_hls_0/inst/grp_Matrix_Vector_Activate_Stream_Batch_fu_60/sparsemux_1569_10_8_1_1_U1/tmp_reg_19741[0]_i_198
INFO: [Physopt 32-662] Processed net top_i/StreamingDataflowPartition_1/inst/StreamingDataflowPartition_1_MVAU_hls_0/StreamingDataflowPartition_1_MVAU_hls_0/inst/grp_Matrix_Vector_Activate_Stream_Batch_fu_60/sparsemux_1569_10_8_1_1_U1/tmp_reg_19741[6]_i_357_n_3.  Did not re-place instance top_i/StreamingDataflowPartition_1/inst/StreamingDataflowPartition_1_MVAU_hls_0/StreamingDataflowPartition_1_MVAU_hls_0/inst/grp_Matrix_Vector_Activate_Stream_Batch_fu_60/sparsemux_1569_10_8_1_1_U1/tmp_reg_19741[6]_i_357
INFO: [Physopt 32-662] Processed net top_i/StreamingDataflowPartition_1/inst/StreamingDataflowPartition_1_MVAU_hls_0/StreamingDataflowPartition_1_MVAU_hls_0/inst/grp_Matrix_Vector_Activate_Stream_Batch_fu_60/tmp_reg_19741[0].  Did not re-place instance top_i/StreamingDataflowPartition_1/inst/StreamingDataflowPartition_1_MVAU_hls_0/StreamingDataflowPartition_1_MVAU_hls_0/inst/grp_Matrix_Vector_Activate_Stream_Batch_fu_60/tmp_reg_19741_reg[0]
INFO: [Physopt 32-662] Processed net top_i/StreamingDataflowPartition_1/inst/StreamingDataflowPartition_1_MVAU_hls_0/StreamingDataflowPartition_1_MVAU_hls_0/inst/grp_Matrix_Vector_Activate_Stream_Batch_fu_60/flow_control_loop_pipe_sequential_init_U/ap_sig_allocacmp_sf_1[4].  Did not re-place instance top_i/StreamingDataflowPartition_1/inst/StreamingDataflowPartition_1_MVAU_hls_0/StreamingDataflowPartition_1_MVAU_hls_0/inst/grp_Matrix_Vector_Activate_Stream_Batch_fu_60/flow_control_loop_pipe_sequential_init_U/inputBuf_fu_1664[7]_i_8
INFO: [Physopt 32-662] Processed net top_i/StreamingDataflowPartition_1/inst/StreamingDataflowPartition_1_MVAU_hls_0/StreamingDataflowPartition_1_MVAU_hls_0/inst/grp_Matrix_Vector_Activate_Stream_Batch_fu_60/flow_control_loop_pipe_sequential_init_U/inputBuf_196_fu_2448[7]_i_2_n_3.  Did not re-place instance top_i/StreamingDataflowPartition_1/inst/StreamingDataflowPartition_1_MVAU_hls_0/StreamingDataflowPartition_1_MVAU_hls_0/inst/grp_Matrix_Vector_Activate_Stream_Batch_fu_60/flow_control_loop_pipe_sequential_init_U/inputBuf_196_fu_2448[7]_i_2_rewire
INFO: [Physopt 32-662] Processed net top_i/StreamingDataflowPartition_1/inst/StreamingDataflowPartition_1_MVAU_hls_0/StreamingDataflowPartition_1_MVAU_hls_0/inst/grp_Matrix_Vector_Activate_Stream_Batch_fu_60/flow_control_loop_pipe_sequential_init_U/inputBuf_196_fu_2448[7]_i_3_n_3.  Did not re-place instance top_i/StreamingDataflowPartition_1/inst/StreamingDataflowPartition_1_MVAU_hls_0/StreamingDataflowPartition_1_MVAU_hls_0/inst/grp_Matrix_Vector_Activate_Stream_Batch_fu_60/flow_control_loop_pipe_sequential_init_U/inputBuf_196_fu_2448[7]_i_3_rewire
INFO: [Physopt 32-662] Processed net top_i/StreamingDataflowPartition_1/inst/StreamingDataflowPartition_1_MVAU_hls_0/StreamingDataflowPartition_1_MVAU_hls_0/inst/grp_Matrix_Vector_Activate_Stream_Batch_fu_60/flow_control_loop_pipe_sequential_init_U/inputBuf_783_fu_4796[7]_i_28_n_3.  Did not re-place instance top_i/StreamingDataflowPartition_1/inst/StreamingDataflowPartition_1_MVAU_hls_0/StreamingDataflowPartition_1_MVAU_hls_0/inst/grp_Matrix_Vector_Activate_Stream_Batch_fu_60/flow_control_loop_pipe_sequential_init_U/inputBuf_783_fu_4796[7]_i_28
INFO: [Physopt 32-662] Processed net top_i/StreamingDataflowPartition_1/inst/StreamingDataflowPartition_1_MVAU_hls_0/StreamingDataflowPartition_1_MVAU_hls_0/inst/grp_Matrix_Vector_Activate_Stream_Batch_fu_60/flow_control_loop_pipe_sequential_init_U/inputBuf_783_fu_4796[7]_i_5_n_3.  Did not re-place instance top_i/StreamingDataflowPartition_1/inst/StreamingDataflowPartition_1_MVAU_hls_0/StreamingDataflowPartition_1_MVAU_hls_0/inst/grp_Matrix_Vector_Activate_Stream_Batch_fu_60/flow_control_loop_pipe_sequential_init_U/inputBuf_783_fu_4796[7]_i_5
INFO: [Physopt 32-662] Processed net top_i/StreamingDataflowPartition_1/inst/StreamingDataflowPartition_1_MVAU_hls_0/StreamingDataflowPartition_1_MVAU_hls_0/inst/grp_Matrix_Vector_Activate_Stream_Batch_fu_60/sparsemux_1569_10_8_1_1_U1/D[2].  Did not re-place instance top_i/StreamingDataflowPartition_1/inst/StreamingDataflowPartition_1_MVAU_hls_0/StreamingDataflowPartition_1_MVAU_hls_0/inst/grp_Matrix_Vector_Activate_Stream_Batch_fu_60/sparsemux_1569_10_8_1_1_U1/tmp_reg_19741[2]_i_1
INFO: [Physopt 32-662] Processed net top_i/StreamingDataflowPartition_1/inst/StreamingDataflowPartition_1_MVAU_hls_0/StreamingDataflowPartition_1_MVAU_hls_0/inst/grp_Matrix_Vector_Activate_Stream_Batch_fu_60/sparsemux_1569_10_8_1_1_U1/tmp_reg_19741[2]_i_26_n_3.  Did not re-place instance top_i/StreamingDataflowPartition_1/inst/StreamingDataflowPartition_1_MVAU_hls_0/StreamingDataflowPartition_1_MVAU_hls_0/inst/grp_Matrix_Vector_Activate_Stream_Batch_fu_60/sparsemux_1569_10_8_1_1_U1/tmp_reg_19741[2]_i_26
INFO: [Physopt 32-662] Processed net top_i/StreamingDataflowPartition_1/inst/StreamingDataflowPartition_1_MVAU_hls_0/StreamingDataflowPartition_1_MVAU_hls_0/inst/grp_Matrix_Vector_Activate_Stream_Batch_fu_60/sparsemux_1569_10_8_1_1_U1/tmp_reg_19741[2]_i_360_n_3.  Did not re-place instance top_i/StreamingDataflowPartition_1/inst/StreamingDataflowPartition_1_MVAU_hls_0/StreamingDataflowPartition_1_MVAU_hls_0/inst/grp_Matrix_Vector_Activate_Stream_Batch_fu_60/sparsemux_1569_10_8_1_1_U1/tmp_reg_19741[2]_i_360
INFO: [Physopt 32-662] Processed net top_i/StreamingDataflowPartition_1/inst/StreamingDataflowPartition_1_MVAU_hls_0/StreamingDataflowPartition_1_MVAU_hls_0/inst/grp_Matrix_Vector_Activate_Stream_Batch_fu_60/tmp_reg_19741[2].  Did not re-place instance top_i/StreamingDataflowPartition_1/inst/StreamingDataflowPartition_1_MVAU_hls_0/StreamingDataflowPartition_1_MVAU_hls_0/inst/grp_Matrix_Vector_Activate_Stream_Batch_fu_60/tmp_reg_19741_reg[2]
INFO: [Physopt 32-662] Processed net top_i/StreamingDataflowPartition_1/inst/StreamingDataflowPartition_1_MVAU_hls_0/StreamingDataflowPartition_1_MVAU_hls_0/inst/grp_Matrix_Vector_Activate_Stream_Batch_fu_60/flow_control_loop_pipe_sequential_init_U/inputBuf_fu_1664[7]_i_5_n_3.  Did not re-place instance top_i/StreamingDataflowPartition_1/inst/StreamingDataflowPartition_1_MVAU_hls_0/StreamingDataflowPartition_1_MVAU_hls_0/inst/grp_Matrix_Vector_Activate_Stream_Batch_fu_60/flow_control_loop_pipe_sequential_init_U/inputBuf_fu_1664[7]_i_5
INFO: [Physopt 32-662] Processed net top_i/StreamingDataflowPartition_1/inst/StreamingDataflowPartition_1_MVAU_hls_0/StreamingDataflowPartition_1_MVAU_hls_0/inst/grp_Matrix_Vector_Activate_Stream_Batch_fu_60/sf_fu_1652_reg_n_3_[2].  Did not re-place instance top_i/StreamingDataflowPartition_1/inst/StreamingDataflowPartition_1_MVAU_hls_0/StreamingDataflowPartition_1_MVAU_hls_0/inst/grp_Matrix_Vector_Activate_Stream_Batch_fu_60/sf_fu_1652_reg[2]
INFO: [Physopt 32-662] Processed net top_i/StreamingDataflowPartition_1/inst/StreamingDataflowPartition_1_MVAU_hls_0/StreamingDataflowPartition_1_MVAU_hls_0/inst/grp_Matrix_Vector_Activate_Stream_Batch_fu_60/flow_control_loop_pipe_sequential_init_U/inputBuf_783_fu_4796[7]_i_10_n_3.  Did not re-place instance top_i/StreamingDataflowPartition_1/inst/StreamingDataflowPartition_1_MVAU_hls_0/StreamingDataflowPartition_1_MVAU_hls_0/inst/grp_Matrix_Vector_Activate_Stream_Batch_fu_60/flow_control_loop_pipe_sequential_init_U/inputBuf_783_fu_4796[7]_i_10
INFO: [Physopt 32-662] Processed net top_i/StreamingDataflowPartition_1/inst/StreamingDataflowPartition_1_MVAU_hls_0/StreamingDataflowPartition_1_MVAU_hls_0/inst/grp_Matrix_Vector_Activate_Stream_Batch_fu_60/flow_control_loop_pipe_sequential_init_U/inputBuf_783_fu_4796[7]_i_2_n_3.  Did not re-place instance top_i/StreamingDataflowPartition_1/inst/StreamingDataflowPartition_1_MVAU_hls_0/StreamingDataflowPartition_1_MVAU_hls_0/inst/grp_Matrix_Vector_Activate_Stream_Batch_fu_60/flow_control_loop_pipe_sequential_init_U/inputBuf_783_fu_4796[7]_i_2
INFO: [Physopt 32-662] Processed net top_i/StreamingDataflowPartition_1/inst/StreamingDataflowPartition_1_MVAU_hls_0/StreamingDataflowPartition_1_MVAU_hls_0/inst/grp_Matrix_Vector_Activate_Stream_Batch_fu_60/flow_control_loop_pipe_sequential_init_U/inputBuf_783_fu_4796[7]_i_51_n_3.  Did not re-place instance top_i/StreamingDataflowPartition_1/inst/StreamingDataflowPartition_1_MVAU_hls_0/StreamingDataflowPartition_1_MVAU_hls_0/inst/grp_Matrix_Vector_Activate_Stream_Batch_fu_60/flow_control_loop_pipe_sequential_init_U/inputBuf_783_fu_4796[7]_i_51
INFO: [Physopt 32-662] Processed net top_i/StreamingDataflowPartition_1/inst/StreamingDataflowPartition_1_MVAU_hls_0/StreamingDataflowPartition_1_MVAU_hls_0/inst/grp_Matrix_Vector_Activate_Stream_Batch_fu_60/flow_control_loop_pipe_sequential_init_U/inputBuf_783_fu_4796[7]_i_66_n_3_repN.  Did not re-place instance top_i/StreamingDataflowPartition_1/inst/StreamingDataflowPartition_1_MVAU_hls_0/StreamingDataflowPartition_1_MVAU_hls_0/inst/grp_Matrix_Vector_Activate_Stream_Batch_fu_60/flow_control_loop_pipe_sequential_init_U/inputBuf_783_fu_4796[7]_i_66_replica
INFO: [Physopt 32-662] Processed net top_i/StreamingDataflowPartition_1/inst/StreamingDataflowPartition_1_MVAU_hls_0/StreamingDataflowPartition_1_MVAU_hls_0/inst/grp_Matrix_Vector_Activate_Stream_Batch_fu_60/sparsemux_1569_10_8_1_1_U1/tmp_reg_19741[0]_i_196_n_3.  Did not re-place instance top_i/StreamingDataflowPartition_1/inst/StreamingDataflowPartition_1_MVAU_hls_0/StreamingDataflowPartition_1_MVAU_hls_0/inst/grp_Matrix_Vector_Activate_Stream_Batch_fu_60/sparsemux_1569_10_8_1_1_U1/tmp_reg_19741[0]_i_196
INFO: [Physopt 32-662] Processed net top_i/StreamingDataflowPartition_1/inst/StreamingDataflowPartition_1_MVAU_hls_0/StreamingDataflowPartition_1_MVAU_hls_0/inst/grp_Matrix_Vector_Activate_Stream_Batch_fu_60/flow_control_loop_pipe_sequential_init_U/inputBuf_436_fu_3408[7]_i_2_n_3.  Did not re-place instance top_i/StreamingDataflowPartition_1/inst/StreamingDataflowPartition_1_MVAU_hls_0/StreamingDataflowPartition_1_MVAU_hls_0/inst/grp_Matrix_Vector_Activate_Stream_Batch_fu_60/flow_control_loop_pipe_sequential_init_U/inputBuf_436_fu_3408[7]_i_2
INFO: [Physopt 32-662] Processed net top_i/StreamingDataflowPartition_1/inst/StreamingDataflowPartition_1_MVAU_hls_0/StreamingDataflowPartition_1_MVAU_hls_0/inst/grp_Matrix_Vector_Activate_Stream_Batch_fu_60/flow_control_loop_pipe_sequential_init_U/inputBuf_783_fu_4796[7]_i_136_n_3.  Did not re-place instance top_i/StreamingDataflowPartition_1/inst/StreamingDataflowPartition_1_MVAU_hls_0/StreamingDataflowPartition_1_MVAU_hls_0/inst/grp_Matrix_Vector_Activate_Stream_Batch_fu_60/flow_control_loop_pipe_sequential_init_U/inputBuf_783_fu_4796[7]_i_136
INFO: [Physopt 32-662] Processed net top_i/StreamingDataflowPartition_1/inst/StreamingDataflowPartition_1_MVAU_hls_0/StreamingDataflowPartition_1_MVAU_hls_0/inst/grp_Matrix_Vector_Activate_Stream_Batch_fu_60/flow_control_loop_pipe_sequential_init_U/inputBuf_783_fu_4796[7]_i_3_n_3.  Did not re-place instance top_i/StreamingDataflowPartition_1/inst/StreamingDataflowPartition_1_MVAU_hls_0/StreamingDataflowPartition_1_MVAU_hls_0/inst/grp_Matrix_Vector_Activate_Stream_Batch_fu_60/flow_control_loop_pipe_sequential_init_U/inputBuf_783_fu_4796[7]_i_3
INFO: [Physopt 32-662] Processed net top_i/StreamingDataflowPartition_1/inst/StreamingDataflowPartition_1_MVAU_hls_0/StreamingDataflowPartition_1_MVAU_hls_0/inst/grp_Matrix_Vector_Activate_Stream_Batch_fu_60/sparsemux_1569_10_8_1_1_U1/tmp_reg_19741[6]_i_356_n_3.  Did not re-place instance top_i/StreamingDataflowPartition_1/inst/StreamingDataflowPartition_1_MVAU_hls_0/StreamingDataflowPartition_1_MVAU_hls_0/inst/grp_Matrix_Vector_Activate_Stream_Batch_fu_60/sparsemux_1569_10_8_1_1_U1/tmp_reg_19741[6]_i_356
INFO: [Physopt 32-662] Processed net top_i/StreamingDataflowPartition_1/inst/StreamingDataflowPartition_1_MVAU_hls_0/StreamingDataflowPartition_1_MVAU_hls_0/inst/grp_Matrix_Vector_Activate_Stream_Batch_fu_60/flow_control_loop_pipe_sequential_init_U/sf_fu_1652[31]_i_6_n_3.  Did not re-place instance top_i/StreamingDataflowPartition_1/inst/StreamingDataflowPartition_1_MVAU_hls_0/StreamingDataflowPartition_1_MVAU_hls_0/inst/grp_Matrix_Vector_Activate_Stream_Batch_fu_60/flow_control_loop_pipe_sequential_init_U/sf_fu_1652[31]_i_6
INFO: [Physopt 32-662] Processed net top_i/StreamingDataflowPartition_1/inst/StreamingDataflowPartition_1_MVAU_hls_0/StreamingDataflowPartition_1_MVAU_hls_0/inst/grp_Matrix_Vector_Activate_Stream_Batch_fu_60/flow_control_loop_pipe_sequential_init_U/sf_fu_1652[31]_i_13_n_3.  Did not re-place instance top_i/StreamingDataflowPartition_1/inst/StreamingDataflowPartition_1_MVAU_hls_0/StreamingDataflowPartition_1_MVAU_hls_0/inst/grp_Matrix_Vector_Activate_Stream_Batch_fu_60/flow_control_loop_pipe_sequential_init_U/sf_fu_1652[31]_i_13
INFO: [Physopt 32-662] Processed net top_i/StreamingDataflowPartition_1/inst/StreamingDataflowPartition_1_MVAU_hls_0/StreamingDataflowPartition_1_MVAU_hls_0/inst/grp_Matrix_Vector_Activate_Stream_Batch_fu_60/sparsemux_1569_10_8_1_1_U1/tmp_reg_19741[2]_i_359_n_3.  Did not re-place instance top_i/StreamingDataflowPartition_1/inst/StreamingDataflowPartition_1_MVAU_hls_0/StreamingDataflowPartition_1_MVAU_hls_0/inst/grp_Matrix_Vector_Activate_Stream_Batch_fu_60/sparsemux_1569_10_8_1_1_U1/tmp_reg_19741[2]_i_359
INFO: [Physopt 32-662] Processed net top_i/StreamingDataflowPartition_1/inst/StreamingDataflowPartition_1_MVAU_hls_0/StreamingDataflowPartition_1_MVAU_hls_0/inst/grp_Matrix_Vector_Activate_Stream_Batch_fu_60/flow_control_loop_pipe_sequential_init_U/sf_fu_1652[4]_i_5_n_3.  Did not re-place instance top_i/StreamingDataflowPartition_1/inst/StreamingDataflowPartition_1_MVAU_hls_0/StreamingDataflowPartition_1_MVAU_hls_0/inst/grp_Matrix_Vector_Activate_Stream_Batch_fu_60/flow_control_loop_pipe_sequential_init_U/sf_fu_1652[4]_i_5
INFO: [Physopt 32-662] Processed net top_i/StreamingDataflowPartition_1/inst/StreamingDataflowPartition_1_MVAU_hls_0/StreamingDataflowPartition_1_MVAU_hls_0/inst/grp_Matrix_Vector_Activate_Stream_Batch_fu_60/sparsemux_1569_10_8_1_1_U1/tmp_reg_19741[0]_i_195_n_3.  Did not re-place instance top_i/StreamingDataflowPartition_1/inst/StreamingDataflowPartition_1_MVAU_hls_0/StreamingDataflowPartition_1_MVAU_hls_0/inst/grp_Matrix_Vector_Activate_Stream_Batch_fu_60/sparsemux_1569_10_8_1_1_U1/tmp_reg_19741[0]_i_195
INFO: [Physopt 32-662] Processed net top_i/StreamingDataflowPartition_1/inst/StreamingDataflowPartition_1_MVAU_hls_0/StreamingDataflowPartition_1_MVAU_hls_0/inst/grp_Matrix_Vector_Activate_Stream_Batch_fu_60/sparsemux_1569_10_8_1_1_U1/tmp_reg_19741[6]_i_355_n_3.  Did not re-place instance top_i/StreamingDataflowPartition_1/inst/StreamingDataflowPartition_1_MVAU_hls_0/StreamingDataflowPartition_1_MVAU_hls_0/inst/grp_Matrix_Vector_Activate_Stream_Batch_fu_60/sparsemux_1569_10_8_1_1_U1/tmp_reg_19741[6]_i_355
INFO: [Physopt 32-662] Processed net top_i/StreamingDataflowPartition_1/inst/StreamingDataflowPartition_1_MVAU_hls_0/StreamingDataflowPartition_1_MVAU_hls_0/inst/grp_Matrix_Vector_Activate_Stream_Batch_fu_60/flow_control_loop_pipe_sequential_init_U/inputBuf_783_fu_4796[7]_i_67_n_3_repN.  Did not re-place instance top_i/StreamingDataflowPartition_1/inst/StreamingDataflowPartition_1_MVAU_hls_0/StreamingDataflowPartition_1_MVAU_hls_0/inst/grp_Matrix_Vector_Activate_Stream_Batch_fu_60/flow_control_loop_pipe_sequential_init_U/inputBuf_783_fu_4796[7]_i_67_replica
INFO: [Physopt 32-662] Processed net top_i/StreamingDataflowPartition_1/inst/StreamingDataflowPartition_1_MVAU_hls_0/StreamingDataflowPartition_1_MVAU_hls_0/inst/grp_Matrix_Vector_Activate_Stream_Batch_fu_60/flow_control_loop_pipe_sequential_init_U/sf_fu_1652_reg[1].  Did not re-place instance top_i/StreamingDataflowPartition_1/inst/StreamingDataflowPartition_1_MVAU_hls_0/StreamingDataflowPartition_1_MVAU_hls_0/inst/grp_Matrix_Vector_Activate_Stream_Batch_fu_60/flow_control_loop_pipe_sequential_init_U/inputBuf_720_fu_4544[7]_i_2
INFO: [Physopt 32-662] Processed net top_i/StreamingDataflowPartition_1/inst/StreamingDataflowPartition_1_MVAU_hls_0/StreamingDataflowPartition_1_MVAU_hls_0/inst/grp_Matrix_Vector_Activate_Stream_Batch_fu_60/sparsemux_1569_10_8_1_1_U1/D[4].  Did not re-place instance top_i/StreamingDataflowPartition_1/inst/StreamingDataflowPartition_1_MVAU_hls_0/StreamingDataflowPartition_1_MVAU_hls_0/inst/grp_Matrix_Vector_Activate_Stream_Batch_fu_60/sparsemux_1569_10_8_1_1_U1/tmp_reg_19741[4]_i_1
INFO: [Physopt 32-662] Processed net top_i/StreamingDataflowPartition_1/inst/StreamingDataflowPartition_1_MVAU_hls_0/StreamingDataflowPartition_1_MVAU_hls_0/inst/grp_Matrix_Vector_Activate_Stream_Batch_fu_60/sparsemux_1569_10_8_1_1_U1/tmp_reg_19741[4]_i_19_n_3.  Did not re-place instance top_i/StreamingDataflowPartition_1/inst/StreamingDataflowPartition_1_MVAU_hls_0/StreamingDataflowPartition_1_MVAU_hls_0/inst/grp_Matrix_Vector_Activate_Stream_Batch_fu_60/sparsemux_1569_10_8_1_1_U1/tmp_reg_19741[4]_i_19
INFO: [Physopt 32-662] Processed net top_i/StreamingDataflowPartition_1/inst/StreamingDataflowPartition_1_MVAU_hls_0/StreamingDataflowPartition_1_MVAU_hls_0/inst/grp_Matrix_Vector_Activate_Stream_Batch_fu_60/sparsemux_1569_10_8_1_1_U1/tmp_reg_19741[4]_i_231_n_3.  Did not re-place instance top_i/StreamingDataflowPartition_1/inst/StreamingDataflowPartition_1_MVAU_hls_0/StreamingDataflowPartition_1_MVAU_hls_0/inst/grp_Matrix_Vector_Activate_Stream_Batch_fu_60/sparsemux_1569_10_8_1_1_U1/tmp_reg_19741[4]_i_231
INFO: [Physopt 32-662] Processed net top_i/StreamingDataflowPartition_1/inst/StreamingDataflowPartition_1_MVAU_hls_0/StreamingDataflowPartition_1_MVAU_hls_0/inst/grp_Matrix_Vector_Activate_Stream_Batch_fu_60/tmp_reg_19741[4].  Did not re-place instance top_i/StreamingDataflowPartition_1/inst/StreamingDataflowPartition_1_MVAU_hls_0/StreamingDataflowPartition_1_MVAU_hls_0/inst/grp_Matrix_Vector_Activate_Stream_Batch_fu_60/tmp_reg_19741_reg[4]
INFO: [Physopt 32-662] Processed net top_i/StreamingDataflowPartition_1/inst/StreamingDataflowPartition_1_MVAU_hls_0/StreamingDataflowPartition_1_MVAU_hls_0/inst/grp_Matrix_Vector_Activate_Stream_Batch_fu_60/flow_control_loop_pipe_sequential_init_U/inputBuf_384_fu_3200[7]_i_4_n_3.  Did not re-place instance top_i/StreamingDataflowPartition_1/inst/StreamingDataflowPartition_1_MVAU_hls_0/StreamingDataflowPartition_1_MVAU_hls_0/inst/grp_Matrix_Vector_Activate_Stream_Batch_fu_60/flow_control_loop_pipe_sequential_init_U/inputBuf_384_fu_3200[7]_i_4
INFO: [Physopt 32-662] Processed net top_i/StreamingDataflowPartition_1/inst/StreamingDataflowPartition_1_MVAU_hls_0/StreamingDataflowPartition_1_MVAU_hls_0/inst/grp_Matrix_Vector_Activate_Stream_Batch_fu_60/flow_control_loop_pipe_sequential_init_U/inputBuf_783_fu_4796[7]_i_54_n_3.  Did not re-place instance top_i/StreamingDataflowPartition_1/inst/StreamingDataflowPartition_1_MVAU_hls_0/StreamingDataflowPartition_1_MVAU_hls_0/inst/grp_Matrix_Vector_Activate_Stream_Batch_fu_60/flow_control_loop_pipe_sequential_init_U/inputBuf_783_fu_4796[7]_i_54
INFO: [Physopt 32-662] Processed net top_i/StreamingDataflowPartition_1/inst/StreamingDataflowPartition_1_MVAU_hls_0/StreamingDataflowPartition_1_MVAU_hls_0/inst/grp_Matrix_Vector_Activate_Stream_Batch_fu_60/sparsemux_1569_10_8_1_1_U1/tmp_reg_19741[4]_i_230_n_3.  Did not re-place instance top_i/StreamingDataflowPartition_1/inst/StreamingDataflowPartition_1_MVAU_hls_0/StreamingDataflowPartition_1_MVAU_hls_0/inst/grp_Matrix_Vector_Activate_Stream_Batch_fu_60/sparsemux_1569_10_8_1_1_U1/tmp_reg_19741[4]_i_230
INFO: [Physopt 32-662] Processed net top_i/StreamingDataflowPartition_1/inst/StreamingDataflowPartition_1_MVAU_hls_0/StreamingDataflowPartition_1_MVAU_hls_0/inst/grp_Matrix_Vector_Activate_Stream_Batch_fu_60/sparsemux_1569_10_8_1_1_U1/tmp_reg_19741[6]_i_364_n_3.  Did not re-place instance top_i/StreamingDataflowPartition_1/inst/StreamingDataflowPartition_1_MVAU_hls_0/StreamingDataflowPartition_1_MVAU_hls_0/inst/grp_Matrix_Vector_Activate_Stream_Batch_fu_60/sparsemux_1569_10_8_1_1_U1/tmp_reg_19741[6]_i_364
INFO: [Physopt 32-662] Processed net top_i/StreamingDataflowPartition_1/inst/StreamingDataflowPartition_1_MVAU_hls_0/StreamingDataflowPartition_1_MVAU_hls_0/inst/grp_Matrix_Vector_Activate_Stream_Batch_fu_60/sf_fu_1652_reg_n_3_[3].  Did not re-place instance top_i/StreamingDataflowPartition_1/inst/StreamingDataflowPartition_1_MVAU_hls_0/StreamingDataflowPartition_1_MVAU_hls_0/inst/grp_Matrix_Vector_Activate_Stream_Batch_fu_60/sf_fu_1652_reg[3]
INFO: [Physopt 32-662] Processed net top_i/StreamingDataflowPartition_1/inst/StreamingDataflowPartition_1_MVAU_hls_0/StreamingDataflowPartition_1_MVAU_hls_0/inst/grp_Matrix_Vector_Activate_Stream_Batch_fu_60/flow_control_loop_pipe_sequential_init_U/inputBuf_368_fu_3136[7]_i_2_n_3.  Did not re-place instance top_i/StreamingDataflowPartition_1/inst/StreamingDataflowPartition_1_MVAU_hls_0/StreamingDataflowPartition_1_MVAU_hls_0/inst/grp_Matrix_Vector_Activate_Stream_Batch_fu_60/flow_control_loop_pipe_sequential_init_U/inputBuf_368_fu_3136[7]_i_2
INFO: [Physopt 32-662] Processed net top_i/StreamingDataflowPartition_1/inst/StreamingDataflowPartition_1_MVAU_hls_0/StreamingDataflowPartition_1_MVAU_hls_0/inst/grp_Matrix_Vector_Activate_Stream_Batch_fu_60/flow_control_loop_pipe_sequential_init_U/inputBuf_783_fu_4796[7]_i_14_n_3.  Did not re-place instance top_i/StreamingDataflowPartition_1/inst/StreamingDataflowPartition_1_MVAU_hls_0/StreamingDataflowPartition_1_MVAU_hls_0/inst/grp_Matrix_Vector_Activate_Stream_Batch_fu_60/flow_control_loop_pipe_sequential_init_U/inputBuf_783_fu_4796[7]_i_14
INFO: [Physopt 32-662] Processed net top_i/StreamingDataflowPartition_1/inst/StreamingDataflowPartition_1_MVAU_hls_0/StreamingDataflowPartition_1_MVAU_hls_0/inst/grp_Matrix_Vector_Activate_Stream_Batch_fu_60/flow_control_loop_pipe_sequential_init_U/inputBuf_783_fu_4796[7]_i_9_n_3.  Did not re-place instance top_i/StreamingDataflowPartition_1/inst/StreamingDataflowPartition_1_MVAU_hls_0/StreamingDataflowPartition_1_MVAU_hls_0/inst/grp_Matrix_Vector_Activate_Stream_Batch_fu_60/flow_control_loop_pipe_sequential_init_U/inputBuf_783_fu_4796[7]_i_9
INFO: [Physopt 32-662] Processed net top_i/StreamingDataflowPartition_1/inst/StreamingDataflowPartition_1_MVAU_hls_0/StreamingDataflowPartition_1_MVAU_hls_0/inst/grp_Matrix_Vector_Activate_Stream_Batch_fu_60/sparsemux_1569_10_8_1_1_U1/tmp_reg_19741[6]_i_363_n_3.  Did not re-place instance top_i/StreamingDataflowPartition_1/inst/StreamingDataflowPartition_1_MVAU_hls_0/StreamingDataflowPartition_1_MVAU_hls_0/inst/grp_Matrix_Vector_Activate_Stream_Batch_fu_60/sparsemux_1569_10_8_1_1_U1/tmp_reg_19741[6]_i_363
INFO: [Physopt 32-662] Processed net top_i/StreamingDataflowPartition_1/inst/StreamingDataflowPartition_1_MVAU_hls_0/StreamingDataflowPartition_1_MVAU_hls_0/inst/grp_Matrix_Vector_Activate_Stream_Batch_fu_60_ap_start_reg_repN_1.  Did not re-place instance top_i/StreamingDataflowPartition_1/inst/StreamingDataflowPartition_1_MVAU_hls_0/StreamingDataflowPartition_1_MVAU_hls_0/inst/grp_Matrix_Vector_Activate_Stream_Batch_fu_60_ap_start_reg_reg_replica_1
INFO: [Physopt 32-662] Processed net top_i/StreamingDataflowPartition_1/inst/StreamingDataflowPartition_1_MVAU_hls_0/StreamingDataflowPartition_1_MVAU_hls_0/inst/grp_Matrix_Vector_Activate_Stream_Batch_fu_60/sf_fu_1652_reg_n_3_[6].  Did not re-place instance top_i/StreamingDataflowPartition_1/inst/StreamingDataflowPartition_1_MVAU_hls_0/StreamingDataflowPartition_1_MVAU_hls_0/inst/grp_Matrix_Vector_Activate_Stream_Batch_fu_60/sf_fu_1652_reg[6]
INFO: [Physopt 32-662] Processed net top_i/StreamingDataflowPartition_1/inst/StreamingDataflowPartition_1_MVAU_hls_0/StreamingDataflowPartition_1_MVAU_hls_0/inst/grp_Matrix_Vector_Activate_Stream_Batch_fu_60/flow_control_loop_pipe_sequential_init_U/sf_fu_1652[8]_i_4_n_3.  Did not re-place instance top_i/StreamingDataflowPartition_1/inst/StreamingDataflowPartition_1_MVAU_hls_0/StreamingDataflowPartition_1_MVAU_hls_0/inst/grp_Matrix_Vector_Activate_Stream_Batch_fu_60/flow_control_loop_pipe_sequential_init_U/sf_fu_1652[8]_i_4
INFO: [Physopt 32-662] Processed net top_i/StreamingDataflowPartition_1/inst/StreamingDataflowPartition_1_MVAU_hls_0/StreamingDataflowPartition_1_MVAU_hls_0/inst/grp_Matrix_Vector_Activate_Stream_Batch_fu_60/flow_control_loop_pipe_sequential_init_U/sf_fu_1652_reg[1]_51.  Did not re-place instance top_i/StreamingDataflowPartition_1/inst/StreamingDataflowPartition_1_MVAU_hls_0/StreamingDataflowPartition_1_MVAU_hls_0/inst/grp_Matrix_Vector_Activate_Stream_Batch_fu_60/flow_control_loop_pipe_sequential_init_U/inputBuf_144_fu_2240[7]_i_2
INFO: [Physopt 32-662] Processed net top_i/StreamingDataflowPartition_1/inst/StreamingDataflowPartition_1_MVAU_hls_0/StreamingDataflowPartition_1_MVAU_hls_0/inst/grp_Matrix_Vector_Activate_Stream_Batch_fu_60/sparsemux_1569_10_8_1_1_U1/tmp_reg_19741[6]_i_26_n_3.  Did not re-place instance top_i/StreamingDataflowPartition_1/inst/StreamingDataflowPartition_1_MVAU_hls_0/StreamingDataflowPartition_1_MVAU_hls_0/inst/grp_Matrix_Vector_Activate_Stream_Batch_fu_60/sparsemux_1569_10_8_1_1_U1/tmp_reg_19741[6]_i_26
INFO: [Physopt 32-662] Processed net top_i/StreamingDataflowPartition_1/inst/StreamingDataflowPartition_1_MVAU_hls_0/StreamingDataflowPartition_1_MVAU_hls_0/inst/grp_Matrix_Vector_Activate_Stream_Batch_fu_60/sparsemux_1569_10_8_1_1_U1/tmp_reg_19741[6]_i_345_n_3.  Did not re-place instance top_i/StreamingDataflowPartition_1/inst/StreamingDataflowPartition_1_MVAU_hls_0/StreamingDataflowPartition_1_MVAU_hls_0/inst/grp_Matrix_Vector_Activate_Stream_Batch_fu_60/sparsemux_1569_10_8_1_1_U1/tmp_reg_19741[6]_i_345
INFO: [Physopt 32-662] Processed net top_i/StreamingDataflowPartition_1/inst/StreamingDataflowPartition_1_MVAU_hls_0/StreamingDataflowPartition_1_MVAU_hls_0/inst/grp_Matrix_Vector_Activate_Stream_Batch_fu_60/sparsemux_1569_10_8_1_1_U1/tmp_reg_19741[6]_i_346_n_3.  Did not re-place instance top_i/StreamingDataflowPartition_1/inst/StreamingDataflowPartition_1_MVAU_hls_0/StreamingDataflowPartition_1_MVAU_hls_0/inst/grp_Matrix_Vector_Activate_Stream_Batch_fu_60/sparsemux_1569_10_8_1_1_U1/tmp_reg_19741[6]_i_346
INFO: [Physopt 32-662] Processed net top_i/StreamingDataflowPartition_1/inst/StreamingDataflowPartition_1_MVAU_hls_0/StreamingDataflowPartition_1_MVAU_hls_0/inst/grp_Matrix_Vector_Activate_Stream_Batch_fu_60/flow_control_loop_pipe_sequential_init_U/inputBuf_356_fu_3088[7]_i_2_n_3.  Did not re-place instance top_i/StreamingDataflowPartition_1/inst/StreamingDataflowPartition_1_MVAU_hls_0/StreamingDataflowPartition_1_MVAU_hls_0/inst/grp_Matrix_Vector_Activate_Stream_Batch_fu_60/flow_control_loop_pipe_sequential_init_U/inputBuf_356_fu_3088[7]_i_2
INFO: [Physopt 32-662] Processed net top_i/StreamingDataflowPartition_1/inst/StreamingDataflowPartition_1_MVAU_hls_0/StreamingDataflowPartition_1_MVAU_hls_0/inst/grp_Matrix_Vector_Activate_Stream_Batch_fu_60/sparsemux_1569_10_8_1_1_U1/D[7].  Did not re-place instance top_i/StreamingDataflowPartition_1/inst/StreamingDataflowPartition_1_MVAU_hls_0/StreamingDataflowPartition_1_MVAU_hls_0/inst/grp_Matrix_Vector_Activate_Stream_Batch_fu_60/sparsemux_1569_10_8_1_1_U1/tmp_reg_19741[7]_i_1
INFO: [Physopt 32-662] Processed net top_i/StreamingDataflowPartition_1/inst/StreamingDataflowPartition_1_MVAU_hls_0/StreamingDataflowPartition_1_MVAU_hls_0/inst/grp_Matrix_Vector_Activate_Stream_Batch_fu_60/sparsemux_1569_10_8_1_1_U1/tmp_reg_19741[7]_i_30_n_3.  Did not re-place instance top_i/StreamingDataflowPartition_1/inst/StreamingDataflowPartition_1_MVAU_hls_0/StreamingDataflowPartition_1_MVAU_hls_0/inst/grp_Matrix_Vector_Activate_Stream_Batch_fu_60/sparsemux_1569_10_8_1_1_U1/tmp_reg_19741[7]_i_30
INFO: [Physopt 32-662] Processed net top_i/StreamingDataflowPartition_1/inst/StreamingDataflowPartition_1_MVAU_hls_0/StreamingDataflowPartition_1_MVAU_hls_0/inst/grp_Matrix_Vector_Activate_Stream_Batch_fu_60/sparsemux_1569_10_8_1_1_U1/tmp_reg_19741[7]_i_349_n_3.  Did not re-place instance top_i/StreamingDataflowPartition_1/inst/StreamingDataflowPartition_1_MVAU_hls_0/StreamingDataflowPartition_1_MVAU_hls_0/inst/grp_Matrix_Vector_Activate_Stream_Batch_fu_60/sparsemux_1569_10_8_1_1_U1/tmp_reg_19741[7]_i_349
INFO: [Physopt 32-662] Processed net top_i/StreamingDataflowPartition_1/inst/StreamingDataflowPartition_1_MVAU_hls_0/StreamingDataflowPartition_1_MVAU_hls_0/inst/grp_Matrix_Vector_Activate_Stream_Batch_fu_60/tmp_reg_19741[7].  Did not re-place instance top_i/StreamingDataflowPartition_1/inst/StreamingDataflowPartition_1_MVAU_hls_0/StreamingDataflowPartition_1_MVAU_hls_0/inst/grp_Matrix_Vector_Activate_Stream_Batch_fu_60/tmp_reg_19741_reg[7]
INFO: [Physopt 32-662] Processed net top_i/StreamingDataflowPartition_1/inst/StreamingDataflowPartition_1_MVAU_hls_1/StreamingDataflowPartition_1_MVAU_hls_1/inst/grp_Matrix_Vector_Activate_Stream_Batch_fu_60/flow_control_loop_pipe_sequential_init_U/grp_Matrix_Vector_Activate_Stream_Batch_fu_60_ap_start_reg_reg_1[0].  Did not re-place instance top_i/StreamingDataflowPartition_1/inst/StreamingDataflowPartition_1_MVAU_hls_1/StreamingDataflowPartition_1_MVAU_hls_1/inst/grp_Matrix_Vector_Activate_Stream_Batch_fu_60/flow_control_loop_pipe_sequential_init_U/nf_1_fu_1630[31]_i_1
INFO: [Physopt 32-662] Processed net top_i/StreamingDataflowPartition_1/inst/StreamingDataflowPartition_1_MVAU_hls_1/StreamingDataflowPartition_1_MVAU_hls_1/inst/grp_Matrix_Vector_Activate_Stream_Batch_fu_60/nf_1_fu_1630_reg_n_3_[0].  Did not re-place instance top_i/StreamingDataflowPartition_1/inst/StreamingDataflowPartition_1_MVAU_hls_1/StreamingDataflowPartition_1_MVAU_hls_1/inst/grp_Matrix_Vector_Activate_Stream_Batch_fu_60/nf_1_fu_1630_reg[0]
INFO: [Physopt 32-662] Processed net top_i/StreamingDataflowPartition_1/inst/StreamingDataflowPartition_1_MVAU_hls_1/StreamingDataflowPartition_1_MVAU_hls_1/inst/grp_Matrix_Vector_Activate_Stream_Batch_fu_60/flow_control_loop_pipe_sequential_init_U/nf_1_fu_1630_reg[7][0].  Did not re-place instance top_i/StreamingDataflowPartition_1/inst/StreamingDataflowPartition_1_MVAU_hls_1/StreamingDataflowPartition_1_MVAU_hls_1/inst/grp_Matrix_Vector_Activate_Stream_Batch_fu_60/flow_control_loop_pipe_sequential_init_U/nf_2_reg_7055[0]_i_1
INFO: [Physopt 32-662] Processed net top_i/StreamingDataflowPartition_1/inst/StreamingDataflowPartition_1_MVAU_hls_1/StreamingDataflowPartition_1_MVAU_hls_1/inst/grp_Matrix_Vector_Activate_Stream_Batch_fu_60/flow_control_loop_pipe_sequential_init_U/nf_1_fu_1630[31]_i_2_n_3.  Did not re-place instance top_i/StreamingDataflowPartition_1/inst/StreamingDataflowPartition_1_MVAU_hls_1/StreamingDataflowPartition_1_MVAU_hls_1/inst/grp_Matrix_Vector_Activate_Stream_Batch_fu_60/flow_control_loop_pipe_sequential_init_U/nf_1_fu_1630[31]_i_2
INFO: [Physopt 32-662] Processed net top_i/StreamingDataflowPartition_1/inst/StreamingDataflowPartition_1_MVAU_hls_1/StreamingDataflowPartition_1_MVAU_hls_1/inst/grp_Matrix_Vector_Activate_Stream_Batch_fu_60/flow_control_loop_pipe_sequential_init_U/nf_1_fu_1630[31]_i_3_n_3.  Did not re-place instance top_i/StreamingDataflowPartition_1/inst/StreamingDataflowPartition_1_MVAU_hls_1/StreamingDataflowPartition_1_MVAU_hls_1/inst/grp_Matrix_Vector_Activate_Stream_Batch_fu_60/flow_control_loop_pipe_sequential_init_U/nf_1_fu_1630[31]_i_3
INFO: [Physopt 32-662] Processed net top_i/StreamingDataflowPartition_1/inst/StreamingDataflowPartition_1_MVAU_hls_1/StreamingDataflowPartition_1_MVAU_hls_1/inst/grp_Matrix_Vector_Activate_Stream_Batch_fu_60/flow_control_loop_pipe_sequential_init_U/nf_1_fu_1630[31]_i_7_n_3.  Did not re-place instance top_i/StreamingDataflowPartition_1/inst/StreamingDataflowPartition_1_MVAU_hls_1/StreamingDataflowPartition_1_MVAU_hls_1/inst/grp_Matrix_Vector_Activate_Stream_Batch_fu_60/flow_control_loop_pipe_sequential_init_U/nf_1_fu_1630[31]_i_7
INFO: [Physopt 32-662] Processed net top_i/StreamingDataflowPartition_1/inst/StreamingDataflowPartition_1_MVAU_hls_0/StreamingDataflowPartition_1_MVAU_hls_0/inst/grp_Matrix_Vector_Activate_Stream_Batch_fu_60/flow_control_loop_pipe_sequential_init_U/inputBuf_400_fu_3264[7]_i_2_n_3_repN.  Did not re-place instance top_i/StreamingDataflowPartition_1/inst/StreamingDataflowPartition_1_MVAU_hls_0/StreamingDataflowPartition_1_MVAU_hls_0/inst/grp_Matrix_Vector_Activate_Stream_Batch_fu_60/flow_control_loop_pipe_sequential_init_U/inputBuf_400_fu_3264[7]_i_2_replica
INFO: [Physopt 32-662] Processed net top_i/StreamingDataflowPartition_1/inst/StreamingDataflowPartition_1_MVAU_hls_0/StreamingDataflowPartition_1_MVAU_hls_0/inst/grp_Matrix_Vector_Activate_Stream_Batch_fu_60/flow_control_loop_pipe_sequential_init_U/inputBuf_783_fu_4796[7]_i_44_n_3.  Did not re-place instance top_i/StreamingDataflowPartition_1/inst/StreamingDataflowPartition_1_MVAU_hls_0/StreamingDataflowPartition_1_MVAU_hls_0/inst/grp_Matrix_Vector_Activate_Stream_Batch_fu_60/flow_control_loop_pipe_sequential_init_U/inputBuf_783_fu_4796[7]_i_44
INFO: [Physopt 32-662] Processed net top_i/StreamingDataflowPartition_1/inst/StreamingDataflowPartition_1_MVAU_hls_0/StreamingDataflowPartition_1_MVAU_hls_0/inst/grp_Matrix_Vector_Activate_Stream_Batch_fu_60/flow_control_loop_pipe_sequential_init_U/inputBuf_783_fu_4796[7]_i_8_n_3.  Did not re-place instance top_i/StreamingDataflowPartition_1/inst/StreamingDataflowPartition_1_MVAU_hls_0/StreamingDataflowPartition_1_MVAU_hls_0/inst/grp_Matrix_Vector_Activate_Stream_Batch_fu_60/flow_control_loop_pipe_sequential_init_U/inputBuf_783_fu_4796[7]_i_8
INFO: [Physopt 32-662] Processed net top_i/StreamingDataflowPartition_1/inst/StreamingDataflowPartition_1_MVAU_hls_0/StreamingDataflowPartition_1_MVAU_hls_0/inst/grp_Matrix_Vector_Activate_Stream_Batch_fu_60/sparsemux_1569_10_8_1_1_U1/tmp_reg_19741[5]_i_360_n_3.  Did not re-place instance top_i/StreamingDataflowPartition_1/inst/StreamingDataflowPartition_1_MVAU_hls_0/StreamingDataflowPartition_1_MVAU_hls_0/inst/grp_Matrix_Vector_Activate_Stream_Batch_fu_60/sparsemux_1569_10_8_1_1_U1/tmp_reg_19741[5]_i_360
INFO: [Physopt 32-662] Processed net top_i/StreamingDataflowPartition_1/inst/StreamingDataflowPartition_1_MVAU_hls_0/StreamingDataflowPartition_1_MVAU_hls_0/inst/grp_Matrix_Vector_Activate_Stream_Batch_fu_60/sparsemux_1569_10_8_1_1_U1/tmp_reg_19741[7]_i_348_n_3.  Did not re-place instance top_i/StreamingDataflowPartition_1/inst/StreamingDataflowPartition_1_MVAU_hls_0/StreamingDataflowPartition_1_MVAU_hls_0/inst/grp_Matrix_Vector_Activate_Stream_Batch_fu_60/sparsemux_1569_10_8_1_1_U1/tmp_reg_19741[7]_i_348
INFO: [Physopt 32-662] Processed net top_i/StreamingDataflowPartition_1/inst/StreamingDataflowPartition_1_MVAU_hls_0/StreamingDataflowPartition_1_MVAU_hls_0/inst/grp_Matrix_Vector_Activate_Stream_Batch_fu_60/flow_control_loop_pipe_sequential_init_U/inputBuf_92_fu_2032[7]_i_3_n_3.  Did not re-place instance top_i/StreamingDataflowPartition_1/inst/StreamingDataflowPartition_1_MVAU_hls_0/StreamingDataflowPartition_1_MVAU_hls_0/inst/grp_Matrix_Vector_Activate_Stream_Batch_fu_60/flow_control_loop_pipe_sequential_init_U/inputBuf_92_fu_2032[7]_i_3
INFO: [Physopt 32-662] Processed net top_i/StreamingDataflowPartition_1/inst/StreamingDataflowPartition_1_MVAU_hls_0/StreamingDataflowPartition_1_MVAU_hls_0/inst/grp_Matrix_Vector_Activate_Stream_Batch_fu_60/flow_control_loop_pipe_sequential_init_U/inputBuf_188_fu_2416[7]_i_2_n_3.  Did not re-place instance top_i/StreamingDataflowPartition_1/inst/StreamingDataflowPartition_1_MVAU_hls_0/StreamingDataflowPartition_1_MVAU_hls_0/inst/grp_Matrix_Vector_Activate_Stream_Batch_fu_60/flow_control_loop_pipe_sequential_init_U/inputBuf_188_fu_2416[7]_i_2
INFO: [Physopt 32-662] Processed net top_i/StreamingDataflowPartition_1/inst/StreamingDataflowPartition_1_MVAU_hls_0/StreamingDataflowPartition_1_MVAU_hls_0/inst/grp_Matrix_Vector_Activate_Stream_Batch_fu_60/flow_control_loop_pipe_sequential_init_U/inputBuf_783_fu_4796[7]_i_121_n_3.  Did not re-place instance top_i/StreamingDataflowPartition_1/inst/StreamingDataflowPartition_1_MVAU_hls_0/StreamingDataflowPartition_1_MVAU_hls_0/inst/grp_Matrix_Vector_Activate_Stream_Batch_fu_60/flow_control_loop_pipe_sequential_init_U/inputBuf_783_fu_4796[7]_i_121
INFO: [Physopt 32-662] Processed net top_i/StreamingDataflowPartition_1/inst/StreamingDataflowPartition_1_MVAU_hls_0/StreamingDataflowPartition_1_MVAU_hls_0/inst/grp_Matrix_Vector_Activate_Stream_Batch_fu_60/flow_control_loop_pipe_sequential_init_U/inputBuf_783_fu_4796[7]_i_6_n_3.  Did not re-place instance top_i/StreamingDataflowPartition_1/inst/StreamingDataflowPartition_1_MVAU_hls_0/StreamingDataflowPartition_1_MVAU_hls_0/inst/grp_Matrix_Vector_Activate_Stream_Batch_fu_60/flow_control_loop_pipe_sequential_init_U/inputBuf_783_fu_4796[7]_i_6
INFO: [Physopt 32-662] Processed net top_i/StreamingDataflowPartition_1/inst/StreamingDataflowPartition_1_MVAU_hls_0/StreamingDataflowPartition_1_MVAU_hls_0/inst/grp_Matrix_Vector_Activate_Stream_Batch_fu_60/sparsemux_1569_10_8_1_1_U1/tmp_reg_19741[5]_i_25_n_3.  Did not re-place instance top_i/StreamingDataflowPartition_1/inst/StreamingDataflowPartition_1_MVAU_hls_0/StreamingDataflowPartition_1_MVAU_hls_0/inst/grp_Matrix_Vector_Activate_Stream_Batch_fu_60/sparsemux_1569_10_8_1_1_U1/tmp_reg_19741[5]_i_25
INFO: [Physopt 32-662] Processed net top_i/StreamingDataflowPartition_1/inst/StreamingDataflowPartition_1_MVAU_hls_0/StreamingDataflowPartition_1_MVAU_hls_0/inst/grp_Matrix_Vector_Activate_Stream_Batch_fu_60/sparsemux_1569_10_8_1_1_U1/tmp_reg_19741[5]_i_341_n_3.  Did not re-place instance top_i/StreamingDataflowPartition_1/inst/StreamingDataflowPartition_1_MVAU_hls_0/StreamingDataflowPartition_1_MVAU_hls_0/inst/grp_Matrix_Vector_Activate_Stream_Batch_fu_60/sparsemux_1569_10_8_1_1_U1/tmp_reg_19741[5]_i_341
INFO: [Physopt 32-662] Processed net top_i/StreamingDataflowPartition_1/inst/StreamingDataflowPartition_1_MVAU_hls_0/StreamingDataflowPartition_1_MVAU_hls_0/inst/grp_Matrix_Vector_Activate_Stream_Batch_fu_60/sparsemux_1569_10_8_1_1_U1/tmp_reg_19741[6]_i_17_n_3.  Did not re-place instance top_i/StreamingDataflowPartition_1/inst/StreamingDataflowPartition_1_MVAU_hls_0/StreamingDataflowPartition_1_MVAU_hls_0/inst/grp_Matrix_Vector_Activate_Stream_Batch_fu_60/sparsemux_1569_10_8_1_1_U1/tmp_reg_19741[6]_i_17
INFO: [Physopt 32-662] Processed net top_i/StreamingDataflowPartition_1/inst/StreamingDataflowPartition_1_MVAU_hls_0/StreamingDataflowPartition_1_MVAU_hls_0/inst/grp_Matrix_Vector_Activate_Stream_Batch_fu_60/sparsemux_1569_10_8_1_1_U1/tmp_reg_19741[6]_i_206_n_3.  Did not re-place instance top_i/StreamingDataflowPartition_1/inst/StreamingDataflowPartition_1_MVAU_hls_0/StreamingDataflowPartition_1_MVAU_hls_0/inst/grp_Matrix_Vector_Activate_Stream_Batch_fu_60/sparsemux_1569_10_8_1_1_U1/tmp_reg_19741[6]_i_206
INFO: [Physopt 32-662] Processed net top_i/StreamingDataflowPartition_1/inst/StreamingDataflowPartition_1_MVAU_hls_0/StreamingDataflowPartition_1_MVAU_hls_0/inst/grp_Matrix_Vector_Activate_Stream_Batch_fu_60/sparsemux_1569_10_8_1_1_U1/D[3].  Did not re-place instance top_i/StreamingDataflowPartition_1/inst/StreamingDataflowPartition_1_MVAU_hls_0/StreamingDataflowPartition_1_MVAU_hls_0/inst/grp_Matrix_Vector_Activate_Stream_Batch_fu_60/sparsemux_1569_10_8_1_1_U1/tmp_reg_19741[3]_i_1
INFO: [Physopt 32-662] Processed net top_i/StreamingDataflowPartition_1/inst/StreamingDataflowPartition_1_MVAU_hls_0/StreamingDataflowPartition_1_MVAU_hls_0/inst/grp_Matrix_Vector_Activate_Stream_Batch_fu_60/sparsemux_1569_10_8_1_1_U1/tmp_reg_19741[3]_i_21_n_3.  Did not re-place instance top_i/StreamingDataflowPartition_1/inst/StreamingDataflowPartition_1_MVAU_hls_0/StreamingDataflowPartition_1_MVAU_hls_0/inst/grp_Matrix_Vector_Activate_Stream_Batch_fu_60/sparsemux_1569_10_8_1_1_U1/tmp_reg_19741[3]_i_21
INFO: [Physopt 32-662] Processed net top_i/StreamingDataflowPartition_1/inst/StreamingDataflowPartition_1_MVAU_hls_0/StreamingDataflowPartition_1_MVAU_hls_0/inst/grp_Matrix_Vector_Activate_Stream_Batch_fu_60/sparsemux_1569_10_8_1_1_U1/tmp_reg_19741[3]_i_283_n_3.  Did not re-place instance top_i/StreamingDataflowPartition_1/inst/StreamingDataflowPartition_1_MVAU_hls_0/StreamingDataflowPartition_1_MVAU_hls_0/inst/grp_Matrix_Vector_Activate_Stream_Batch_fu_60/sparsemux_1569_10_8_1_1_U1/tmp_reg_19741[3]_i_283
INFO: [Physopt 32-662] Processed net top_i/StreamingDataflowPartition_1/inst/StreamingDataflowPartition_1_MVAU_hls_0/StreamingDataflowPartition_1_MVAU_hls_0/inst/grp_Matrix_Vector_Activate_Stream_Batch_fu_60/tmp_reg_19741[3].  Did not re-place instance top_i/StreamingDataflowPartition_1/inst/StreamingDataflowPartition_1_MVAU_hls_0/StreamingDataflowPartition_1_MVAU_hls_0/inst/grp_Matrix_Vector_Activate_Stream_Batch_fu_60/tmp_reg_19741_reg[3]
INFO: [Physopt 32-662] Processed net top_i/StreamingDataflowPartition_1/inst/StreamingDataflowPartition_1_MVAU_hls_0/StreamingDataflowPartition_1_MVAU_hls_0/inst/grp_Matrix_Vector_Activate_Stream_Batch_fu_60/flow_control_loop_pipe_sequential_init_U/inputBuf_536_fu_3808[7]_i_2_n_3.  Did not re-place instance top_i/StreamingDataflowPartition_1/inst/StreamingDataflowPartition_1_MVAU_hls_0/StreamingDataflowPartition_1_MVAU_hls_0/inst/grp_Matrix_Vector_Activate_Stream_Batch_fu_60/flow_control_loop_pipe_sequential_init_U/inputBuf_536_fu_3808[7]_i_2
INFO: [Physopt 32-662] Processed net top_i/StreamingDataflowPartition_1/inst/StreamingDataflowPartition_1_MVAU_hls_0/StreamingDataflowPartition_1_MVAU_hls_0/inst/grp_Matrix_Vector_Activate_Stream_Batch_fu_60/flow_control_loop_pipe_sequential_init_U/inputBuf_783_fu_4796[7]_i_27_n_3.  Did not re-place instance top_i/StreamingDataflowPartition_1/inst/StreamingDataflowPartition_1_MVAU_hls_0/StreamingDataflowPartition_1_MVAU_hls_0/inst/grp_Matrix_Vector_Activate_Stream_Batch_fu_60/flow_control_loop_pipe_sequential_init_U/inputBuf_783_fu_4796[7]_i_27
INFO: [Physopt 32-662] Processed net top_i/StreamingDataflowPartition_1/inst/StreamingDataflowPartition_1_MVAU_hls_0/StreamingDataflowPartition_1_MVAU_hls_0/inst/grp_Matrix_Vector_Activate_Stream_Batch_fu_60/flow_control_loop_pipe_sequential_init_U/inputBuf_783_fu_4796[7]_i_95_n_3.  Did not re-place instance top_i/StreamingDataflowPartition_1/inst/StreamingDataflowPartition_1_MVAU_hls_0/StreamingDataflowPartition_1_MVAU_hls_0/inst/grp_Matrix_Vector_Activate_Stream_Batch_fu_60/flow_control_loop_pipe_sequential_init_U/inputBuf_783_fu_4796[7]_i_95
INFO: [Physopt 32-662] Processed net top_i/StreamingDataflowPartition_1/inst/StreamingDataflowPartition_1_MVAU_hls_0/StreamingDataflowPartition_1_MVAU_hls_0/inst/grp_Matrix_Vector_Activate_Stream_Batch_fu_60/sparsemux_1569_10_8_1_1_U1/tmp_reg_19741[5]_i_359_n_3.  Did not re-place instance top_i/StreamingDataflowPartition_1/inst/StreamingDataflowPartition_1_MVAU_hls_0/StreamingDataflowPartition_1_MVAU_hls_0/inst/grp_Matrix_Vector_Activate_Stream_Batch_fu_60/sparsemux_1569_10_8_1_1_U1/tmp_reg_19741[5]_i_359
INFO: [Physopt 32-662] Processed net top_i/StreamingDataflowPartition_1/inst/StreamingDataflowPartition_1_MVAU_hls_0/StreamingDataflowPartition_1_MVAU_hls_0/inst/grp_Matrix_Vector_Activate_Stream_Batch_fu_60/sparsemux_1569_10_8_1_1_U1/tmp_reg_19741[5]_i_342_n_3.  Did not re-place instance top_i/StreamingDataflowPartition_1/inst/StreamingDataflowPartition_1_MVAU_hls_0/StreamingDataflowPartition_1_MVAU_hls_0/inst/grp_Matrix_Vector_Activate_Stream_Batch_fu_60/sparsemux_1569_10_8_1_1_U1/tmp_reg_19741[5]_i_342
INFO: [Physopt 32-662] Processed net top_i/StreamingDataflowPartition_1/inst/StreamingDataflowPartition_1_MVAU_hls_0/StreamingDataflowPartition_1_MVAU_hls_0/inst/grp_Matrix_Vector_Activate_Stream_Batch_fu_60/flow_control_loop_pipe_sequential_init_U/inputBuf_783_fu_4796[7]_i_77_n_3.  Did not re-place instance top_i/StreamingDataflowPartition_1/inst/StreamingDataflowPartition_1_MVAU_hls_0/StreamingDataflowPartition_1_MVAU_hls_0/inst/grp_Matrix_Vector_Activate_Stream_Batch_fu_60/flow_control_loop_pipe_sequential_init_U/inputBuf_783_fu_4796[7]_i_77
INFO: [Physopt 32-662] Processed net top_i/StreamingDataflowPartition_1/inst/StreamingDataflowPartition_1_MVAU_hls_0/StreamingDataflowPartition_1_MVAU_hls_0/inst/grp_Matrix_Vector_Activate_Stream_Batch_fu_60/flow_control_loop_pipe_sequential_init_U/sf_fu_1652_reg[1]_55.  Did not re-place instance top_i/StreamingDataflowPartition_1/inst/StreamingDataflowPartition_1_MVAU_hls_0/StreamingDataflowPartition_1_MVAU_hls_0/inst/grp_Matrix_Vector_Activate_Stream_Batch_fu_60/flow_control_loop_pipe_sequential_init_U/inputBuf_448_fu_3456[7]_i_4
INFO: [Physopt 32-662] Processed net top_i/StreamingDataflowPartition_1/inst/StreamingDataflowPartition_1_MVAU_hls_0/StreamingDataflowPartition_1_MVAU_hls_0/inst/grp_Matrix_Vector_Activate_Stream_Batch_fu_60/sparsemux_1569_10_8_1_1_U1/tmp_reg_19741[6]_i_23_n_3.  Did not re-place instance top_i/StreamingDataflowPartition_1/inst/StreamingDataflowPartition_1_MVAU_hls_0/StreamingDataflowPartition_1_MVAU_hls_0/inst/grp_Matrix_Vector_Activate_Stream_Batch_fu_60/sparsemux_1569_10_8_1_1_U1/tmp_reg_19741[6]_i_23
INFO: [Physopt 32-662] Processed net top_i/StreamingDataflowPartition_1/inst/StreamingDataflowPartition_1_MVAU_hls_0/StreamingDataflowPartition_1_MVAU_hls_0/inst/grp_Matrix_Vector_Activate_Stream_Batch_fu_60/sparsemux_1569_10_8_1_1_U1/tmp_reg_19741[6]_i_291_n_3.  Did not re-place instance top_i/StreamingDataflowPartition_1/inst/StreamingDataflowPartition_1_MVAU_hls_0/StreamingDataflowPartition_1_MVAU_hls_0/inst/grp_Matrix_Vector_Activate_Stream_Batch_fu_60/sparsemux_1569_10_8_1_1_U1/tmp_reg_19741[6]_i_291
INFO: [Physopt 32-662] Processed net top_i/StreamingDataflowPartition_1/inst/StreamingDataflowPartition_1_MVAU_hls_0/StreamingDataflowPartition_1_MVAU_hls_0/inst/grp_Matrix_Vector_Activate_Stream_Batch_fu_60/flow_control_loop_pipe_sequential_init_U/sf_fu_1652_reg[0]_rep__1_9.  Did not re-place instance top_i/StreamingDataflowPartition_1/inst/StreamingDataflowPartition_1_MVAU_hls_0/StreamingDataflowPartition_1_MVAU_hls_0/inst/grp_Matrix_Vector_Activate_Stream_Batch_fu_60/flow_control_loop_pipe_sequential_init_U/inputBuf_581_fu_3988[7]_i_2
INFO: [Physopt 32-662] Processed net top_i/StreamingDataflowPartition_1/inst/StreamingDataflowPartition_1_MVAU_hls_0/StreamingDataflowPartition_1_MVAU_hls_0/inst/grp_Matrix_Vector_Activate_Stream_Batch_fu_60/sparsemux_1569_10_8_1_1_U1/tmp_reg_19741[6]_i_205_n_3.  Did not re-place instance top_i/StreamingDataflowPartition_1/inst/StreamingDataflowPartition_1_MVAU_hls_0/StreamingDataflowPartition_1_MVAU_hls_0/inst/grp_Matrix_Vector_Activate_Stream_Batch_fu_60/sparsemux_1569_10_8_1_1_U1/tmp_reg_19741[6]_i_205
INFO: [Physopt 32-662] Processed net top_i/StreamingDataflowPartition_1/inst/StreamingDataflowPartition_1_MVAU_hls_0/StreamingDataflowPartition_1_MVAU_hls_0/inst/grp_Matrix_Vector_Activate_Stream_Batch_fu_60/sparsemux_1569_10_8_1_1_U1/tmp_reg_19741[3]_i_282_n_3.  Did not re-place instance top_i/StreamingDataflowPartition_1/inst/StreamingDataflowPartition_1_MVAU_hls_0/StreamingDataflowPartition_1_MVAU_hls_0/inst/grp_Matrix_Vector_Activate_Stream_Batch_fu_60/sparsemux_1569_10_8_1_1_U1/tmp_reg_19741[3]_i_282
INFO: [Physopt 32-662] Processed net top_i/StreamingDataflowPartition_1/inst/StreamingDataflowPartition_1_MVAU_hls_0/StreamingDataflowPartition_1_MVAU_hls_0/inst/grp_Matrix_Vector_Activate_Stream_Batch_fu_60/flow_control_loop_pipe_sequential_init_U/nf_1_fu_4800[31]_i_11_n_3.  Did not re-place instance top_i/StreamingDataflowPartition_1/inst/StreamingDataflowPartition_1_MVAU_hls_0/StreamingDataflowPartition_1_MVAU_hls_0/inst/grp_Matrix_Vector_Activate_Stream_Batch_fu_60/flow_control_loop_pipe_sequential_init_U/nf_1_fu_4800[31]_i_11
INFO: [Physopt 32-662] Processed net top_i/StreamingDataflowPartition_1/inst/StreamingDataflowPartition_1_MVAU_hls_0/StreamingDataflowPartition_1_MVAU_hls_0/inst/grp_Matrix_Vector_Activate_Stream_Batch_fu_60/flow_control_loop_pipe_sequential_init_U/nf_1_fu_4800[31]_i_3_n_3.  Did not re-place instance top_i/StreamingDataflowPartition_1/inst/StreamingDataflowPartition_1_MVAU_hls_0/StreamingDataflowPartition_1_MVAU_hls_0/inst/grp_Matrix_Vector_Activate_Stream_Batch_fu_60/flow_control_loop_pipe_sequential_init_U/nf_1_fu_4800[31]_i_3
INFO: [Physopt 32-662] Processed net top_i/StreamingDataflowPartition_1/inst/StreamingDataflowPartition_1_MVAU_hls_0/StreamingDataflowPartition_1_MVAU_hls_0/inst/grp_Matrix_Vector_Activate_Stream_Batch_fu_60/flow_control_loop_pipe_sequential_init_U/nf_1_fu_4800[31]_i_7_n_3.  Did not re-place instance top_i/StreamingDataflowPartition_1/inst/StreamingDataflowPartition_1_MVAU_hls_0/StreamingDataflowPartition_1_MVAU_hls_0/inst/grp_Matrix_Vector_Activate_Stream_Batch_fu_60/flow_control_loop_pipe_sequential_init_U/nf_1_fu_4800[31]_i_7
INFO: [Physopt 32-662] Processed net top_i/StreamingDataflowPartition_1/inst/StreamingDataflowPartition_1_MVAU_hls_0/StreamingDataflowPartition_1_MVAU_hls_0/inst/grp_Matrix_Vector_Activate_Stream_Batch_fu_60/flow_control_loop_pipe_sequential_init_U/nf_1_fu_4800[4]_i_5_n_3.  Did not re-place instance top_i/StreamingDataflowPartition_1/inst/StreamingDataflowPartition_1_MVAU_hls_0/StreamingDataflowPartition_1_MVAU_hls_0/inst/grp_Matrix_Vector_Activate_Stream_Batch_fu_60/flow_control_loop_pipe_sequential_init_U/nf_1_fu_4800[4]_i_5
INFO: [Physopt 32-662] Processed net top_i/StreamingDataflowPartition_1/inst/StreamingDataflowPartition_1_MVAU_hls_0/StreamingDataflowPartition_1_MVAU_hls_0/inst/grp_Matrix_Vector_Activate_Stream_Batch_fu_60/flow_control_loop_pipe_sequential_init_U/inputBuf_783_fu_4796[7]_i_52_n_3.  Did not re-place instance top_i/StreamingDataflowPartition_1/inst/StreamingDataflowPartition_1_MVAU_hls_0/StreamingDataflowPartition_1_MVAU_hls_0/inst/grp_Matrix_Vector_Activate_Stream_Batch_fu_60/flow_control_loop_pipe_sequential_init_U/inputBuf_783_fu_4796[7]_i_52
INFO: [Physopt 32-662] Processed net top_i/StreamingDataflowPartition_1/inst/StreamingDataflowPartition_1_MVAU_hls_0/StreamingDataflowPartition_1_MVAU_hls_0/inst/grp_Matrix_Vector_Activate_Stream_Batch_fu_60/flow_control_loop_pipe_sequential_init_U/inputBuf_783_fu_4796[7]_i_21_n_3.  Did not re-place instance top_i/StreamingDataflowPartition_1/inst/StreamingDataflowPartition_1_MVAU_hls_0/StreamingDataflowPartition_1_MVAU_hls_0/inst/grp_Matrix_Vector_Activate_Stream_Batch_fu_60/flow_control_loop_pipe_sequential_init_U/inputBuf_783_fu_4796[7]_i_21
INFO: [Physopt 32-662] Processed net top_i/StreamingDataflowPartition_1/inst/StreamingDataflowPartition_1_MVAU_hls_0/StreamingDataflowPartition_1_MVAU_hls_0/inst/grp_Matrix_Vector_Activate_Stream_Batch_fu_60/flow_control_loop_pipe_sequential_init_U/inputBuf_783_fu_4796[7]_i_4_n_3.  Did not re-place instance top_i/StreamingDataflowPartition_1/inst/StreamingDataflowPartition_1_MVAU_hls_0/StreamingDataflowPartition_1_MVAU_hls_0/inst/grp_Matrix_Vector_Activate_Stream_Batch_fu_60/flow_control_loop_pipe_sequential_init_U/inputBuf_783_fu_4796[7]_i_4
INFO: [Physopt 32-662] Processed net top_i/StreamingDataflowPartition_1/inst/StreamingDataflowPartition_1_MVAU_hls_0/StreamingDataflowPartition_1_MVAU_hls_0/inst/grp_Matrix_Vector_Activate_Stream_Batch_fu_60/sparsemux_1569_10_8_1_1_U1/tmp_reg_19741[6]_i_290_n_3.  Did not re-place instance top_i/StreamingDataflowPartition_1/inst/StreamingDataflowPartition_1_MVAU_hls_0/StreamingDataflowPartition_1_MVAU_hls_0/inst/grp_Matrix_Vector_Activate_Stream_Batch_fu_60/sparsemux_1569_10_8_1_1_U1/tmp_reg_19741[6]_i_290
INFO: [Physopt 32-662] Processed net top_i/StreamingDataflowPartition_1/inst/StreamingDataflowPartition_1_MVAU_hls_0/StreamingDataflowPartition_1_MVAU_hls_0/inst/grp_Matrix_Vector_Activate_Stream_Batch_fu_60/flow_control_loop_pipe_sequential_init_U/sf_fu_1652[4]_i_3_n_3.  Did not re-place instance top_i/StreamingDataflowPartition_1/inst/StreamingDataflowPartition_1_MVAU_hls_0/StreamingDataflowPartition_1_MVAU_hls_0/inst/grp_Matrix_Vector_Activate_Stream_Batch_fu_60/flow_control_loop_pipe_sequential_init_U/sf_fu_1652[4]_i_3
INFO: [Physopt 32-662] Processed net top_i/StreamingDataflowPartition_1/inst/StreamingDataflowPartition_1_MVAU_hls_1/StreamingDataflowPartition_1_MVAU_hls_1/inst/grp_Matrix_Vector_Activate_Stream_Batch_fu_60/nf_1_fu_1630_reg_n_3_[17].  Did not re-place instance top_i/StreamingDataflowPartition_1/inst/StreamingDataflowPartition_1_MVAU_hls_1/StreamingDataflowPartition_1_MVAU_hls_1/inst/grp_Matrix_Vector_Activate_Stream_Batch_fu_60/nf_1_fu_1630_reg[17]
INFO: [Physopt 32-662] Processed net top_i/StreamingDataflowPartition_1/inst/StreamingDataflowPartition_1_MVAU_hls_1/StreamingDataflowPartition_1_MVAU_hls_1/inst/grp_Matrix_Vector_Activate_Stream_Batch_fu_60/nf_1_fu_1630_reg_n_3_[18].  Did not re-place instance top_i/StreamingDataflowPartition_1/inst/StreamingDataflowPartition_1_MVAU_hls_1/StreamingDataflowPartition_1_MVAU_hls_1/inst/grp_Matrix_Vector_Activate_Stream_Batch_fu_60/nf_1_fu_1630_reg[18]
INFO: [Physopt 32-662] Processed net top_i/StreamingDataflowPartition_1/inst/StreamingDataflowPartition_1_MVAU_hls_1/StreamingDataflowPartition_1_MVAU_hls_1/inst/grp_Matrix_Vector_Activate_Stream_Batch_fu_60/nf_1_fu_1630_reg_n_3_[19].  Did not re-place instance top_i/StreamingDataflowPartition_1/inst/StreamingDataflowPartition_1_MVAU_hls_1/StreamingDataflowPartition_1_MVAU_hls_1/inst/grp_Matrix_Vector_Activate_Stream_Batch_fu_60/nf_1_fu_1630_reg[19]
INFO: [Physopt 32-662] Processed net top_i/StreamingDataflowPartition_1/inst/StreamingDataflowPartition_1_MVAU_hls_1/StreamingDataflowPartition_1_MVAU_hls_1/inst/grp_Matrix_Vector_Activate_Stream_Batch_fu_60/nf_1_fu_1630_reg_n_3_[20].  Did not re-place instance top_i/StreamingDataflowPartition_1/inst/StreamingDataflowPartition_1_MVAU_hls_1/StreamingDataflowPartition_1_MVAU_hls_1/inst/grp_Matrix_Vector_Activate_Stream_Batch_fu_60/nf_1_fu_1630_reg[20]
INFO: [Physopt 32-662] Processed net top_i/StreamingDataflowPartition_1/inst/StreamingDataflowPartition_1_MVAU_hls_0/StreamingDataflowPartition_1_MVAU_hls_0/inst/grp_Matrix_Vector_Activate_Stream_Batch_fu_60/flow_control_loop_pipe_sequential_init_U/inputBuf_304_fu_2880[7]_i_2_n_3.  Did not re-place instance top_i/StreamingDataflowPartition_1/inst/StreamingDataflowPartition_1_MVAU_hls_0/StreamingDataflowPartition_1_MVAU_hls_0/inst/grp_Matrix_Vector_Activate_Stream_Batch_fu_60/flow_control_loop_pipe_sequential_init_U/inputBuf_304_fu_2880[7]_i_2
INFO: [Physopt 32-662] Processed net top_i/StreamingDataflowPartition_1/inst/StreamingDataflowPartition_1_MVAU_hls_0/StreamingDataflowPartition_1_MVAU_hls_0/inst/grp_Matrix_Vector_Activate_Stream_Batch_fu_60/flow_control_loop_pipe_sequential_init_U/inputBuf_783_fu_4796[7]_i_49_n_3.  Did not re-place instance top_i/StreamingDataflowPartition_1/inst/StreamingDataflowPartition_1_MVAU_hls_0/StreamingDataflowPartition_1_MVAU_hls_0/inst/grp_Matrix_Vector_Activate_Stream_Batch_fu_60/flow_control_loop_pipe_sequential_init_U/inputBuf_783_fu_4796[7]_i_49
INFO: [Physopt 32-662] Processed net top_i/StreamingDataflowPartition_1/inst/StreamingDataflowPartition_1_MVAU_hls_0/StreamingDataflowPartition_1_MVAU_hls_0/inst/grp_Matrix_Vector_Activate_Stream_Batch_fu_60/sparsemux_1569_10_8_1_1_U1/tmp_reg_19741[7]_i_31_n_3.  Did not re-place instance top_i/StreamingDataflowPartition_1/inst/StreamingDataflowPartition_1_MVAU_hls_0/StreamingDataflowPartition_1_MVAU_hls_0/inst/grp_Matrix_Vector_Activate_Stream_Batch_fu_60/sparsemux_1569_10_8_1_1_U1/tmp_reg_19741[7]_i_31
INFO: [Physopt 32-662] Processed net top_i/StreamingDataflowPartition_1/inst/StreamingDataflowPartition_1_MVAU_hls_0/StreamingDataflowPartition_1_MVAU_hls_0/inst/grp_Matrix_Vector_Activate_Stream_Batch_fu_60/sparsemux_1569_10_8_1_1_U1/tmp_reg_19741[7]_i_362_n_3.  Did not re-place instance top_i/StreamingDataflowPartition_1/inst/StreamingDataflowPartition_1_MVAU_hls_0/StreamingDataflowPartition_1_MVAU_hls_0/inst/grp_Matrix_Vector_Activate_Stream_Batch_fu_60/sparsemux_1569_10_8_1_1_U1/tmp_reg_19741[7]_i_362
INFO: [Physopt 32-662] Processed net top_i/StreamingDataflowPartition_1/inst/StreamingDataflowPartition_1_MVAU_hls_0/StreamingDataflowPartition_1_MVAU_hls_0/inst/grp_Matrix_Vector_Activate_Stream_Batch_fu_60/flow_control_loop_pipe_sequential_init_U/inputBuf_164_fu_2320[7]_i_3_n_3.  Did not re-place instance top_i/StreamingDataflowPartition_1/inst/StreamingDataflowPartition_1_MVAU_hls_0/StreamingDataflowPartition_1_MVAU_hls_0/inst/grp_Matrix_Vector_Activate_Stream_Batch_fu_60/flow_control_loop_pipe_sequential_init_U/inputBuf_164_fu_2320[7]_i_3
INFO: [Physopt 32-662] Processed net top_i/StreamingDataflowPartition_1/inst/StreamingDataflowPartition_1_MVAU_hls_0/StreamingDataflowPartition_1_MVAU_hls_0/inst/grp_Matrix_Vector_Activate_Stream_Batch_fu_60/flow_control_loop_pipe_sequential_init_U/inputBuf_783_fu_4796[7]_i_172_n_3.  Did not re-place instance top_i/StreamingDataflowPartition_1/inst/StreamingDataflowPartition_1_MVAU_hls_0/StreamingDataflowPartition_1_MVAU_hls_0/inst/grp_Matrix_Vector_Activate_Stream_Batch_fu_60/flow_control_loop_pipe_sequential_init_U/inputBuf_783_fu_4796[7]_i_172
INFO: [Physopt 32-662] Processed net top_i/StreamingDataflowPartition_1/inst/StreamingDataflowPartition_1_MVAU_hls_0/StreamingDataflowPartition_1_MVAU_hls_0/inst/grp_Matrix_Vector_Activate_Stream_Batch_fu_60/flow_control_loop_pipe_sequential_init_U/inputBuf_783_fu_4796[7]_i_26_n_3.  Did not re-place instance top_i/StreamingDataflowPartition_1/inst/StreamingDataflowPartition_1_MVAU_hls_0/StreamingDataflowPartition_1_MVAU_hls_0/inst/grp_Matrix_Vector_Activate_Stream_Batch_fu_60/flow_control_loop_pipe_sequential_init_U/inputBuf_783_fu_4796[7]_i_26
INFO: [Physopt 32-662] Processed net top_i/StreamingDataflowPartition_1/inst/StreamingDataflowPartition_1_MVAU_hls_0/StreamingDataflowPartition_1_MVAU_hls_0/inst/grp_Matrix_Vector_Activate_Stream_Batch_fu_60/flow_control_loop_pipe_sequential_init_U/inputBuf_783_fu_4796[7]_i_94_n_3.  Did not re-place instance top_i/StreamingDataflowPartition_1/inst/StreamingDataflowPartition_1_MVAU_hls_0/StreamingDataflowPartition_1_MVAU_hls_0/inst/grp_Matrix_Vector_Activate_Stream_Batch_fu_60/flow_control_loop_pipe_sequential_init_U/inputBuf_783_fu_4796[7]_i_94
INFO: [Physopt 32-662] Processed net top_i/StreamingDataflowPartition_1/inst/StreamingDataflowPartition_1_MVAU_hls_0/StreamingDataflowPartition_1_MVAU_hls_0/inst/grp_Matrix_Vector_Activate_Stream_Batch_fu_60/sparsemux_1569_10_8_1_1_U1/tmp_reg_19741[3]_i_24_n_3.  Did not re-place instance top_i/StreamingDataflowPartition_1/inst/StreamingDataflowPartition_1_MVAU_hls_0/StreamingDataflowPartition_1_MVAU_hls_0/inst/grp_Matrix_Vector_Activate_Stream_Batch_fu_60/sparsemux_1569_10_8_1_1_U1/tmp_reg_19741[3]_i_24
INFO: [Physopt 32-662] Processed net top_i/StreamingDataflowPartition_1/inst/StreamingDataflowPartition_1_MVAU_hls_0/StreamingDataflowPartition_1_MVAU_hls_0/inst/grp_Matrix_Vector_Activate_Stream_Batch_fu_60/sparsemux_1569_10_8_1_1_U1/tmp_reg_19741[3]_i_332_n_3.  Did not re-place instance top_i/StreamingDataflowPartition_1/inst/StreamingDataflowPartition_1_MVAU_hls_0/StreamingDataflowPartition_1_MVAU_hls_0/inst/grp_Matrix_Vector_Activate_Stream_Batch_fu_60/sparsemux_1569_10_8_1_1_U1/tmp_reg_19741[3]_i_332
INFO: [Physopt 32-662] Processed net top_i/StreamingDataflowPartition_1/inst/StreamingDataflowPartition_1_MVAU_hls_0/StreamingDataflowPartition_1_MVAU_hls_0/inst/grp_Matrix_Vector_Activate_Stream_Batch_fu_60/flow_control_loop_pipe_sequential_init_U/inputBuf_fu_1664[7]_i_7_n_3.  Did not re-place instance top_i/StreamingDataflowPartition_1/inst/StreamingDataflowPartition_1_MVAU_hls_0/StreamingDataflowPartition_1_MVAU_hls_0/inst/grp_Matrix_Vector_Activate_Stream_Batch_fu_60/flow_control_loop_pipe_sequential_init_U/inputBuf_fu_1664[7]_i_7
INFO: [Physopt 32-662] Processed net top_i/StreamingDataflowPartition_1/inst/StreamingDataflowPartition_1_MVAU_hls_0/StreamingDataflowPartition_1_MVAU_hls_0/inst/grp_Matrix_Vector_Activate_Stream_Batch_fu_60/flow_control_loop_pipe_sequential_init_U/inputBuf_783_fu_4796[7]_i_203_n_3.  Did not re-place instance top_i/StreamingDataflowPartition_1/inst/StreamingDataflowPartition_1_MVAU_hls_0/StreamingDataflowPartition_1_MVAU_hls_0/inst/grp_Matrix_Vector_Activate_Stream_Batch_fu_60/flow_control_loop_pipe_sequential_init_U/inputBuf_783_fu_4796[7]_i_203
INFO: [Physopt 32-662] Processed net top_i/StreamingDataflowPartition_1/inst/StreamingDataflowPartition_1_MVAU_hls_0/StreamingDataflowPartition_1_MVAU_hls_0/inst/grp_Matrix_Vector_Activate_Stream_Batch_fu_60/sparsemux_1569_10_8_1_1_U1/tmp_reg_19741[7]_i_27_n_3.  Did not re-place instance top_i/StreamingDataflowPartition_1/inst/StreamingDataflowPartition_1_MVAU_hls_0/StreamingDataflowPartition_1_MVAU_hls_0/inst/grp_Matrix_Vector_Activate_Stream_Batch_fu_60/sparsemux_1569_10_8_1_1_U1/tmp_reg_19741[7]_i_27
INFO: [Physopt 32-662] Processed net top_i/StreamingDataflowPartition_1/inst/StreamingDataflowPartition_1_MVAU_hls_0/StreamingDataflowPartition_1_MVAU_hls_0/inst/grp_Matrix_Vector_Activate_Stream_Batch_fu_60/sparsemux_1569_10_8_1_1_U1/tmp_reg_19741[7]_i_299_n_3.  Did not re-place instance top_i/StreamingDataflowPartition_1/inst/StreamingDataflowPartition_1_MVAU_hls_0/StreamingDataflowPartition_1_MVAU_hls_0/inst/grp_Matrix_Vector_Activate_Stream_Batch_fu_60/sparsemux_1569_10_8_1_1_U1/tmp_reg_19741[7]_i_299
INFO: [Physopt 32-662] Processed net top_i/StreamingDataflowPartition_1/inst/StreamingDataflowPartition_1_MVAU_hls_0/StreamingDataflowPartition_1_MVAU_hls_0/inst/grp_Matrix_Vector_Activate_Stream_Batch_fu_60/sparsemux_1569_10_8_1_1_U1/tmp_reg_19741[7]_i_363_n_3.  Did not re-place instance top_i/StreamingDataflowPartition_1/inst/StreamingDataflowPartition_1_MVAU_hls_0/StreamingDataflowPartition_1_MVAU_hls_0/inst/grp_Matrix_Vector_Activate_Stream_Batch_fu_60/sparsemux_1569_10_8_1_1_U1/tmp_reg_19741[7]_i_363
INFO: [Physopt 32-662] Processed net top_i/StreamingDataflowPartition_1/inst/StreamingDataflowPartition_1_MVAU_hls_0/StreamingDataflowPartition_1_MVAU_hls_0/inst/grp_Matrix_Vector_Activate_Stream_Batch_fu_60/sf_fu_1652_reg_n_3_[8].  Did not re-place instance top_i/StreamingDataflowPartition_1/inst/StreamingDataflowPartition_1_MVAU_hls_0/StreamingDataflowPartition_1_MVAU_hls_0/inst/grp_Matrix_Vector_Activate_Stream_Batch_fu_60/sf_fu_1652_reg[8]
INFO: [Physopt 32-662] Processed net top_i/StreamingDataflowPartition_1/inst/StreamingDataflowPartition_1_MVAU_hls_0/StreamingDataflowPartition_1_MVAU_hls_0/inst/grp_Matrix_Vector_Activate_Stream_Batch_fu_60/flow_control_loop_pipe_sequential_init_U/inputBuf_400_fu_3264[7]_i_3_n_3_repN.  Did not re-place instance top_i/StreamingDataflowPartition_1/inst/StreamingDataflowPartition_1_MVAU_hls_0/StreamingDataflowPartition_1_MVAU_hls_0/inst/grp_Matrix_Vector_Activate_Stream_Batch_fu_60/flow_control_loop_pipe_sequential_init_U/inputBuf_400_fu_3264[7]_i_3_replica
INFO: [Physopt 32-662] Processed net top_i/StreamingDataflowPartition_1/inst/StreamingDataflowPartition_1_MVAU_hls_0/StreamingDataflowPartition_1_MVAU_hls_0/inst/grp_Matrix_Vector_Activate_Stream_Batch_fu_60/flow_control_loop_pipe_sequential_init_U/inputBuf_783_fu_4796[7]_i_106_n_3.  Did not re-place instance top_i/StreamingDataflowPartition_1/inst/StreamingDataflowPartition_1_MVAU_hls_0/StreamingDataflowPartition_1_MVAU_hls_0/inst/grp_Matrix_Vector_Activate_Stream_Batch_fu_60/flow_control_loop_pipe_sequential_init_U/inputBuf_783_fu_4796[7]_i_106
INFO: [Physopt 32-662] Processed net top_i/StreamingDataflowPartition_1/inst/StreamingDataflowPartition_1_MVAU_hls_0/StreamingDataflowPartition_1_MVAU_hls_0/inst/grp_Matrix_Vector_Activate_Stream_Batch_fu_60/flow_control_loop_pipe_sequential_init_U/inputBuf_783_fu_4796[7]_i_177_n_3.  Did not re-place instance top_i/StreamingDataflowPartition_1/inst/StreamingDataflowPartition_1_MVAU_hls_0/StreamingDataflowPartition_1_MVAU_hls_0/inst/grp_Matrix_Vector_Activate_Stream_Batch_fu_60/flow_control_loop_pipe_sequential_init_U/inputBuf_783_fu_4796[7]_i_177
INFO: [Physopt 32-662] Processed net top_i/StreamingDataflowPartition_1/inst/StreamingDataflowPartition_1_MVAU_hls_0/StreamingDataflowPartition_1_MVAU_hls_0/inst/grp_Matrix_Vector_Activate_Stream_Batch_fu_60/flow_control_loop_pipe_sequential_init_U/inputBuf_783_fu_4796[7]_i_32_n_3.  Did not re-place instance top_i/StreamingDataflowPartition_1/inst/StreamingDataflowPartition_1_MVAU_hls_0/StreamingDataflowPartition_1_MVAU_hls_0/inst/grp_Matrix_Vector_Activate_Stream_Batch_fu_60/flow_control_loop_pipe_sequential_init_U/inputBuf_783_fu_4796[7]_i_32
INFO: [Physopt 32-662] Processed net top_i/StreamingDataflowPartition_1/inst/StreamingDataflowPartition_1_MVAU_hls_0/StreamingDataflowPartition_1_MVAU_hls_0/inst/grp_Matrix_Vector_Activate_Stream_Batch_fu_60/flow_control_loop_pipe_sequential_init_U/inputBuf_512_fu_3712[7]_i_4_n_3.  Did not re-place instance top_i/StreamingDataflowPartition_1/inst/StreamingDataflowPartition_1_MVAU_hls_0/StreamingDataflowPartition_1_MVAU_hls_0/inst/grp_Matrix_Vector_Activate_Stream_Batch_fu_60/flow_control_loop_pipe_sequential_init_U/inputBuf_512_fu_3712[7]_i_4
INFO: [Physopt 32-662] Processed net top_i/StreamingDataflowPartition_1/inst/StreamingDataflowPartition_1_MVAU_hls_0/StreamingDataflowPartition_1_MVAU_hls_0/inst/grp_Matrix_Vector_Activate_Stream_Batch_fu_60/sparsemux_1569_10_8_1_1_U1/tmp_reg_19741[5]_i_23_n_3.  Did not re-place instance top_i/StreamingDataflowPartition_1/inst/StreamingDataflowPartition_1_MVAU_hls_0/StreamingDataflowPartition_1_MVAU_hls_0/inst/grp_Matrix_Vector_Activate_Stream_Batch_fu_60/sparsemux_1569_10_8_1_1_U1/tmp_reg_19741[5]_i_23
INFO: [Physopt 32-662] Processed net top_i/StreamingDataflowPartition_1/inst/StreamingDataflowPartition_1_MVAU_hls_0/StreamingDataflowPartition_1_MVAU_hls_0/inst/grp_Matrix_Vector_Activate_Stream_Batch_fu_60/sparsemux_1569_10_8_1_1_U1/tmp_reg_19741[5]_i_316_n_3.  Did not re-place instance top_i/StreamingDataflowPartition_1/inst/StreamingDataflowPartition_1_MVAU_hls_0/StreamingDataflowPartition_1_MVAU_hls_0/inst/grp_Matrix_Vector_Activate_Stream_Batch_fu_60/sparsemux_1569_10_8_1_1_U1/tmp_reg_19741[5]_i_316
INFO: [Physopt 32-662] Processed net top_i/StreamingDataflowPartition_1/inst/StreamingDataflowPartition_1_MVAU_hls_0/StreamingDataflowPartition_1_MVAU_hls_0/inst/grp_Matrix_Vector_Activate_Stream_Batch_fu_60/flow_control_loop_pipe_sequential_init_U/grp_Matrix_Vector_Activate_Stream_Batch_fu_60_weights_V_TREADY.  Did not re-place instance top_i/StreamingDataflowPartition_1/inst/StreamingDataflowPartition_1_MVAU_hls_0/StreamingDataflowPartition_1_MVAU_hls_0/inst/grp_Matrix_Vector_Activate_Stream_Batch_fu_60/flow_control_loop_pipe_sequential_init_U/B_V_data_1_state[1]_i_2__0
INFO: [Physopt 32-662] Processed net top_i/StreamingDataflowPartition_1/inst/StreamingDataflowPartition_1_MVAU_hls_0/StreamingDataflowPartition_1_MVAU_hls_0/inst/grp_Matrix_Vector_Activate_Stream_Batch_fu_60/flow_control_loop_pipe_sequential_init_U/icmp_ln253_fu_5067_p2.  Did not re-place instance top_i/StreamingDataflowPartition_1/inst/StreamingDataflowPartition_1_MVAU_hls_0/StreamingDataflowPartition_1_MVAU_hls_0/inst/grp_Matrix_Vector_Activate_Stream_Batch_fu_60/flow_control_loop_pipe_sequential_init_U/icmp_ln249_reg_19730[0]_i_3
INFO: [Physopt 32-662] Processed net top_i/StreamingDataflowPartition_1/inst/StreamingDataflowPartition_1_MVAU_hls_0/StreamingDataflowPartition_1_MVAU_hls_0/inst/grp_Matrix_Vector_Activate_Stream_Batch_fu_60/sparsemux_1569_10_8_1_1_U1/tmp_reg_19741[3]_i_331_n_3.  Did not re-place instance top_i/StreamingDataflowPartition_1/inst/StreamingDataflowPartition_1_MVAU_hls_0/StreamingDataflowPartition_1_MVAU_hls_0/inst/grp_Matrix_Vector_Activate_Stream_Batch_fu_60/sparsemux_1569_10_8_1_1_U1/tmp_reg_19741[3]_i_331
INFO: [Physopt 32-662] Processed net top_i/StreamingDataflowPartition_1/inst/StreamingDataflowPartition_1_MVAU_hls_0/StreamingDataflowPartition_1_MVAU_hls_0/inst/grp_Matrix_Vector_Activate_Stream_Batch_fu_60/sparsemux_1569_10_8_1_1_U1/tmp_reg_19741[5]_i_315_n_3.  Did not re-place instance top_i/StreamingDataflowPartition_1/inst/StreamingDataflowPartition_1_MVAU_hls_0/StreamingDataflowPartition_1_MVAU_hls_0/inst/grp_Matrix_Vector_Activate_Stream_Batch_fu_60/sparsemux_1569_10_8_1_1_U1/tmp_reg_19741[5]_i_315
INFO: [Physopt 32-662] Processed net top_i/StreamingDataflowPartition_1/inst/StreamingDataflowPartition_1_MVAU_hls_0/StreamingDataflowPartition_1_MVAU_hls_0/inst/grp_Matrix_Vector_Activate_Stream_Batch_fu_60/flow_control_loop_pipe_sequential_init_U/sf_fu_1652_reg[0]_rep__1_79.  Did not re-place instance top_i/StreamingDataflowPartition_1/inst/StreamingDataflowPartition_1_MVAU_hls_0/StreamingDataflowPartition_1_MVAU_hls_0/inst/grp_Matrix_Vector_Activate_Stream_Batch_fu_60/flow_control_loop_pipe_sequential_init_U/inputBuf_144_fu_2240[7]_i_4
INFO: [Physopt 32-662] Processed net top_i/StreamingDataflowPartition_1/inst/StreamingDataflowPartition_1_MVAU_hls_0/StreamingDataflowPartition_1_MVAU_hls_0/inst/grp_Matrix_Vector_Activate_Stream_Batch_fu_60/sparsemux_1569_10_8_1_1_U1/tmp_reg_19741[0]_i_15_n_3.  Did not re-place instance top_i/StreamingDataflowPartition_1/inst/StreamingDataflowPartition_1_MVAU_hls_0/StreamingDataflowPartition_1_MVAU_hls_0/inst/grp_Matrix_Vector_Activate_Stream_Batch_fu_60/sparsemux_1569_10_8_1_1_U1/tmp_reg_19741[0]_i_15
INFO: [Physopt 32-662] Processed net top_i/StreamingDataflowPartition_1/inst/StreamingDataflowPartition_1_MVAU_hls_0/StreamingDataflowPartition_1_MVAU_hls_0/inst/grp_Matrix_Vector_Activate_Stream_Batch_fu_60/sparsemux_1569_10_8_1_1_U1/tmp_reg_19741[0]_i_186_n_3.  Did not re-place instance top_i/StreamingDataflowPartition_1/inst/StreamingDataflowPartition_1_MVAU_hls_0/StreamingDataflowPartition_1_MVAU_hls_0/inst/grp_Matrix_Vector_Activate_Stream_Batch_fu_60/sparsemux_1569_10_8_1_1_U1/tmp_reg_19741[0]_i_186
INFO: [Physopt 32-662] Processed net top_i/StreamingDataflowPartition_1/inst/StreamingDataflowPartition_1_MVAU_hls_0/StreamingDataflowPartition_1_MVAU_hls_0/inst/grp_Matrix_Vector_Activate_Stream_Batch_fu_60/sparsemux_1569_10_8_1_1_U1/tmp_reg_19741[3]_i_22_n_3.  Did not re-place instance top_i/StreamingDataflowPartition_1/inst/StreamingDataflowPartition_1_MVAU_hls_0/StreamingDataflowPartition_1_MVAU_hls_0/inst/grp_Matrix_Vector_Activate_Stream_Batch_fu_60/sparsemux_1569_10_8_1_1_U1/tmp_reg_19741[3]_i_22
INFO: [Physopt 32-662] Processed net top_i/StreamingDataflowPartition_1/inst/StreamingDataflowPartition_1_MVAU_hls_0/StreamingDataflowPartition_1_MVAU_hls_0/inst/grp_Matrix_Vector_Activate_Stream_Batch_fu_60/sparsemux_1569_10_8_1_1_U1/tmp_reg_19741[3]_i_295_n_3.  Did not re-place instance top_i/StreamingDataflowPartition_1/inst/StreamingDataflowPartition_1_MVAU_hls_0/StreamingDataflowPartition_1_MVAU_hls_0/inst/grp_Matrix_Vector_Activate_Stream_Batch_fu_60/sparsemux_1569_10_8_1_1_U1/tmp_reg_19741[3]_i_295
INFO: [Physopt 32-662] Processed net top_i/StreamingDataflowPartition_1/inst/StreamingDataflowPartition_1_MVAU_hls_0/StreamingDataflowPartition_1_MVAU_hls_0/inst/grp_Matrix_Vector_Activate_Stream_Batch_fu_60/flow_control_loop_pipe_sequential_init_U/inputBuf_416_fu_3328[7]_i_2_n_3.  Did not re-place instance top_i/StreamingDataflowPartition_1/inst/StreamingDataflowPartition_1_MVAU_hls_0/StreamingDataflowPartition_1_MVAU_hls_0/inst/grp_Matrix_Vector_Activate_Stream_Batch_fu_60/flow_control_loop_pipe_sequential_init_U/inputBuf_416_fu_3328[7]_i_2
INFO: [Physopt 32-662] Processed net top_i/StreamingDataflowPartition_1/inst/StreamingDataflowPartition_1_MVAU_hls_0/StreamingDataflowPartition_1_MVAU_hls_0/inst/grp_Matrix_Vector_Activate_Stream_Batch_fu_60/sparsemux_1569_10_8_1_1_U1/tmp_reg_19741[7]_i_297_n_3.  Did not re-place instance top_i/StreamingDataflowPartition_1/inst/StreamingDataflowPartition_1_MVAU_hls_0/StreamingDataflowPartition_1_MVAU_hls_0/inst/grp_Matrix_Vector_Activate_Stream_Batch_fu_60/sparsemux_1569_10_8_1_1_U1/tmp_reg_19741[7]_i_297
INFO: [Physopt 32-662] Processed net top_i/StreamingDataflowPartition_1/inst/StreamingDataflowPartition_1_MVAU_hls_0/StreamingDataflowPartition_1_MVAU_hls_0/inst/grp_Matrix_Vector_Activate_Stream_Batch_fu_60/flow_control_loop_pipe_sequential_init_U/nf_1_fu_4800[31]_i_12_n_3.  Did not re-place instance top_i/StreamingDataflowPartition_1/inst/StreamingDataflowPartition_1_MVAU_hls_0/StreamingDataflowPartition_1_MVAU_hls_0/inst/grp_Matrix_Vector_Activate_Stream_Batch_fu_60/flow_control_loop_pipe_sequential_init_U/nf_1_fu_4800[31]_i_12
INFO: [Physopt 32-662] Processed net top_i/StreamingDataflowPartition_1/inst/StreamingDataflowPartition_1_MVAU_hls_0/StreamingDataflowPartition_1_MVAU_hls_0/inst/grp_Matrix_Vector_Activate_Stream_Batch_fu_60/flow_control_loop_pipe_sequential_init_U/nf_1_fu_4800[31]_i_8_n_3.  Did not re-place instance top_i/StreamingDataflowPartition_1/inst/StreamingDataflowPartition_1_MVAU_hls_0/StreamingDataflowPartition_1_MVAU_hls_0/inst/grp_Matrix_Vector_Activate_Stream_Batch_fu_60/flow_control_loop_pipe_sequential_init_U/nf_1_fu_4800[31]_i_8
INFO: [Physopt 32-662] Processed net top_i/StreamingDataflowPartition_1/inst/StreamingDataflowPartition_1_MVAU_hls_0/StreamingDataflowPartition_1_MVAU_hls_0/inst/grp_Matrix_Vector_Activate_Stream_Batch_fu_60/flow_control_loop_pipe_sequential_init_U/sf_fu_1652_reg[1]_43.  Did not re-place instance top_i/StreamingDataflowPartition_1/inst/StreamingDataflowPartition_1_MVAU_hls_0/StreamingDataflowPartition_1_MVAU_hls_0/inst/grp_Matrix_Vector_Activate_Stream_Batch_fu_60/flow_control_loop_pipe_sequential_init_U/inputBuf_520_fu_3744[7]_i_2
INFO: [Physopt 32-662] Processed net top_i/StreamingDataflowPartition_1/inst/StreamingDataflowPartition_1_MVAU_hls_0/StreamingDataflowPartition_1_MVAU_hls_0/inst/grp_Matrix_Vector_Activate_Stream_Batch_fu_60/sparsemux_1569_10_8_1_1_U1/tmp_reg_19741[3]_i_15_n_3.  Did not re-place instance top_i/StreamingDataflowPartition_1/inst/StreamingDataflowPartition_1_MVAU_hls_0/StreamingDataflowPartition_1_MVAU_hls_0/inst/grp_Matrix_Vector_Activate_Stream_Batch_fu_60/sparsemux_1569_10_8_1_1_U1/tmp_reg_19741[3]_i_15
INFO: [Physopt 32-662] Processed net top_i/StreamingDataflowPartition_1/inst/StreamingDataflowPartition_1_MVAU_hls_0/StreamingDataflowPartition_1_MVAU_hls_0/inst/grp_Matrix_Vector_Activate_Stream_Batch_fu_60/sparsemux_1569_10_8_1_1_U1/tmp_reg_19741[3]_i_188_n_3.  Did not re-place instance top_i/StreamingDataflowPartition_1/inst/StreamingDataflowPartition_1_MVAU_hls_0/StreamingDataflowPartition_1_MVAU_hls_0/inst/grp_Matrix_Vector_Activate_Stream_Batch_fu_60/sparsemux_1569_10_8_1_1_U1/tmp_reg_19741[3]_i_188
INFO: [Physopt 32-662] Processed net top_i/StreamingDataflowPartition_1/inst/StreamingDataflowPartition_1_MVAU_hls_0/StreamingDataflowPartition_1_MVAU_hls_0/inst/grp_Matrix_Vector_Activate_Stream_Batch_fu_60/flow_control_loop_pipe_sequential_init_U/inputBuf_532_fu_3792[7]_i_2_n_3.  Did not re-place instance top_i/StreamingDataflowPartition_1/inst/StreamingDataflowPartition_1_MVAU_hls_0/StreamingDataflowPartition_1_MVAU_hls_0/inst/grp_Matrix_Vector_Activate_Stream_Batch_fu_60/flow_control_loop_pipe_sequential_init_U/inputBuf_532_fu_3792[7]_i_2
INFO: [Physopt 32-662] Processed net top_i/StreamingDataflowPartition_1/inst/StreamingDataflowPartition_1_MVAU_hls_0/StreamingDataflowPartition_1_MVAU_hls_0/inst/grp_Matrix_Vector_Activate_Stream_Batch_fu_60/sparsemux_1569_10_8_1_1_U1/tmp_reg_19741[3]_i_296_n_3.  Did not re-place instance top_i/StreamingDataflowPartition_1/inst/StreamingDataflowPartition_1_MVAU_hls_0/StreamingDataflowPartition_1_MVAU_hls_0/inst/grp_Matrix_Vector_Activate_Stream_Batch_fu_60/sparsemux_1569_10_8_1_1_U1/tmp_reg_19741[3]_i_296
INFO: [Physopt 32-662] Processed net top_i/StreamingDataflowPartition_1/inst/StreamingDataflowPartition_1_MVAU_hls_0/StreamingDataflowPartition_1_MVAU_hls_0/inst/grp_Matrix_Vector_Activate_Stream_Batch_fu_60/sparsemux_1569_10_8_1_1_U1/tmp_reg_19741[3]_i_186_n_3.  Did not re-place instance top_i/StreamingDataflowPartition_1/inst/StreamingDataflowPartition_1_MVAU_hls_0/StreamingDataflowPartition_1_MVAU_hls_0/inst/grp_Matrix_Vector_Activate_Stream_Batch_fu_60/sparsemux_1569_10_8_1_1_U1/tmp_reg_19741[3]_i_186
INFO: [Physopt 32-662] Processed net top_i/StreamingDataflowPartition_1/inst/StreamingDataflowPartition_1_MVAU_hls_0/StreamingDataflowPartition_1_MVAU_hls_0/inst/grp_Matrix_Vector_Activate_Stream_Batch_fu_60/flow_control_loop_pipe_sequential_init_U/inputBuf_37_fu_1812[7]_i_2_n_3.  Did not re-place instance top_i/StreamingDataflowPartition_1/inst/StreamingDataflowPartition_1_MVAU_hls_0/StreamingDataflowPartition_1_MVAU_hls_0/inst/grp_Matrix_Vector_Activate_Stream_Batch_fu_60/flow_control_loop_pipe_sequential_init_U/inputBuf_37_fu_1812[7]_i_2
INFO: [Physopt 32-662] Processed net top_i/StreamingDataflowPartition_1/inst/StreamingDataflowPartition_1_MVAU_hls_0/StreamingDataflowPartition_1_MVAU_hls_0/inst/grp_Matrix_Vector_Activate_Stream_Batch_fu_60/flow_control_loop_pipe_sequential_init_U/tmp_reg_19741[7]_i_10_n_3.  Did not re-place instance top_i/StreamingDataflowPartition_1/inst/StreamingDataflowPartition_1_MVAU_hls_0/StreamingDataflowPartition_1_MVAU_hls_0/inst/grp_Matrix_Vector_Activate_Stream_Batch_fu_60/flow_control_loop_pipe_sequential_init_U/tmp_reg_19741[7]_i_10
INFO: [Physopt 32-662] Processed net top_i/StreamingDataflowPartition_1/inst/StreamingDataflowPartition_1_MVAU_hls_0/StreamingDataflowPartition_1_MVAU_hls_0/inst/grp_Matrix_Vector_Activate_Stream_Batch_fu_60/flow_control_loop_pipe_sequential_init_U/sf_fu_1652_reg[3]_106[0].  Did not re-place instance top_i/StreamingDataflowPartition_1/inst/StreamingDataflowPartition_1_MVAU_hls_0/StreamingDataflowPartition_1_MVAU_hls_0/inst/grp_Matrix_Vector_Activate_Stream_Batch_fu_60/flow_control_loop_pipe_sequential_init_U/inputBuf_740_fu_4624[7]_i_1
INFO: [Physopt 32-662] Processed net top_i/StreamingDataflowPartition_1/inst/StreamingDataflowPartition_1_MVAU_hls_0/StreamingDataflowPartition_1_MVAU_hls_0/inst/grp_Matrix_Vector_Activate_Stream_Batch_fu_60/flow_control_loop_pipe_sequential_init_U/icmp_ln249_reg_19730[0]_i_13_n_3.  Did not re-place instance top_i/StreamingDataflowPartition_1/inst/StreamingDataflowPartition_1_MVAU_hls_0/StreamingDataflowPartition_1_MVAU_hls_0/inst/grp_Matrix_Vector_Activate_Stream_Batch_fu_60/flow_control_loop_pipe_sequential_init_U/icmp_ln249_reg_19730[0]_i_13
INFO: [Physopt 32-662] Processed net top_i/StreamingDataflowPartition_1/inst/StreamingDataflowPartition_1_MVAU_hls_0/StreamingDataflowPartition_1_MVAU_hls_0/inst/grp_Matrix_Vector_Activate_Stream_Batch_fu_60/flow_control_loop_pipe_sequential_init_U/inputBuf_783_fu_4796[7]_i_53_n_3.  Did not re-place instance top_i/StreamingDataflowPartition_1/inst/StreamingDataflowPartition_1_MVAU_hls_0/StreamingDataflowPartition_1_MVAU_hls_0/inst/grp_Matrix_Vector_Activate_Stream_Batch_fu_60/flow_control_loop_pipe_sequential_init_U/inputBuf_783_fu_4796[7]_i_53
INFO: [Physopt 32-662] Processed net top_i/StreamingDataflowPartition_1/inst/StreamingDataflowPartition_1_MVAU_hls_0/StreamingDataflowPartition_1_MVAU_hls_0/inst/grp_Matrix_Vector_Activate_Stream_Batch_fu_60/sparsemux_1569_10_8_1_1_U1/tmp_reg_19741[0]_i_185_n_3.  Did not re-place instance top_i/StreamingDataflowPartition_1/inst/StreamingDataflowPartition_1_MVAU_hls_0/StreamingDataflowPartition_1_MVAU_hls_0/inst/grp_Matrix_Vector_Activate_Stream_Batch_fu_60/sparsemux_1569_10_8_1_1_U1/tmp_reg_19741[0]_i_185
INFO: [Physopt 32-662] Processed net top_i/StreamingDataflowPartition_1/inst/StreamingDataflowPartition_1_MVAU_hls_0/StreamingDataflowPartition_1_MVAU_hls_0/inst/grp_Matrix_Vector_Activate_Stream_Batch_fu_60/sparsemux_1569_10_8_1_1_U1/tmp_reg_19741[5]_i_344_n_3.  Did not re-place instance top_i/StreamingDataflowPartition_1/inst/StreamingDataflowPartition_1_MVAU_hls_0/StreamingDataflowPartition_1_MVAU_hls_0/inst/grp_Matrix_Vector_Activate_Stream_Batch_fu_60/sparsemux_1569_10_8_1_1_U1/tmp_reg_19741[5]_i_344
INFO: [Physopt 32-661] Optimized 24 nets.  Re-placed 24 instances.
INFO: [Physopt 32-775] End 1 Pass. Optimized 24 nets or cells. Created 0 new cell, deleted 0 existing cell and moved 24 existing cells
INFO: [Physopt 32-619] Estimated Timing Summary | WNS=-1.851 | TNS=-7174.042 |
Netlist sorting complete. Time (s): cpu = 00:00:00.09 ; elapsed = 00:00:00.01 . Memory (MB): peak = 3620.988 ; gain = 0.000 ; free physical = 3196 ; free virtual = 12014
Phase 15 Single Cell Placement Optimization | Checksum: 1c37de7f1

Time (s): cpu = 00:33:23 ; elapsed = 00:08:08 . Memory (MB): peak = 3620.988 ; gain = 0.000 ; free physical = 3183 ; free virtual = 12024

Phase 16 Multi Cell Placement Optimization
INFO: [Physopt 32-660] Identified 100 candidate nets for placement-based optimization.
INFO: [Physopt 32-662] Processed net top_i/StreamingDataflowPartition_1/inst/StreamingDataflowPartition_1_MVAU_hls_0/StreamingDataflowPartition_1_MVAU_hls_0/inst/grp_Matrix_Vector_Activate_Stream_Batch_fu_60/flow_control_loop_pipe_sequential_init_U/nf_1_fu_4800.  Did not re-place instance top_i/StreamingDataflowPartition_1/inst/StreamingDataflowPartition_1_MVAU_hls_0/StreamingDataflowPartition_1_MVAU_hls_0/inst/grp_Matrix_Vector_Activate_Stream_Batch_fu_60/flow_control_loop_pipe_sequential_init_U/sf_fu_1652[31]_i_1/O
INFO: [Physopt 32-662] Processed net top_i/StreamingDataflowPartition_1/inst/StreamingDataflowPartition_1_MVAU_hls_0/StreamingDataflowPartition_1_MVAU_hls_0/inst/grp_Matrix_Vector_Activate_Stream_Batch_fu_60/flow_control_loop_pipe_sequential_init_U/sf_fu_1652[31]_i_4_n_3.  Did not re-place instance top_i/StreamingDataflowPartition_1/inst/StreamingDataflowPartition_1_MVAU_hls_0/StreamingDataflowPartition_1_MVAU_hls_0/inst/grp_Matrix_Vector_Activate_Stream_Batch_fu_60/flow_control_loop_pipe_sequential_init_U/sf_fu_1652[31]_i_4/O
INFO: [Physopt 32-662] Processed net top_i/StreamingDataflowPartition_1/inst/StreamingDataflowPartition_1_MVAU_hls_0/StreamingDataflowPartition_1_MVAU_hls_0/inst/grp_Matrix_Vector_Activate_Stream_Batch_fu_60/nf_1_fu_4800_reg_n_3_[16].  Did not re-place instance top_i/StreamingDataflowPartition_1/inst/StreamingDataflowPartition_1_MVAU_hls_0/StreamingDataflowPartition_1_MVAU_hls_0/inst/grp_Matrix_Vector_Activate_Stream_Batch_fu_60/nf_1_fu_4800_reg[16]/Q
INFO: [Physopt 32-662] Processed net top_i/StreamingDataflowPartition_1/inst/StreamingDataflowPartition_1_MVAU_hls_0/StreamingDataflowPartition_1_MVAU_hls_0/inst/grp_Matrix_Vector_Activate_Stream_Batch_fu_60/flow_control_loop_pipe_sequential_init_U/sf_fu_1652[31]_i_11_n_3.  Did not re-place instance top_i/StreamingDataflowPartition_1/inst/StreamingDataflowPartition_1_MVAU_hls_0/StreamingDataflowPartition_1_MVAU_hls_0/inst/grp_Matrix_Vector_Activate_Stream_Batch_fu_60/flow_control_loop_pipe_sequential_init_U/sf_fu_1652[31]_i_11/O
INFO: [Physopt 32-662] Processed net top_i/StreamingDataflowPartition_1/inst/StreamingDataflowPartition_1_MVAU_hls_0/StreamingDataflowPartition_1_MVAU_hls_0/inst/grp_Matrix_Vector_Activate_Stream_Batch_fu_60/nf_1_fu_4800_reg_n_3_[1].  Did not re-place instance top_i/StreamingDataflowPartition_1/inst/StreamingDataflowPartition_1_MVAU_hls_0/StreamingDataflowPartition_1_MVAU_hls_0/inst/grp_Matrix_Vector_Activate_Stream_Batch_fu_60/nf_1_fu_4800_reg[1]/Q
INFO: [Physopt 32-662] Processed net top_i/StreamingDataflowPartition_1/inst/StreamingDataflowPartition_1_MVAU_hls_0/StreamingDataflowPartition_1_MVAU_hls_0/inst/grp_Matrix_Vector_Activate_Stream_Batch_fu_60/nf_1_fu_4800_reg_n_3_[5].  Did not re-place instance top_i/StreamingDataflowPartition_1/inst/StreamingDataflowPartition_1_MVAU_hls_0/StreamingDataflowPartition_1_MVAU_hls_0/inst/grp_Matrix_Vector_Activate_Stream_Batch_fu_60/nf_1_fu_4800_reg[5]/Q
INFO: [Physopt 32-662] Processed net top_i/StreamingDataflowPartition_1/inst/StreamingDataflowPartition_1_MVAU_hls_0/StreamingDataflowPartition_1_MVAU_hls_0/inst/grp_Matrix_Vector_Activate_Stream_Batch_fu_60/nf_1_fu_4800_reg_n_3_[6].  Did not re-place instance top_i/StreamingDataflowPartition_1/inst/StreamingDataflowPartition_1_MVAU_hls_0/StreamingDataflowPartition_1_MVAU_hls_0/inst/grp_Matrix_Vector_Activate_Stream_Batch_fu_60/nf_1_fu_4800_reg[6]/Q
INFO: [Physopt 32-662] Processed net top_i/StreamingDataflowPartition_1/inst/StreamingDataflowPartition_1_MVAU_hls_0/StreamingDataflowPartition_1_MVAU_hls_0/inst/grp_Matrix_Vector_Activate_Stream_Batch_fu_60/nf_1_fu_4800_reg_n_3_[9].  Did not re-place instance top_i/StreamingDataflowPartition_1/inst/StreamingDataflowPartition_1_MVAU_hls_0/StreamingDataflowPartition_1_MVAU_hls_0/inst/grp_Matrix_Vector_Activate_Stream_Batch_fu_60/nf_1_fu_4800_reg[9]/Q
INFO: [Physopt 32-662] Processed net top_i/StreamingDataflowPartition_1/inst/StreamingDataflowPartition_1_MVAU_hls_0/StreamingDataflowPartition_1_MVAU_hls_0/inst/grp_Matrix_Vector_Activate_Stream_Batch_fu_60/nf_1_fu_4800_reg_n_3_[17].  Did not re-place instance top_i/StreamingDataflowPartition_1/inst/StreamingDataflowPartition_1_MVAU_hls_0/StreamingDataflowPartition_1_MVAU_hls_0/inst/grp_Matrix_Vector_Activate_Stream_Batch_fu_60/nf_1_fu_4800_reg[17]/Q
INFO: [Physopt 32-662] Processed net top_i/StreamingDataflowPartition_1/inst/StreamingDataflowPartition_1_MVAU_hls_0/StreamingDataflowPartition_1_MVAU_hls_0/inst/grp_Matrix_Vector_Activate_Stream_Batch_fu_60/nf_1_fu_4800_reg_n_3_[19].  Did not re-place instance top_i/StreamingDataflowPartition_1/inst/StreamingDataflowPartition_1_MVAU_hls_0/StreamingDataflowPartition_1_MVAU_hls_0/inst/grp_Matrix_Vector_Activate_Stream_Batch_fu_60/nf_1_fu_4800_reg[19]/Q
INFO: [Physopt 32-662] Processed net top_i/StreamingDataflowPartition_1/inst/StreamingDataflowPartition_1_MVAU_hls_0/StreamingDataflowPartition_1_MVAU_hls_0/inst/grp_Matrix_Vector_Activate_Stream_Batch_fu_60/nf_1_fu_4800_reg_n_3_[20].  Did not re-place instance top_i/StreamingDataflowPartition_1/inst/StreamingDataflowPartition_1_MVAU_hls_0/StreamingDataflowPartition_1_MVAU_hls_0/inst/grp_Matrix_Vector_Activate_Stream_Batch_fu_60/nf_1_fu_4800_reg[20]/Q
INFO: [Physopt 32-662] Processed net top_i/StreamingDataflowPartition_1/inst/StreamingDataflowPartition_1_MVAU_hls_0/StreamingDataflowPartition_1_MVAU_hls_0/inst/grp_Matrix_Vector_Activate_Stream_Batch_fu_60/flow_control_loop_pipe_sequential_init_U/icmp_ln290_fu_14505_p2.  Did not re-place instance top_i/StreamingDataflowPartition_1/inst/StreamingDataflowPartition_1_MVAU_hls_0/StreamingDataflowPartition_1_MVAU_hls_0/inst/grp_Matrix_Vector_Activate_Stream_Batch_fu_60/flow_control_loop_pipe_sequential_init_U/icmp_ln290_reg_19761[0]_i_1/O
INFO: [Physopt 32-662] Processed net top_i/StreamingDataflowPartition_1/inst/StreamingDataflowPartition_1_MVAU_hls_0/StreamingDataflowPartition_1_MVAU_hls_0/inst/grp_Matrix_Vector_Activate_Stream_Batch_fu_60/sparsemux_1569_10_8_1_1_U1/D[5].  Did not re-place instance top_i/StreamingDataflowPartition_1/inst/StreamingDataflowPartition_1_MVAU_hls_0/StreamingDataflowPartition_1_MVAU_hls_0/inst/grp_Matrix_Vector_Activate_Stream_Batch_fu_60/sparsemux_1569_10_8_1_1_U1/tmp_reg_19741[5]_i_1/O
INFO: [Physopt 32-662] Processed net top_i/StreamingDataflowPartition_1/inst/StreamingDataflowPartition_1_MVAU_hls_0/StreamingDataflowPartition_1_MVAU_hls_0/inst/grp_Matrix_Vector_Activate_Stream_Batch_fu_60/nf_1_fu_4800_reg_n_3_[15].  Did not re-place instance top_i/StreamingDataflowPartition_1/inst/StreamingDataflowPartition_1_MVAU_hls_0/StreamingDataflowPartition_1_MVAU_hls_0/inst/grp_Matrix_Vector_Activate_Stream_Batch_fu_60/nf_1_fu_4800_reg[15]/Q
INFO: [Physopt 32-662] Processed net top_i/StreamingDataflowPartition_1/inst/StreamingDataflowPartition_1_MVAU_hls_0/StreamingDataflowPartition_1_MVAU_hls_0/inst/grp_Matrix_Vector_Activate_Stream_Batch_fu_60/nf_1_fu_4800_reg_n_3_[22].  Did not re-place instance top_i/StreamingDataflowPartition_1/inst/StreamingDataflowPartition_1_MVAU_hls_0/StreamingDataflowPartition_1_MVAU_hls_0/inst/grp_Matrix_Vector_Activate_Stream_Batch_fu_60/nf_1_fu_4800_reg[22]/Q
INFO: [Physopt 32-662] Processed net top_i/StreamingDataflowPartition_1/inst/StreamingDataflowPartition_1_MVAU_hls_0/StreamingDataflowPartition_1_MVAU_hls_0/inst/grp_Matrix_Vector_Activate_Stream_Batch_fu_60/nf_1_fu_4800_reg_n_3_[23].  Did not re-place instance top_i/StreamingDataflowPartition_1/inst/StreamingDataflowPartition_1_MVAU_hls_0/StreamingDataflowPartition_1_MVAU_hls_0/inst/grp_Matrix_Vector_Activate_Stream_Batch_fu_60/nf_1_fu_4800_reg[23]/Q
INFO: [Physopt 32-662] Processed net top_i/StreamingDataflowPartition_1/inst/StreamingDataflowPartition_1_MVAU_hls_0/StreamingDataflowPartition_1_MVAU_hls_0/inst/grp_Matrix_Vector_Activate_Stream_Batch_fu_60/nf_1_fu_4800_reg_n_3_[24].  Did not re-place instance top_i/StreamingDataflowPartition_1/inst/StreamingDataflowPartition_1_MVAU_hls_0/StreamingDataflowPartition_1_MVAU_hls_0/inst/grp_Matrix_Vector_Activate_Stream_Batch_fu_60/nf_1_fu_4800_reg[24]/Q
INFO: [Physopt 32-662] Processed net top_i/StreamingDataflowPartition_1/inst/StreamingDataflowPartition_1_MVAU_hls_0/StreamingDataflowPartition_1_MVAU_hls_0/inst/grp_Matrix_Vector_Activate_Stream_Batch_fu_60/nf_1_fu_4800_reg_n_3_[2].  Did not re-place instance top_i/StreamingDataflowPartition_1/inst/StreamingDataflowPartition_1_MVAU_hls_0/StreamingDataflowPartition_1_MVAU_hls_0/inst/grp_Matrix_Vector_Activate_Stream_Batch_fu_60/nf_1_fu_4800_reg[2]/Q
INFO: [Physopt 32-662] Processed net top_i/StreamingDataflowPartition_1/inst/StreamingDataflowPartition_1_MVAU_hls_0/StreamingDataflowPartition_1_MVAU_hls_0/inst/grp_Matrix_Vector_Activate_Stream_Batch_fu_60/nf_1_fu_4800_reg_n_3_[3].  Did not re-place instance top_i/StreamingDataflowPartition_1/inst/StreamingDataflowPartition_1_MVAU_hls_0/StreamingDataflowPartition_1_MVAU_hls_0/inst/grp_Matrix_Vector_Activate_Stream_Batch_fu_60/nf_1_fu_4800_reg[3]/Q
INFO: [Physopt 32-662] Processed net top_i/StreamingDataflowPartition_1/inst/StreamingDataflowPartition_1_MVAU_hls_0/StreamingDataflowPartition_1_MVAU_hls_0/inst/grp_Matrix_Vector_Activate_Stream_Batch_fu_60/nf_1_fu_4800_reg_n_3_[4].  Did not re-place instance top_i/StreamingDataflowPartition_1/inst/StreamingDataflowPartition_1_MVAU_hls_0/StreamingDataflowPartition_1_MVAU_hls_0/inst/grp_Matrix_Vector_Activate_Stream_Batch_fu_60/nf_1_fu_4800_reg[4]/Q
INFO: [Physopt 32-662] Processed net top_i/StreamingDataflowPartition_1/inst/StreamingDataflowPartition_1_MVAU_hls_0/StreamingDataflowPartition_1_MVAU_hls_0/inst/grp_Matrix_Vector_Activate_Stream_Batch_fu_60/nf_1_fu_4800_reg_n_3_[21].  Did not re-place instance top_i/StreamingDataflowPartition_1/inst/StreamingDataflowPartition_1_MVAU_hls_0/StreamingDataflowPartition_1_MVAU_hls_0/inst/grp_Matrix_Vector_Activate_Stream_Batch_fu_60/nf_1_fu_4800_reg[21]/Q
INFO: [Physopt 32-662] Processed net top_i/StreamingDataflowPartition_1/inst/StreamingDataflowPartition_1_MVAU_hls_0/StreamingDataflowPartition_1_MVAU_hls_0/inst/grp_Matrix_Vector_Activate_Stream_Batch_fu_60/nf_1_fu_4800_reg_n_3_[26].  Did not re-place instance top_i/StreamingDataflowPartition_1/inst/StreamingDataflowPartition_1_MVAU_hls_0/StreamingDataflowPartition_1_MVAU_hls_0/inst/grp_Matrix_Vector_Activate_Stream_Batch_fu_60/nf_1_fu_4800_reg[26]/Q
INFO: [Physopt 32-662] Processed net top_i/StreamingDataflowPartition_1/inst/StreamingDataflowPartition_1_MVAU_hls_0/StreamingDataflowPartition_1_MVAU_hls_0/inst/grp_Matrix_Vector_Activate_Stream_Batch_fu_60/nf_1_fu_4800_reg_n_3_[27].  Did not re-place instance top_i/StreamingDataflowPartition_1/inst/StreamingDataflowPartition_1_MVAU_hls_0/StreamingDataflowPartition_1_MVAU_hls_0/inst/grp_Matrix_Vector_Activate_Stream_Batch_fu_60/nf_1_fu_4800_reg[27]/Q
INFO: [Physopt 32-662] Processed net top_i/StreamingDataflowPartition_1/inst/StreamingDataflowPartition_1_MVAU_hls_0/StreamingDataflowPartition_1_MVAU_hls_0/inst/grp_Matrix_Vector_Activate_Stream_Batch_fu_60/nf_1_fu_4800_reg_n_3_[28].  Did not re-place instance top_i/StreamingDataflowPartition_1/inst/StreamingDataflowPartition_1_MVAU_hls_0/StreamingDataflowPartition_1_MVAU_hls_0/inst/grp_Matrix_Vector_Activate_Stream_Batch_fu_60/nf_1_fu_4800_reg[28]/Q
INFO: [Physopt 32-662] Processed net top_i/StreamingDataflowPartition_1/inst/StreamingDataflowPartition_1_MVAU_hls_0/StreamingDataflowPartition_1_MVAU_hls_0/inst/grp_Matrix_Vector_Activate_Stream_Batch_fu_60/flow_control_loop_pipe_sequential_init_U/sf_fu_1652[31]_i_5_n_3.  Did not re-place instance top_i/StreamingDataflowPartition_1/inst/StreamingDataflowPartition_1_MVAU_hls_0/StreamingDataflowPartition_1_MVAU_hls_0/inst/grp_Matrix_Vector_Activate_Stream_Batch_fu_60/flow_control_loop_pipe_sequential_init_U/sf_fu_1652[31]_i_5/O
INFO: [Physopt 32-662] Processed net top_i/StreamingDataflowPartition_1/inst/StreamingDataflowPartition_1_MVAU_hls_0/StreamingDataflowPartition_1_MVAU_hls_0/inst/grp_Matrix_Vector_Activate_Stream_Batch_fu_60/flow_control_loop_pipe_sequential_init_U/sf_fu_1652[31]_i_12_n_3.  Did not re-place instance top_i/StreamingDataflowPartition_1/inst/StreamingDataflowPartition_1_MVAU_hls_0/StreamingDataflowPartition_1_MVAU_hls_0/inst/grp_Matrix_Vector_Activate_Stream_Batch_fu_60/flow_control_loop_pipe_sequential_init_U/sf_fu_1652[31]_i_12/O
INFO: [Physopt 32-662] Processed net top_i/StreamingDataflowPartition_1/inst/StreamingDataflowPartition_1_MVAU_hls_0/StreamingDataflowPartition_1_MVAU_hls_0/inst/grp_Matrix_Vector_Activate_Stream_Batch_fu_60/nf_1_fu_4800_reg_n_3_[13].  Did not re-place instance top_i/StreamingDataflowPartition_1/inst/StreamingDataflowPartition_1_MVAU_hls_0/StreamingDataflowPartition_1_MVAU_hls_0/inst/grp_Matrix_Vector_Activate_Stream_Batch_fu_60/nf_1_fu_4800_reg[13]/Q
INFO: [Physopt 32-662] Processed net top_i/StreamingDataflowPartition_1/inst/StreamingDataflowPartition_1_MVAU_hls_0/StreamingDataflowPartition_1_MVAU_hls_0/inst/grp_Matrix_Vector_Activate_Stream_Batch_fu_60/nf_1_fu_4800_reg_n_3_[14].  Did not re-place instance top_i/StreamingDataflowPartition_1/inst/StreamingDataflowPartition_1_MVAU_hls_0/StreamingDataflowPartition_1_MVAU_hls_0/inst/grp_Matrix_Vector_Activate_Stream_Batch_fu_60/nf_1_fu_4800_reg[14]/Q
INFO: [Physopt 32-662] Processed net top_i/StreamingDataflowPartition_1/inst/StreamingDataflowPartition_1_MVAU_hls_0/StreamingDataflowPartition_1_MVAU_hls_0/inst/grp_Matrix_Vector_Activate_Stream_Batch_fu_60/nf_1_fu_4800_reg_n_3_[18].  Did not re-place instance top_i/StreamingDataflowPartition_1/inst/StreamingDataflowPartition_1_MVAU_hls_0/StreamingDataflowPartition_1_MVAU_hls_0/inst/grp_Matrix_Vector_Activate_Stream_Batch_fu_60/nf_1_fu_4800_reg[18]/Q
INFO: [Physopt 32-662] Processed net top_i/StreamingDataflowPartition_1/inst/StreamingDataflowPartition_1_MVAU_hls_0/StreamingDataflowPartition_1_MVAU_hls_0/inst/grp_Matrix_Vector_Activate_Stream_Batch_fu_60/nf_1_fu_4800_reg_n_3_[25].  Did not re-place instance top_i/StreamingDataflowPartition_1/inst/StreamingDataflowPartition_1_MVAU_hls_0/StreamingDataflowPartition_1_MVAU_hls_0/inst/grp_Matrix_Vector_Activate_Stream_Batch_fu_60/nf_1_fu_4800_reg[25]/Q
INFO: [Physopt 32-662] Processed net top_i/StreamingDataflowPartition_1/inst/StreamingDataflowPartition_1_MVAU_hls_0/StreamingDataflowPartition_1_MVAU_hls_0/inst/grp_Matrix_Vector_Activate_Stream_Batch_fu_60/nf_1_fu_4800_reg_n_3_[29].  Did not re-place instance top_i/StreamingDataflowPartition_1/inst/StreamingDataflowPartition_1_MVAU_hls_0/StreamingDataflowPartition_1_MVAU_hls_0/inst/grp_Matrix_Vector_Activate_Stream_Batch_fu_60/nf_1_fu_4800_reg[29]/Q
INFO: [Physopt 32-662] Processed net top_i/StreamingDataflowPartition_1/inst/StreamingDataflowPartition_1_MVAU_hls_0/StreamingDataflowPartition_1_MVAU_hls_0/inst/grp_Matrix_Vector_Activate_Stream_Batch_fu_60/nf_1_fu_4800_reg_n_3_[30].  Did not re-place instance top_i/StreamingDataflowPartition_1/inst/StreamingDataflowPartition_1_MVAU_hls_0/StreamingDataflowPartition_1_MVAU_hls_0/inst/grp_Matrix_Vector_Activate_Stream_Batch_fu_60/nf_1_fu_4800_reg[30]/Q
INFO: [Physopt 32-662] Processed net top_i/StreamingDataflowPartition_1/inst/StreamingDataflowPartition_1_MVAU_hls_0/StreamingDataflowPartition_1_MVAU_hls_0/inst/grp_Matrix_Vector_Activate_Stream_Batch_fu_60/nf_1_fu_4800_reg_n_3_[31].  Did not re-place instance top_i/StreamingDataflowPartition_1/inst/StreamingDataflowPartition_1_MVAU_hls_0/StreamingDataflowPartition_1_MVAU_hls_0/inst/grp_Matrix_Vector_Activate_Stream_Batch_fu_60/nf_1_fu_4800_reg[31]/Q
INFO: [Physopt 32-662] Processed net top_i/StreamingDataflowPartition_1/inst/StreamingDataflowPartition_1_MVAU_hls_0/StreamingDataflowPartition_1_MVAU_hls_0/inst/grp_Matrix_Vector_Activate_Stream_Batch_fu_60/flow_control_loop_pipe_sequential_init_U/sf_fu_1652[31]_i_7_n_3.  Did not re-place instance top_i/StreamingDataflowPartition_1/inst/StreamingDataflowPartition_1_MVAU_hls_0/StreamingDataflowPartition_1_MVAU_hls_0/inst/grp_Matrix_Vector_Activate_Stream_Batch_fu_60/flow_control_loop_pipe_sequential_init_U/sf_fu_1652[31]_i_7/O
INFO: [Physopt 32-662] Processed net top_i/StreamingDataflowPartition_1/inst/StreamingDataflowPartition_1_MVAU_hls_0/StreamingDataflowPartition_1_MVAU_hls_0/inst/grp_Matrix_Vector_Activate_Stream_Batch_fu_60/flow_control_loop_pipe_sequential_init_U/sf_fu_1652[31]_i_14_n_3.  Did not re-place instance top_i/StreamingDataflowPartition_1/inst/StreamingDataflowPartition_1_MVAU_hls_0/StreamingDataflowPartition_1_MVAU_hls_0/inst/grp_Matrix_Vector_Activate_Stream_Batch_fu_60/flow_control_loop_pipe_sequential_init_U/sf_fu_1652[31]_i_14/O
INFO: [Physopt 32-662] Processed net top_i/StreamingDataflowPartition_1/inst/StreamingDataflowPartition_1_MVAU_hls_0/StreamingDataflowPartition_1_MVAU_hls_0/inst/grp_Matrix_Vector_Activate_Stream_Batch_fu_60/sf_fu_1652_reg_n_3_[5].  Did not re-place instance top_i/StreamingDataflowPartition_1/inst/StreamingDataflowPartition_1_MVAU_hls_0/StreamingDataflowPartition_1_MVAU_hls_0/inst/grp_Matrix_Vector_Activate_Stream_Batch_fu_60/sf_fu_1652_reg[5]/Q
INFO: [Physopt 32-662] Processed net top_i/StreamingDataflowPartition_1/inst/StreamingDataflowPartition_1_MVAU_hls_0/StreamingDataflowPartition_1_MVAU_hls_0/inst/grp_Matrix_Vector_Activate_Stream_Batch_fu_60/flow_control_loop_pipe_sequential_init_U/inputBuf_fu_1664[7]_i_7_n_3.  Did not re-place instance top_i/StreamingDataflowPartition_1/inst/StreamingDataflowPartition_1_MVAU_hls_0/StreamingDataflowPartition_1_MVAU_hls_0/inst/grp_Matrix_Vector_Activate_Stream_Batch_fu_60/flow_control_loop_pipe_sequential_init_U/inputBuf_fu_1664[7]_i_7/O
INFO: [Physopt 32-662] Processed net top_i/StreamingDataflowPartition_1/inst/StreamingDataflowPartition_1_MVAU_hls_0/StreamingDataflowPartition_1_MVAU_hls_0/inst/grp_Matrix_Vector_Activate_Stream_Batch_fu_60/flow_control_loop_pipe_sequential_init_U/inputBuf_783_fu_4796[7]_i_7_0[0].  Did not re-place instance top_i/StreamingDataflowPartition_1/inst/StreamingDataflowPartition_1_MVAU_hls_0/StreamingDataflowPartition_1_MVAU_hls_0/inst/grp_Matrix_Vector_Activate_Stream_Batch_fu_60/flow_control_loop_pipe_sequential_init_U/inputBuf_783_fu_4796[7]_i_1/O
INFO: [Physopt 32-662] Processed net top_i/StreamingDataflowPartition_1/inst/StreamingDataflowPartition_1_MVAU_hls_0/StreamingDataflowPartition_1_MVAU_hls_0/inst/grp_Matrix_Vector_Activate_Stream_Batch_fu_60/flow_control_loop_pipe_sequential_init_U/inputBuf_783_fu_4796[7]_i_136_n_3.  Did not re-place instance top_i/StreamingDataflowPartition_1/inst/StreamingDataflowPartition_1_MVAU_hls_0/StreamingDataflowPartition_1_MVAU_hls_0/inst/grp_Matrix_Vector_Activate_Stream_Batch_fu_60/flow_control_loop_pipe_sequential_init_U/inputBuf_783_fu_4796[7]_i_136/O
INFO: [Physopt 32-662] Processed net top_i/StreamingDataflowPartition_1/inst/StreamingDataflowPartition_1_MVAU_hls_0/StreamingDataflowPartition_1_MVAU_hls_0/inst/grp_Matrix_Vector_Activate_Stream_Batch_fu_60/flow_control_loop_pipe_sequential_init_U/inputBuf_783_fu_4796[7]_i_203_n_3.  Did not re-place instance top_i/StreamingDataflowPartition_1/inst/StreamingDataflowPartition_1_MVAU_hls_0/StreamingDataflowPartition_1_MVAU_hls_0/inst/grp_Matrix_Vector_Activate_Stream_Batch_fu_60/flow_control_loop_pipe_sequential_init_U/inputBuf_783_fu_4796[7]_i_203/O
INFO: [Physopt 32-662] Processed net top_i/StreamingDataflowPartition_1/inst/StreamingDataflowPartition_1_MVAU_hls_0/StreamingDataflowPartition_1_MVAU_hls_0/inst/grp_Matrix_Vector_Activate_Stream_Batch_fu_60/flow_control_loop_pipe_sequential_init_U/inputBuf_783_fu_4796[7]_i_7_n_3.  Did not re-place instance top_i/StreamingDataflowPartition_1/inst/StreamingDataflowPartition_1_MVAU_hls_0/StreamingDataflowPartition_1_MVAU_hls_0/inst/grp_Matrix_Vector_Activate_Stream_Batch_fu_60/flow_control_loop_pipe_sequential_init_U/inputBuf_783_fu_4796[7]_i_7/O
INFO: [Physopt 32-662] Processed net top_i/StreamingDataflowPartition_1/inst/StreamingDataflowPartition_1_MVAU_hls_0/StreamingDataflowPartition_1_MVAU_hls_0/inst/grp_Matrix_Vector_Activate_Stream_Batch_fu_60/sparsemux_1569_10_8_1_1_U1/D[6].  Did not re-place instance top_i/StreamingDataflowPartition_1/inst/StreamingDataflowPartition_1_MVAU_hls_0/StreamingDataflowPartition_1_MVAU_hls_0/inst/grp_Matrix_Vector_Activate_Stream_Batch_fu_60/sparsemux_1569_10_8_1_1_U1/tmp_reg_19741[6]_i_1/O
INFO: [Physopt 32-662] Processed net top_i/StreamingDataflowPartition_1/inst/StreamingDataflowPartition_1_MVAU_hls_0/StreamingDataflowPartition_1_MVAU_hls_0/inst/grp_Matrix_Vector_Activate_Stream_Batch_fu_60/flow_control_loop_pipe_sequential_init_U/inputBuf_656_fu_4288[7]_i_2_n_3.  Did not re-place instance top_i/StreamingDataflowPartition_1/inst/StreamingDataflowPartition_1_MVAU_hls_0/StreamingDataflowPartition_1_MVAU_hls_0/inst/grp_Matrix_Vector_Activate_Stream_Batch_fu_60/flow_control_loop_pipe_sequential_init_U/inputBuf_656_fu_4288[7]_i_2/O
INFO: [Physopt 32-662] Processed net top_i/StreamingDataflowPartition_1/inst/StreamingDataflowPartition_1_MVAU_hls_0/StreamingDataflowPartition_1_MVAU_hls_0/inst/grp_Matrix_Vector_Activate_Stream_Batch_fu_60/flow_control_loop_pipe_sequential_init_U/inputBuf_783_fu_4796[7]_i_112_n_3.  Did not re-place instance top_i/StreamingDataflowPartition_1/inst/StreamingDataflowPartition_1_MVAU_hls_0/StreamingDataflowPartition_1_MVAU_hls_0/inst/grp_Matrix_Vector_Activate_Stream_Batch_fu_60/flow_control_loop_pipe_sequential_init_U/inputBuf_783_fu_4796[7]_i_112/O
INFO: [Physopt 32-662] Processed net top_i/StreamingDataflowPartition_1/inst/StreamingDataflowPartition_1_MVAU_hls_0/StreamingDataflowPartition_1_MVAU_hls_0/inst/grp_Matrix_Vector_Activate_Stream_Batch_fu_60/flow_control_loop_pipe_sequential_init_U/inputBuf_783_fu_4796[7]_i_33_n_3.  Did not re-place instance top_i/StreamingDataflowPartition_1/inst/StreamingDataflowPartition_1_MVAU_hls_0/StreamingDataflowPartition_1_MVAU_hls_0/inst/grp_Matrix_Vector_Activate_Stream_Batch_fu_60/flow_control_loop_pipe_sequential_init_U/inputBuf_783_fu_4796[7]_i_33/O
INFO: [Physopt 32-662] Processed net top_i/StreamingDataflowPartition_1/inst/StreamingDataflowPartition_1_MVAU_hls_0/StreamingDataflowPartition_1_MVAU_hls_0/inst/grp_Matrix_Vector_Activate_Stream_Batch_fu_60/flow_control_loop_pipe_sequential_init_U/inputBuf_783_fu_4796[7]_i_6_n_3.  Did not re-place instance top_i/StreamingDataflowPartition_1/inst/StreamingDataflowPartition_1_MVAU_hls_0/StreamingDataflowPartition_1_MVAU_hls_0/inst/grp_Matrix_Vector_Activate_Stream_Batch_fu_60/flow_control_loop_pipe_sequential_init_U/inputBuf_783_fu_4796[7]_i_6/O
INFO: [Physopt 32-662] Processed net top_i/StreamingDataflowPartition_1/inst/StreamingDataflowPartition_1_MVAU_hls_0/StreamingDataflowPartition_1_MVAU_hls_0/inst/grp_Matrix_Vector_Activate_Stream_Batch_fu_60/sparsemux_1569_10_8_1_1_U1/D[0].  Did not re-place instance top_i/StreamingDataflowPartition_1/inst/StreamingDataflowPartition_1_MVAU_hls_0/StreamingDataflowPartition_1_MVAU_hls_0/inst/grp_Matrix_Vector_Activate_Stream_Batch_fu_60/sparsemux_1569_10_8_1_1_U1/tmp_reg_19741[0]_i_1/O
INFO: [Physopt 32-662] Processed net top_i/StreamingDataflowPartition_1/inst/StreamingDataflowPartition_1_MVAU_hls_0/StreamingDataflowPartition_1_MVAU_hls_0/inst/grp_Matrix_Vector_Activate_Stream_Batch_fu_60/sparsemux_1569_10_8_1_1_U1/D[2].  Did not re-place instance top_i/StreamingDataflowPartition_1/inst/StreamingDataflowPartition_1_MVAU_hls_0/StreamingDataflowPartition_1_MVAU_hls_0/inst/grp_Matrix_Vector_Activate_Stream_Batch_fu_60/sparsemux_1569_10_8_1_1_U1/tmp_reg_19741[2]_i_1/O
INFO: [Physopt 32-662] Processed net top_i/StreamingDataflowPartition_1/inst/StreamingDataflowPartition_1_MVAU_hls_0/StreamingDataflowPartition_1_MVAU_hls_0/inst/grp_Matrix_Vector_Activate_Stream_Batch_fu_60/sparsemux_1569_10_8_1_1_U1/D[7].  Did not re-place instance top_i/StreamingDataflowPartition_1/inst/StreamingDataflowPartition_1_MVAU_hls_0/StreamingDataflowPartition_1_MVAU_hls_0/inst/grp_Matrix_Vector_Activate_Stream_Batch_fu_60/sparsemux_1569_10_8_1_1_U1/tmp_reg_19741[7]_i_1/O
INFO: [Physopt 32-662] Processed net top_i/StreamingDataflowPartition_1/inst/StreamingDataflowPartition_1_MVAU_hls_0/StreamingDataflowPartition_1_MVAU_hls_0/inst/grp_Matrix_Vector_Activate_Stream_Batch_fu_60/flow_control_loop_pipe_sequential_init_U/inputBuf_783_fu_4796[7]_i_10_n_3.  Did not re-place instance top_i/StreamingDataflowPartition_1/inst/StreamingDataflowPartition_1_MVAU_hls_0/StreamingDataflowPartition_1_MVAU_hls_0/inst/grp_Matrix_Vector_Activate_Stream_Batch_fu_60/flow_control_loop_pipe_sequential_init_U/inputBuf_783_fu_4796[7]_i_10/O
INFO: [Physopt 32-662] Processed net top_i/StreamingDataflowPartition_1/inst/StreamingDataflowPartition_1_MVAU_hls_0/StreamingDataflowPartition_1_MVAU_hls_0/inst/grp_Matrix_Vector_Activate_Stream_Batch_fu_60/flow_control_loop_pipe_sequential_init_U/inputBuf_783_fu_4796[7]_i_2_n_3.  Did not re-place instance top_i/StreamingDataflowPartition_1/inst/StreamingDataflowPartition_1_MVAU_hls_0/StreamingDataflowPartition_1_MVAU_hls_0/inst/grp_Matrix_Vector_Activate_Stream_Batch_fu_60/flow_control_loop_pipe_sequential_init_U/inputBuf_783_fu_4796[7]_i_2/O
INFO: [Physopt 32-662] Processed net top_i/StreamingDataflowPartition_1/inst/StreamingDataflowPartition_1_MVAU_hls_0/StreamingDataflowPartition_1_MVAU_hls_0/inst/grp_Matrix_Vector_Activate_Stream_Batch_fu_60/flow_control_loop_pipe_sequential_init_U/inputBuf_783_fu_4796[7]_i_51_n_3.  Did not re-place instance top_i/StreamingDataflowPartition_1/inst/StreamingDataflowPartition_1_MVAU_hls_0/StreamingDataflowPartition_1_MVAU_hls_0/inst/grp_Matrix_Vector_Activate_Stream_Batch_fu_60/flow_control_loop_pipe_sequential_init_U/inputBuf_783_fu_4796[7]_i_51/O
INFO: [Physopt 32-662] Processed net top_i/StreamingDataflowPartition_1/inst/StreamingDataflowPartition_1_MVAU_hls_0/StreamingDataflowPartition_1_MVAU_hls_0/inst/grp_Matrix_Vector_Activate_Stream_Batch_fu_60/flow_control_loop_pipe_sequential_init_U/inputBuf_783_fu_4796[7]_i_66_n_3_repN.  Did not re-place instance top_i/StreamingDataflowPartition_1/inst/StreamingDataflowPartition_1_MVAU_hls_0/StreamingDataflowPartition_1_MVAU_hls_0/inst/grp_Matrix_Vector_Activate_Stream_Batch_fu_60/flow_control_loop_pipe_sequential_init_U/inputBuf_783_fu_4796[7]_i_66_replica/O
INFO: [Physopt 32-662] Processed net top_i/StreamingDataflowPartition_1/inst/StreamingDataflowPartition_1_MVAU_hls_0/StreamingDataflowPartition_1_MVAU_hls_0/inst/grp_Matrix_Vector_Activate_Stream_Batch_fu_60/flow_control_loop_pipe_sequential_init_U/sf_fu_1652[31]_i_6_n_3.  Did not re-place instance top_i/StreamingDataflowPartition_1/inst/StreamingDataflowPartition_1_MVAU_hls_0/StreamingDataflowPartition_1_MVAU_hls_0/inst/grp_Matrix_Vector_Activate_Stream_Batch_fu_60/flow_control_loop_pipe_sequential_init_U/sf_fu_1652[31]_i_6/O
INFO: [Physopt 32-662] Processed net top_i/StreamingDataflowPartition_1/inst/StreamingDataflowPartition_1_MVAU_hls_0/StreamingDataflowPartition_1_MVAU_hls_0/inst/grp_Matrix_Vector_Activate_Stream_Batch_fu_60/flow_control_loop_pipe_sequential_init_U/sf_fu_1652[31]_i_13_n_3.  Did not re-place instance top_i/StreamingDataflowPartition_1/inst/StreamingDataflowPartition_1_MVAU_hls_0/StreamingDataflowPartition_1_MVAU_hls_0/inst/grp_Matrix_Vector_Activate_Stream_Batch_fu_60/flow_control_loop_pipe_sequential_init_U/sf_fu_1652[31]_i_13/O
INFO: [Physopt 32-662] Processed net top_i/StreamingDataflowPartition_1/inst/StreamingDataflowPartition_1_MVAU_hls_0/StreamingDataflowPartition_1_MVAU_hls_0/inst/grp_Matrix_Vector_Activate_Stream_Batch_fu_60/sf_fu_1652_reg_n_3_[4].  Did not re-place instance top_i/StreamingDataflowPartition_1/inst/StreamingDataflowPartition_1_MVAU_hls_0/StreamingDataflowPartition_1_MVAU_hls_0/inst/grp_Matrix_Vector_Activate_Stream_Batch_fu_60/sf_fu_1652_reg[4]/Q
INFO: [Physopt 32-662] Processed net top_i/StreamingDataflowPartition_1/inst/StreamingDataflowPartition_1_MVAU_hls_0/StreamingDataflowPartition_1_MVAU_hls_0/inst/grp_Matrix_Vector_Activate_Stream_Batch_fu_60/flow_control_loop_pipe_sequential_init_U/inputBuf_196_fu_2448[7]_i_2_n_3.  Did not re-place instance top_i/StreamingDataflowPartition_1/inst/StreamingDataflowPartition_1_MVAU_hls_0/StreamingDataflowPartition_1_MVAU_hls_0/inst/grp_Matrix_Vector_Activate_Stream_Batch_fu_60/flow_control_loop_pipe_sequential_init_U/inputBuf_196_fu_2448[7]_i_2_rewire/O
INFO: [Physopt 32-662] Processed net top_i/StreamingDataflowPartition_1/inst/StreamingDataflowPartition_1_MVAU_hls_0/StreamingDataflowPartition_1_MVAU_hls_0/inst/grp_Matrix_Vector_Activate_Stream_Batch_fu_60/flow_control_loop_pipe_sequential_init_U/inputBuf_196_fu_2448[7]_i_3_n_3.  Did not re-place instance top_i/StreamingDataflowPartition_1/inst/StreamingDataflowPartition_1_MVAU_hls_0/StreamingDataflowPartition_1_MVAU_hls_0/inst/grp_Matrix_Vector_Activate_Stream_Batch_fu_60/flow_control_loop_pipe_sequential_init_U/inputBuf_196_fu_2448[7]_i_3_rewire/O
INFO: [Physopt 32-662] Processed net top_i/StreamingDataflowPartition_1/inst/StreamingDataflowPartition_1_MVAU_hls_0/StreamingDataflowPartition_1_MVAU_hls_0/inst/grp_Matrix_Vector_Activate_Stream_Batch_fu_60/flow_control_loop_pipe_sequential_init_U/inputBuf_783_fu_4796[7]_i_28_n_3.  Did not re-place instance top_i/StreamingDataflowPartition_1/inst/StreamingDataflowPartition_1_MVAU_hls_0/StreamingDataflowPartition_1_MVAU_hls_0/inst/grp_Matrix_Vector_Activate_Stream_Batch_fu_60/flow_control_loop_pipe_sequential_init_U/inputBuf_783_fu_4796[7]_i_28/O
INFO: [Physopt 32-662] Processed net top_i/StreamingDataflowPartition_1/inst/StreamingDataflowPartition_1_MVAU_hls_0/StreamingDataflowPartition_1_MVAU_hls_0/inst/grp_Matrix_Vector_Activate_Stream_Batch_fu_60/flow_control_loop_pipe_sequential_init_U/inputBuf_783_fu_4796[7]_i_5_n_3.  Did not re-place instance top_i/StreamingDataflowPartition_1/inst/StreamingDataflowPartition_1_MVAU_hls_0/StreamingDataflowPartition_1_MVAU_hls_0/inst/grp_Matrix_Vector_Activate_Stream_Batch_fu_60/flow_control_loop_pipe_sequential_init_U/inputBuf_783_fu_4796[7]_i_5/O
INFO: [Physopt 32-662] Processed net top_i/StreamingDataflowPartition_1/inst/StreamingDataflowPartition_1_MVAU_hls_0/StreamingDataflowPartition_1_MVAU_hls_0/inst/grp_Matrix_Vector_Activate_Stream_Batch_fu_60/flow_control_loop_pipe_sequential_init_U/inputBuf_783_fu_4796[7]_i_67_n_3_repN.  Did not re-place instance top_i/StreamingDataflowPartition_1/inst/StreamingDataflowPartition_1_MVAU_hls_0/StreamingDataflowPartition_1_MVAU_hls_0/inst/grp_Matrix_Vector_Activate_Stream_Batch_fu_60/flow_control_loop_pipe_sequential_init_U/inputBuf_783_fu_4796[7]_i_67_replica/O
INFO: [Physopt 32-662] Processed net top_i/StreamingDataflowPartition_1/inst/StreamingDataflowPartition_1_MVAU_hls_0/StreamingDataflowPartition_1_MVAU_hls_0/inst/grp_Matrix_Vector_Activate_Stream_Batch_fu_60/flow_control_loop_pipe_sequential_init_U/inputBuf_436_fu_3408[7]_i_2_n_3.  Did not re-place instance top_i/StreamingDataflowPartition_1/inst/StreamingDataflowPartition_1_MVAU_hls_0/StreamingDataflowPartition_1_MVAU_hls_0/inst/grp_Matrix_Vector_Activate_Stream_Batch_fu_60/flow_control_loop_pipe_sequential_init_U/inputBuf_436_fu_3408[7]_i_2/O
INFO: [Physopt 32-662] Processed net top_i/StreamingDataflowPartition_1/inst/StreamingDataflowPartition_1_MVAU_hls_0/StreamingDataflowPartition_1_MVAU_hls_0/inst/grp_Matrix_Vector_Activate_Stream_Batch_fu_60/sparsemux_1569_10_8_1_1_U1/D[4].  Did not re-place instance top_i/StreamingDataflowPartition_1/inst/StreamingDataflowPartition_1_MVAU_hls_0/StreamingDataflowPartition_1_MVAU_hls_0/inst/grp_Matrix_Vector_Activate_Stream_Batch_fu_60/sparsemux_1569_10_8_1_1_U1/tmp_reg_19741[4]_i_1/O
INFO: [Physopt 32-662] Processed net top_i/StreamingDataflowPartition_1/inst/StreamingDataflowPartition_1_MVAU_hls_0/StreamingDataflowPartition_1_MVAU_hls_0/inst/grp_Matrix_Vector_Activate_Stream_Batch_fu_60/flow_control_loop_pipe_sequential_init_U/inputBuf_368_fu_3136[7]_i_2_n_3.  Did not re-place instance top_i/StreamingDataflowPartition_1/inst/StreamingDataflowPartition_1_MVAU_hls_0/StreamingDataflowPartition_1_MVAU_hls_0/inst/grp_Matrix_Vector_Activate_Stream_Batch_fu_60/flow_control_loop_pipe_sequential_init_U/inputBuf_368_fu_3136[7]_i_2/O
INFO: [Physopt 32-661] Optimized 2 nets.  Re-placed 4 instances.
INFO: [Physopt 32-775] End 1 Pass. Optimized 2 nets or cells. Created 0 new cell, deleted 0 existing cell and moved 4 existing cells
INFO: [Physopt 32-619] Estimated Timing Summary | WNS=-1.851 | TNS=-7174.011 |
Netlist sorting complete. Time (s): cpu = 00:00:00.1 ; elapsed = 00:00:00.02 . Memory (MB): peak = 3620.988 ; gain = 0.000 ; free physical = 3142 ; free virtual = 12115
Phase 16 Multi Cell Placement Optimization | Checksum: 19ad2b4f0

Time (s): cpu = 00:36:28 ; elapsed = 00:08:42 . Memory (MB): peak = 3620.988 ; gain = 0.000 ; free physical = 3123 ; free virtual = 12120

Phase 17 Rewire
INFO: [Physopt 32-246] Starting Signal Push optimization...
INFO: [Physopt 32-77] Pass 1. Identified 7 candidate nets for rewire optimization.
INFO: [Physopt 32-134] Processed net top_i/StreamingDataflowPartition_1/inst/StreamingDataflowPartition_1_MVAU_hls_0/StreamingDataflowPartition_1_MVAU_hls_0/inst/grp_Matrix_Vector_Activate_Stream_Batch_fu_60/flow_control_loop_pipe_sequential_init_U/ap_sig_allocacmp_sf_1[4]. Rewiring did not optimize the net.
INFO: [Physopt 32-134] Processed net top_i/StreamingDataflowPartition_1/inst/StreamingDataflowPartition_1_MVAU_hls_0/StreamingDataflowPartition_1_MVAU_hls_0/inst/grp_Matrix_Vector_Activate_Stream_Batch_fu_60/flow_control_loop_pipe_sequential_init_U/inputBuf_196_fu_2448[7]_i_2_n_3. Rewiring did not optimize the net.
INFO: [Physopt 32-134] Processed net top_i/StreamingDataflowPartition_1/inst/StreamingDataflowPartition_1_MVAU_hls_0/StreamingDataflowPartition_1_MVAU_hls_0/inst/grp_Matrix_Vector_Activate_Stream_Batch_fu_60/flow_control_loop_pipe_sequential_init_U/inputBuf_783_fu_4796[7]_i_154_n_3. Rewiring did not optimize the net.
INFO: [Physopt 32-134] Processed net top_i/StreamingDataflowPartition_1/inst/StreamingDataflowPartition_1_MVAU_hls_0/StreamingDataflowPartition_1_MVAU_hls_0/inst/grp_Matrix_Vector_Activate_Stream_Batch_fu_60/flow_control_loop_pipe_sequential_init_U/inputBuf_536_fu_3808[7]_i_2_n_3. Rewiring did not optimize the net.
INFO: [Physopt 32-134] Processed net top_i/StreamingDataflowPartition_1/inst/StreamingDataflowPartition_1_MVAU_hls_0/StreamingDataflowPartition_1_MVAU_hls_0/inst/grp_Matrix_Vector_Activate_Stream_Batch_fu_60/flow_control_loop_pipe_sequential_init_U/inputBuf_400_fu_3264[7]_i_2_n_3_repN. Rewiring did not optimize the net.
INFO: [Physopt 32-134] Processed net top_i/StreamingDataflowPartition_1/inst/StreamingDataflowPartition_1_MVAU_hls_1/StreamingDataflowPartition_1_MVAU_hls_1/inst/grp_Matrix_Vector_Activate_Stream_Batch_fu_60/flow_control_loop_pipe_sequential_init_U/nf_1_fu_1630[31]_i_3_n_3. Rewiring did not optimize the net.
INFO: [Physopt 32-134] Processed net top_i/StreamingDataflowPartition_1/inst/StreamingDataflowPartition_1_MVAU_hls_0/StreamingDataflowPartition_1_MVAU_hls_0/inst/grp_Matrix_Vector_Activate_Stream_Batch_fu_60/flow_control_loop_pipe_sequential_init_U/inputBuf_752_fu_4672[7]_i_3_n_3. Rewiring did not optimize the net.
INFO: [Physopt 32-232] Optimized 0 net. Created 0 new instance.
INFO: [Physopt 32-775] End 1 Pass. Optimized 0 net or cell. Created 0 new cell, deleted 0 existing cell and moved 0 existing cell
Netlist sorting complete. Time (s): cpu = 00:00:00.02 ; elapsed = 00:00:00.03 . Memory (MB): peak = 3620.988 ; gain = 0.000 ; free physical = 3069 ; free virtual = 12113
Netlist sorting complete. Time (s): cpu = 00:00:00.01 ; elapsed = 00:00:00.01 . Memory (MB): peak = 3620.988 ; gain = 0.000 ; free physical = 3069 ; free virtual = 12113
Phase 17 Rewire | Checksum: 19ad2b4f0

Time (s): cpu = 00:36:38 ; elapsed = 00:08:46 . Memory (MB): peak = 3620.988 ; gain = 0.000 ; free physical = 3050 ; free virtual = 12116

Phase 18 Critical Cell Optimization
INFO: [Physopt 32-46] Identified 30 candidate nets for critical-cell optimization.
INFO: [Physopt 32-81] Processed net top_i/StreamingDataflowPartition_1/inst/StreamingDataflowPartition_1_MVAU_hls_0/StreamingDataflowPartition_1_MVAU_hls_0/inst/grp_Matrix_Vector_Activate_Stream_Batch_fu_60/flow_control_loop_pipe_sequential_init_U/inputBuf_656_fu_4288[7]_i_2_n_3. Replicated 3 times.
INFO: [Physopt 32-572] Net top_i/StreamingDataflowPartition_1/inst/StreamingDataflowPartition_1_MVAU_hls_0/StreamingDataflowPartition_1_MVAU_hls_0/inst/grp_Matrix_Vector_Activate_Stream_Batch_fu_60/flow_control_loop_pipe_sequential_init_U/inputBuf_783_fu_4796[7]_i_7_0[0] was not replicated.
Resolution: phys_opt_design can be forced to replicate a net driver using the option -force_replication_on_nets <list of net objects>.
INFO: [Physopt 32-572] Net top_i/StreamingDataflowPartition_1/inst/StreamingDataflowPartition_1_MVAU_hls_0/StreamingDataflowPartition_1_MVAU_hls_0/inst/grp_Matrix_Vector_Activate_Stream_Batch_fu_60/flow_control_loop_pipe_sequential_init_U/inputBuf_196_fu_2448[7]_i_2_n_3 was not replicated.
Resolution: phys_opt_design can be forced to replicate a net driver using the option -force_replication_on_nets <list of net objects>.
INFO: [Physopt 32-572] Net top_i/StreamingDataflowPartition_1/inst/StreamingDataflowPartition_1_MVAU_hls_0/StreamingDataflowPartition_1_MVAU_hls_0/inst/grp_Matrix_Vector_Activate_Stream_Batch_fu_60/flow_control_loop_pipe_sequential_init_U/inputBuf_368_fu_3136[7]_i_2_n_3 was not replicated.
Resolution: phys_opt_design can be forced to replicate a net driver using the option -force_replication_on_nets <list of net objects>.
INFO: [Physopt 32-572] Net top_i/StreamingDataflowPartition_1/inst/StreamingDataflowPartition_1_MVAU_hls_0/StreamingDataflowPartition_1_MVAU_hls_0/inst/grp_Matrix_Vector_Activate_Stream_Batch_fu_60/flow_control_loop_pipe_sequential_init_U/inputBuf_783_fu_4796[7]_i_14_n_3 was not replicated.
Resolution: phys_opt_design can be forced to replicate a net driver using the option -force_replication_on_nets <list of net objects>.
INFO: [Physopt 32-81] Processed net top_i/StreamingDataflowPartition_1/inst/StreamingDataflowPartition_1_MVAU_hls_0/StreamingDataflowPartition_1_MVAU_hls_0/inst/grp_Matrix_Vector_Activate_Stream_Batch_fu_60/flow_control_loop_pipe_sequential_init_U/inputBuf_384_fu_3200[7]_i_4_n_3. Replicated 4 times.
INFO: [Physopt 32-572] Net top_i/StreamingDataflowPartition_1/inst/StreamingDataflowPartition_1_MVAU_hls_0/StreamingDataflowPartition_1_MVAU_hls_0/inst/grp_Matrix_Vector_Activate_Stream_Batch_fu_60/flow_control_loop_pipe_sequential_init_U/inputBuf_783_fu_4796[7]_i_154_n_3 was not replicated.
Resolution: phys_opt_design can be forced to replicate a net driver using the option -force_replication_on_nets <list of net objects>.
INFO: [Physopt 32-572] Net top_i/StreamingDataflowPartition_1/inst/StreamingDataflowPartition_1_MVAU_hls_0/StreamingDataflowPartition_1_MVAU_hls_0/inst/grp_Matrix_Vector_Activate_Stream_Batch_fu_60/flow_control_loop_pipe_sequential_init_U/inputBuf_536_fu_3808[7]_i_2_n_3 was not replicated.
Resolution: phys_opt_design can be forced to replicate a net driver using the option -force_replication_on_nets <list of net objects>.
INFO: [Physopt 32-81] Processed net top_i/StreamingDataflowPartition_1/inst/StreamingDataflowPartition_1_MVAU_hls_0/StreamingDataflowPartition_1_MVAU_hls_0/inst/grp_Matrix_Vector_Activate_Stream_Batch_fu_60/flow_control_loop_pipe_sequential_init_U/inputBuf_132_fu_2192[7]_i_2_n_3. Replicated 2 times.
INFO: [Physopt 32-572] Net top_i/StreamingDataflowPartition_1/inst/StreamingDataflowPartition_1_MVAU_hls_0/StreamingDataflowPartition_1_MVAU_hls_0/inst/grp_Matrix_Vector_Activate_Stream_Batch_fu_60/flow_control_loop_pipe_sequential_init_U/inputBuf_224_fu_2560[7]_i_2_n_3 was not replicated.
Resolution: phys_opt_design can be forced to replicate a net driver using the option -force_replication_on_nets <list of net objects>.
INFO: [Physopt 32-572] Net top_i/StreamingDataflowPartition_1/inst/StreamingDataflowPartition_1_MVAU_hls_0/StreamingDataflowPartition_1_MVAU_hls_0/inst/grp_Matrix_Vector_Activate_Stream_Batch_fu_60/flow_control_loop_pipe_sequential_init_U/inputBuf_416_fu_3328[7]_i_2_n_3 was not replicated.
Resolution: phys_opt_design can be forced to replicate a net driver using the option -force_replication_on_nets <list of net objects>.
INFO: [Physopt 32-572] Net top_i/StreamingDataflowPartition_1/inst/StreamingDataflowPartition_1_MVAU_hls_0/StreamingDataflowPartition_1_MVAU_hls_0/inst/grp_Matrix_Vector_Activate_Stream_Batch_fu_60/flow_control_loop_pipe_sequential_init_U/inputBuf_fu_1664[7]_i_7_n_3_repN_2 was not replicated.
Resolution: phys_opt_design can be forced to replicate a net driver using the option -force_replication_on_nets <list of net objects>.
INFO: [Physopt 32-81] Processed net top_i/StreamingDataflowPartition_1/inst/StreamingDataflowPartition_1_MVAU_hls_0/StreamingDataflowPartition_1_MVAU_hls_0/inst/grp_Matrix_Vector_Activate_Stream_Batch_fu_60/flow_control_loop_pipe_sequential_init_U/inputBuf_156_fu_2288[7]_i_2_n_3_repN. Replicated 1 times.
INFO: [Physopt 32-572] Net top_i/StreamingDataflowPartition_1/inst/StreamingDataflowPartition_1_MVAU_hls_0/StreamingDataflowPartition_1_MVAU_hls_0/inst/grp_Matrix_Vector_Activate_Stream_Batch_fu_60/flow_control_loop_pipe_sequential_init_U/inputBuf_640_fu_4224[7]_i_3_n_3 was not replicated.
Resolution: phys_opt_design can be forced to replicate a net driver using the option -force_replication_on_nets <list of net objects>.
INFO: [Physopt 32-572] Net top_i/StreamingDataflowPartition_1/inst/StreamingDataflowPartition_1_MVAU_hls_1/StreamingDataflowPartition_1_MVAU_hls_1/inst/grp_Matrix_Vector_Activate_Stream_Batch_fu_60/nf_1_fu_1630_reg_n_3_[0] was not replicated.
Resolution: phys_opt_design can be forced to replicate a net driver using the option -force_replication_on_nets <list of net objects>.
INFO: [Physopt 32-572] Net top_i/StreamingDataflowPartition_1/inst/StreamingDataflowPartition_1_MVAU_hls_1/StreamingDataflowPartition_1_MVAU_hls_1/inst/grp_Matrix_Vector_Activate_Stream_Batch_fu_60/flow_control_loop_pipe_sequential_init_U/nf_1_fu_1630_reg[7][0] was not replicated.
Resolution: phys_opt_design can be forced to replicate a net driver using the option -force_replication_on_nets <list of net objects>.
INFO: [Physopt 32-572] Net top_i/StreamingDataflowPartition_1/inst/StreamingDataflowPartition_1_MVAU_hls_0/StreamingDataflowPartition_1_MVAU_hls_0/inst/grp_Matrix_Vector_Activate_Stream_Batch_fu_60/flow_control_loop_pipe_sequential_init_U/inputBuf_304_fu_2880[7]_i_2_n_3 was not replicated.
Resolution: phys_opt_design can be forced to replicate a net driver using the option -force_replication_on_nets <list of net objects>.
INFO: [Physopt 32-81] Processed net top_i/StreamingDataflowPartition_1/inst/StreamingDataflowPartition_1_MVAU_hls_0/StreamingDataflowPartition_1_MVAU_hls_0/inst/grp_Matrix_Vector_Activate_Stream_Batch_fu_60/flow_control_loop_pipe_sequential_init_U/inputBuf_fu_1664[7]_i_7_n_3_repN_1. Replicated 1 times.
INFO: [Physopt 32-572] Net top_i/StreamingDataflowPartition_1/inst/StreamingDataflowPartition_1_MVAU_hls_0/StreamingDataflowPartition_1_MVAU_hls_0/inst/grp_Matrix_Vector_Activate_Stream_Batch_fu_60/flow_control_loop_pipe_sequential_init_U/inputBuf_400_fu_3264[7]_i_3_n_3_repN was not replicated.
Resolution: phys_opt_design can be forced to replicate a net driver using the option -force_replication_on_nets <list of net objects>.
INFO: [Physopt 32-571] Net top_i/StreamingDataflowPartition_1/inst/StreamingDataflowPartition_1_MVAU_hls_0/StreamingDataflowPartition_1_MVAU_hls_0/inst/grp_Matrix_Vector_Activate_Stream_Batch_fu_60/flow_control_loop_pipe_sequential_init_U/inputBuf_244_fu_2640[7]_i_2_n_3 was not replicated.
INFO: [Physopt 32-572] Net top_i/StreamingDataflowPartition_1/inst/StreamingDataflowPartition_1_MVAU_hls_0/StreamingDataflowPartition_1_MVAU_hls_0/inst/grp_Matrix_Vector_Activate_Stream_Batch_fu_60/flow_control_loop_pipe_sequential_init_U/nf_1_fu_4800_reg[7][0] was not replicated.
Resolution: phys_opt_design can be forced to replicate a net driver using the option -force_replication_on_nets <list of net objects>.
INFO: [Physopt 32-572] Net top_i/StreamingDataflowPartition_1/inst/StreamingDataflowPartition_1_MVAU_hls_0/StreamingDataflowPartition_1_MVAU_hls_0/inst/grp_Matrix_Vector_Activate_Stream_Batch_fu_60/flow_control_loop_pipe_sequential_init_U/inputBuf_512_fu_3712[7]_i_3_n_3 was not replicated.
Resolution: phys_opt_design can be forced to replicate a net driver using the option -force_replication_on_nets <list of net objects>.
INFO: [Physopt 32-81] Processed net top_i/StreamingDataflowPartition_1/inst/StreamingDataflowPartition_1_MVAU_hls_0/StreamingDataflowPartition_1_MVAU_hls_0/inst/grp_Matrix_Vector_Activate_Stream_Batch_fu_60/flow_control_loop_pipe_sequential_init_U/inputBuf_400_fu_3264[7]_i_3_n_3. Replicated 1 times.
INFO: [Physopt 32-81] Processed net top_i/StreamingDataflowPartition_1/inst/StreamingDataflowPartition_1_MVAU_hls_0/StreamingDataflowPartition_1_MVAU_hls_0/inst/grp_Matrix_Vector_Activate_Stream_Batch_fu_60/flow_control_loop_pipe_sequential_init_U/inputBuf_716_fu_4528[7]_i_2_n_3. Replicated 2 times.
INFO: [Physopt 32-81] Processed net top_i/StreamingDataflowPartition_1/inst/StreamingDataflowPartition_1_MVAU_hls_0/StreamingDataflowPartition_1_MVAU_hls_0/inst/grp_Matrix_Vector_Activate_Stream_Batch_fu_60/flow_control_loop_pipe_sequential_init_U/inputBuf_276_fu_2768[7]_i_2_n_3. Replicated 1 times.
INFO: [Physopt 32-81] Processed net top_i/StreamingDataflowPartition_1/inst/StreamingDataflowPartition_1_MVAU_hls_0/StreamingDataflowPartition_1_MVAU_hls_0/inst/grp_Matrix_Vector_Activate_Stream_Batch_fu_60/flow_control_loop_pipe_sequential_init_U/inputBuf_68_fu_1936[7]_i_4_n_3_repN_1. Replicated 1 times.
INFO: [Physopt 32-572] Net top_i/StreamingDataflowPartition_1/inst/StreamingDataflowPartition_1_MVAU_hls_0/StreamingDataflowPartition_1_MVAU_hls_0/inst/grp_Matrix_Vector_Activate_Stream_Batch_fu_60/flow_control_loop_pipe_sequential_init_U/inputBuf_192_fu_2432[7]_i_3_n_3 was not replicated.
Resolution: phys_opt_design can be forced to replicate a net driver using the option -force_replication_on_nets <list of net objects>.
INFO: [Physopt 32-572] Net top_i/StreamingDataflowPartition_1/inst/StreamingDataflowPartition_1_MVAU_hls_0/StreamingDataflowPartition_1_MVAU_hls_0/inst/grp_Matrix_Vector_Activate_Stream_Batch_fu_60/flow_control_loop_pipe_sequential_init_U/inputBuf_783_fu_4796[7]_i_77_n_3 was not replicated.
Resolution: phys_opt_design can be forced to replicate a net driver using the option -force_replication_on_nets <list of net objects>.
INFO: [Physopt 32-81] Processed net top_i/idma0/inst/StreamingDataflowPartition_0_IODMA_hls_0/inst/control_s_axi_U/Q[17]. Replicated 1 times.
INFO: [Physopt 32-81] Processed net top_i/StreamingDataflowPartition_1/inst/StreamingDataflowPartition_1_MVAU_hls_1/StreamingDataflowPartition_1_MVAU_hls_1/inst/grp_Matrix_Vector_Activate_Stream_Batch_fu_60/flow_control_loop_pipe_sequential_init_U/sf_fu_594[31]_i_5_n_3. Replicated 2 times.
INFO: [Physopt 32-232] Optimized 11 nets. Created 19 new instances.
INFO: [Physopt 32-775] End 1 Pass. Optimized 11 nets or cells. Created 19 new cells, deleted 0 existing cell and moved 0 existing cell
INFO: [Physopt 32-619] Estimated Timing Summary | WNS=-1.851 | TNS=-7174.698 |
Netlist sorting complete. Time (s): cpu = 00:00:00.07 ; elapsed = 00:00:00.06 . Memory (MB): peak = 3620.988 ; gain = 0.000 ; free physical = 3116 ; free virtual = 12036
Phase 18 Critical Cell Optimization | Checksum: 156137194

Time (s): cpu = 00:38:41 ; elapsed = 00:09:14 . Memory (MB): peak = 3620.988 ; gain = 0.000 ; free physical = 3138 ; free virtual = 12028

Phase 19 DSP Register Optimization
INFO: [Physopt 32-456] No candidate cells for DSP register optimization found in the design.
INFO: [Physopt 32-775] End 1 Pass. Optimized 0 net or cell. Created 0 new cell, deleted 0 existing cell and moved 0 existing cell
Phase 19 DSP Register Optimization | Checksum: 156137194

Time (s): cpu = 00:38:42 ; elapsed = 00:09:14 . Memory (MB): peak = 3620.988 ; gain = 0.000 ; free physical = 3113 ; free virtual = 12033

Phase 20 BRAM Register Optimization
INFO: [Physopt 32-614] Property 'READ_WIDTH_B' on BRAM cell 'top_i/StreamingDataflowPartition_1/inst/StreamingDataflowPartition_1_MVAU_hls_0/StreamingDataflowPartition_1_MVAU_hls_0/inst/grp_Matrix_Vector_Activate_Stream_Batch_fu_60/nf_2_reg_19725_pp0_iter2_reg_reg' Port 'B' is 0. Skip BRAM Register Optimization on the port
INFO: [Physopt 32-614] Property 'READ_WIDTH_B' on BRAM cell 'top_i/StreamingDataflowPartition_1/inst/StreamingDataflowPartition_1_MVAU_hls_0/StreamingDataflowPartition_1_MVAU_hls_0/inst/grp_Matrix_Vector_Activate_Stream_Batch_fu_60/nf_2_reg_19725_pp0_iter2_reg_reg_rep' Port 'B' is 0. Skip BRAM Register Optimization on the port
INFO: [Physopt 32-614] Property 'READ_WIDTH_B' on BRAM cell 'top_i/StreamingDataflowPartition_1/inst/StreamingDataflowPartition_1_MVAU_hls_0/StreamingDataflowPartition_1_MVAU_hls_0/inst/grp_Matrix_Vector_Activate_Stream_Batch_fu_60/nf_2_reg_19725_pp0_iter2_reg_reg_rep__0' Port 'B' is 0. Skip BRAM Register Optimization on the port
INFO: [Physopt 32-614] Property 'READ_WIDTH_B' on BRAM cell 'top_i/StreamingDataflowPartition_1/inst/StreamingDataflowPartition_1_MVAU_hls_0/StreamingDataflowPartition_1_MVAU_hls_0/inst/grp_Matrix_Vector_Activate_Stream_Batch_fu_60/nf_2_reg_19725_pp0_iter2_reg_reg_rep__1' Port 'B' is 0. Skip BRAM Register Optimization on the port
INFO: [Physopt 32-614] Property 'READ_WIDTH_B' on BRAM cell 'top_i/StreamingDataflowPartition_1/inst/StreamingDataflowPartition_1_MVAU_hls_0/StreamingDataflowPartition_1_MVAU_hls_0/inst/grp_Matrix_Vector_Activate_Stream_Batch_fu_60/nf_2_reg_19725_pp0_iter2_reg_reg_rep__10' Port 'B' is 0. Skip BRAM Register Optimization on the port
INFO: [Physopt 32-614] Property 'READ_WIDTH_B' on BRAM cell 'top_i/StreamingDataflowPartition_1/inst/StreamingDataflowPartition_1_MVAU_hls_0/StreamingDataflowPartition_1_MVAU_hls_0/inst/grp_Matrix_Vector_Activate_Stream_Batch_fu_60/nf_2_reg_19725_pp0_iter2_reg_reg_rep__11' Port 'B' is 0. Skip BRAM Register Optimization on the port
INFO: [Physopt 32-614] Property 'READ_WIDTH_B' on BRAM cell 'top_i/StreamingDataflowPartition_1/inst/StreamingDataflowPartition_1_MVAU_hls_0/StreamingDataflowPartition_1_MVAU_hls_0/inst/grp_Matrix_Vector_Activate_Stream_Batch_fu_60/nf_2_reg_19725_pp0_iter2_reg_reg_rep__12' Port 'B' is 0. Skip BRAM Register Optimization on the port
INFO: [Physopt 32-614] Property 'READ_WIDTH_B' on BRAM cell 'top_i/StreamingDataflowPartition_1/inst/StreamingDataflowPartition_1_MVAU_hls_0/StreamingDataflowPartition_1_MVAU_hls_0/inst/grp_Matrix_Vector_Activate_Stream_Batch_fu_60/nf_2_reg_19725_pp0_iter2_reg_reg_rep__2' Port 'B' is 0. Skip BRAM Register Optimization on the port
INFO: [Physopt 32-614] Property 'READ_WIDTH_B' on BRAM cell 'top_i/StreamingDataflowPartition_1/inst/StreamingDataflowPartition_1_MVAU_hls_0/StreamingDataflowPartition_1_MVAU_hls_0/inst/grp_Matrix_Vector_Activate_Stream_Batch_fu_60/nf_2_reg_19725_pp0_iter2_reg_reg_rep__3' Port 'B' is 0. Skip BRAM Register Optimization on the port
INFO: [Physopt 32-614] Property 'READ_WIDTH_B' on BRAM cell 'top_i/StreamingDataflowPartition_1/inst/StreamingDataflowPartition_1_MVAU_hls_0/StreamingDataflowPartition_1_MVAU_hls_0/inst/grp_Matrix_Vector_Activate_Stream_Batch_fu_60/nf_2_reg_19725_pp0_iter2_reg_reg_rep__4' Port 'B' is 0. Skip BRAM Register Optimization on the port
INFO: [Physopt 32-614] Property 'READ_WIDTH_B' on BRAM cell 'top_i/StreamingDataflowPartition_1/inst/StreamingDataflowPartition_1_MVAU_hls_0/StreamingDataflowPartition_1_MVAU_hls_0/inst/grp_Matrix_Vector_Activate_Stream_Batch_fu_60/nf_2_reg_19725_pp0_iter2_reg_reg_rep__5' Port 'B' is 0. Skip BRAM Register Optimization on the port
INFO: [Physopt 32-614] Property 'READ_WIDTH_B' on BRAM cell 'top_i/StreamingDataflowPartition_1/inst/StreamingDataflowPartition_1_MVAU_hls_0/StreamingDataflowPartition_1_MVAU_hls_0/inst/grp_Matrix_Vector_Activate_Stream_Batch_fu_60/nf_2_reg_19725_pp0_iter2_reg_reg_rep__6' Port 'B' is 0. Skip BRAM Register Optimization on the port
INFO: [Physopt 32-614] Property 'READ_WIDTH_B' on BRAM cell 'top_i/StreamingDataflowPartition_1/inst/StreamingDataflowPartition_1_MVAU_hls_0/StreamingDataflowPartition_1_MVAU_hls_0/inst/grp_Matrix_Vector_Activate_Stream_Batch_fu_60/nf_2_reg_19725_pp0_iter2_reg_reg_rep__7' Port 'B' is 0. Skip BRAM Register Optimization on the port
INFO: [Physopt 32-614] Property 'READ_WIDTH_B' on BRAM cell 'top_i/StreamingDataflowPartition_1/inst/StreamingDataflowPartition_1_MVAU_hls_0/StreamingDataflowPartition_1_MVAU_hls_0/inst/grp_Matrix_Vector_Activate_Stream_Batch_fu_60/nf_2_reg_19725_pp0_iter2_reg_reg_rep__8' Port 'B' is 0. Skip BRAM Register Optimization on the port
INFO: [Physopt 32-614] Property 'READ_WIDTH_B' on BRAM cell 'top_i/StreamingDataflowPartition_1/inst/StreamingDataflowPartition_1_MVAU_hls_0/StreamingDataflowPartition_1_MVAU_hls_0/inst/grp_Matrix_Vector_Activate_Stream_Batch_fu_60/nf_2_reg_19725_pp0_iter2_reg_reg_rep__9' Port 'B' is 0. Skip BRAM Register Optimization on the port
INFO: [Physopt 32-614] Property 'READ_WIDTH_B' on BRAM cell 'top_i/StreamingDataflowPartition_1/inst/StreamingDataflowPartition_1_MVAU_hls_0/StreamingDataflowPartition_1_MVAU_hls_0_wstrm/inst/core/mem/blkStage2.Mem_reg_0_0' Port 'B' is 0. Skip BRAM Register Optimization on the port
INFO: [Physopt 32-614] Property 'READ_WIDTH_B' on BRAM cell 'top_i/StreamingDataflowPartition_1/inst/StreamingDataflowPartition_1_MVAU_hls_0/StreamingDataflowPartition_1_MVAU_hls_0_wstrm/inst/core/mem/blkStage2.Mem_reg_0_1' Port 'B' is 0. Skip BRAM Register Optimization on the port
INFO: [Physopt 32-614] Property 'READ_WIDTH_B' on BRAM cell 'top_i/StreamingDataflowPartition_1/inst/StreamingDataflowPartition_1_MVAU_hls_0/StreamingDataflowPartition_1_MVAU_hls_0_wstrm/inst/core/mem/blkStage2.Mem_reg_0_2' Port 'B' is 0. Skip BRAM Register Optimization on the port
INFO: [Physopt 32-614] Property 'READ_WIDTH_B' on BRAM cell 'top_i/StreamingDataflowPartition_1/inst/StreamingDataflowPartition_1_MVAU_hls_0/StreamingDataflowPartition_1_MVAU_hls_0_wstrm/inst/core/mem/blkStage2.Mem_reg_0_3' Port 'B' is 0. Skip BRAM Register Optimization on the port
INFO: [Physopt 32-614] Property 'READ_WIDTH_B' on BRAM cell 'top_i/StreamingDataflowPartition_1/inst/StreamingDataflowPartition_1_MVAU_hls_0/StreamingDataflowPartition_1_MVAU_hls_0_wstrm/inst/core/mem/blkStage2.Mem_reg_1_0' Port 'B' is 0. Skip BRAM Register Optimization on the port
INFO: [Physopt 32-614] Property 'READ_WIDTH_B' on BRAM cell 'top_i/StreamingDataflowPartition_1/inst/StreamingDataflowPartition_1_MVAU_hls_0/StreamingDataflowPartition_1_MVAU_hls_0_wstrm/inst/core/mem/blkStage2.Mem_reg_1_1' Port 'B' is 0. Skip BRAM Register Optimization on the port
INFO: [Physopt 32-614] Property 'READ_WIDTH_B' on BRAM cell 'top_i/StreamingDataflowPartition_1/inst/StreamingDataflowPartition_1_MVAU_hls_0/StreamingDataflowPartition_1_MVAU_hls_0_wstrm/inst/core/mem/blkStage2.Mem_reg_1_2' Port 'B' is 0. Skip BRAM Register Optimization on the port
INFO: [Physopt 32-614] Property 'READ_WIDTH_B' on BRAM cell 'top_i/StreamingDataflowPartition_1/inst/StreamingDataflowPartition_1_MVAU_hls_0/StreamingDataflowPartition_1_MVAU_hls_0_wstrm/inst/core/mem/blkStage2.Mem_reg_1_3' Port 'B' is 0. Skip BRAM Register Optimization on the port
INFO: [Physopt 32-614] Property 'READ_WIDTH_B' on BRAM cell 'top_i/StreamingDataflowPartition_1/inst/StreamingDataflowPartition_1_MVAU_hls_0/StreamingDataflowPartition_1_MVAU_hls_0_wstrm/inst/core/mem/blkStage2.Mem_reg_2_0' Port 'B' is 0. Skip BRAM Register Optimization on the port
INFO: [Physopt 32-614] Property 'READ_WIDTH_B' on BRAM cell 'top_i/StreamingDataflowPartition_1/inst/StreamingDataflowPartition_1_MVAU_hls_0/StreamingDataflowPartition_1_MVAU_hls_0_wstrm/inst/core/mem/blkStage2.Mem_reg_2_1' Port 'B' is 0. Skip BRAM Register Optimization on the port
INFO: [Physopt 32-614] Property 'READ_WIDTH_B' on BRAM cell 'top_i/StreamingDataflowPartition_1/inst/StreamingDataflowPartition_1_MVAU_hls_0/StreamingDataflowPartition_1_MVAU_hls_0_wstrm/inst/core/mem/blkStage2.Mem_reg_2_2' Port 'B' is 0. Skip BRAM Register Optimization on the port
INFO: [Physopt 32-614] Property 'READ_WIDTH_B' on BRAM cell 'top_i/StreamingDataflowPartition_1/inst/StreamingDataflowPartition_1_MVAU_hls_0/StreamingDataflowPartition_1_MVAU_hls_0_wstrm/inst/core/mem/blkStage2.Mem_reg_2_3' Port 'B' is 0. Skip BRAM Register Optimization on the port
INFO: [Physopt 32-614] Property 'READ_WIDTH_B' on BRAM cell 'top_i/StreamingDataflowPartition_1/inst/StreamingDataflowPartition_1_MVAU_hls_0/StreamingDataflowPartition_1_MVAU_hls_0_wstrm/inst/core/mem/blkStage2.Mem_reg_3_0' Port 'B' is 0. Skip BRAM Register Optimization on the port
INFO: [Physopt 32-614] Property 'READ_WIDTH_B' on BRAM cell 'top_i/StreamingDataflowPartition_1/inst/StreamingDataflowPartition_1_MVAU_hls_0/StreamingDataflowPartition_1_MVAU_hls_0_wstrm/inst/core/mem/blkStage2.Mem_reg_3_0__0' Port 'B' is 0. Skip BRAM Register Optimization on the port
INFO: [Physopt 32-614] Property 'READ_WIDTH_B' on BRAM cell 'top_i/StreamingDataflowPartition_1/inst/StreamingDataflowPartition_1_MVAU_hls_0/StreamingDataflowPartition_1_MVAU_hls_0_wstrm/inst/core/mem/blkStage2.Mem_reg_3_1' Port 'B' is 0. Skip BRAM Register Optimization on the port
INFO: [Physopt 32-614] Property 'READ_WIDTH_B' on BRAM cell 'top_i/StreamingDataflowPartition_1/inst/StreamingDataflowPartition_1_MVAU_hls_0/StreamingDataflowPartition_1_MVAU_hls_0_wstrm/inst/core/mem/blkStage2.Mem_reg_3_1__0' Port 'B' is 0. Skip BRAM Register Optimization on the port
INFO: [Physopt 32-614] Property 'READ_WIDTH_B' on BRAM cell 'top_i/StreamingDataflowPartition_1/inst/StreamingDataflowPartition_1_MVAU_hls_0/StreamingDataflowPartition_1_MVAU_hls_0_wstrm/inst/core/mem/blkStage2.Mem_reg_3_2' Port 'B' is 0. Skip BRAM Register Optimization on the port
INFO: [Physopt 32-614] Property 'READ_WIDTH_B' on BRAM cell 'top_i/StreamingDataflowPartition_1/inst/StreamingDataflowPartition_1_MVAU_hls_0/StreamingDataflowPartition_1_MVAU_hls_0_wstrm/inst/core/mem/blkStage2.Mem_reg_3_2__0' Port 'B' is 0. Skip BRAM Register Optimization on the port
INFO: [Physopt 32-614] Property 'READ_WIDTH_B' on BRAM cell 'top_i/StreamingDataflowPartition_1/inst/StreamingDataflowPartition_1_MVAU_hls_0/StreamingDataflowPartition_1_MVAU_hls_0_wstrm/inst/core/mem/blkStage2.Mem_reg_3_3' Port 'B' is 0. Skip BRAM Register Optimization on the port
INFO: [Physopt 32-614] Property 'READ_WIDTH_B' on BRAM cell 'top_i/StreamingDataflowPartition_1/inst/StreamingDataflowPartition_1_MVAU_hls_0/StreamingDataflowPartition_1_MVAU_hls_0_wstrm/inst/core/mem/blkStage2.Mem_reg_3_3__0' Port 'B' is 0. Skip BRAM Register Optimization on the port
INFO: [Physopt 32-614] Property 'READ_WIDTH_B' on BRAM cell 'top_i/StreamingDataflowPartition_1/inst/StreamingDataflowPartition_1_MVAU_hls_0/StreamingDataflowPartition_1_MVAU_hls_0_wstrm/inst/core/mem/blkStage2.Mem_reg_4_0' Port 'B' is 0. Skip BRAM Register Optimization on the port
INFO: [Physopt 32-614] Property 'READ_WIDTH_B' on BRAM cell 'top_i/StreamingDataflowPartition_1/inst/StreamingDataflowPartition_1_MVAU_hls_0/StreamingDataflowPartition_1_MVAU_hls_0_wstrm/inst/core/mem/blkStage2.Mem_reg_4_1' Port 'B' is 0. Skip BRAM Register Optimization on the port
INFO: [Physopt 32-614] Property 'READ_WIDTH_B' on BRAM cell 'top_i/StreamingDataflowPartition_1/inst/StreamingDataflowPartition_1_MVAU_hls_0/StreamingDataflowPartition_1_MVAU_hls_0_wstrm/inst/core/mem/blkStage2.Mem_reg_4_2' Port 'B' is 0. Skip BRAM Register Optimization on the port
INFO: [Physopt 32-614] Property 'READ_WIDTH_B' on BRAM cell 'top_i/StreamingDataflowPartition_1/inst/StreamingDataflowPartition_1_MVAU_hls_0/StreamingDataflowPartition_1_MVAU_hls_0_wstrm/inst/core/mem/blkStage2.Mem_reg_4_3' Port 'B' is 0. Skip BRAM Register Optimization on the port
INFO: [Physopt 32-614] Property 'READ_WIDTH_B' on BRAM cell 'top_i/StreamingDataflowPartition_1/inst/StreamingDataflowPartition_1_MVAU_hls_0/StreamingDataflowPartition_1_MVAU_hls_0_wstrm/inst/core/mem/blkStage2.Mem_reg_5_0' Port 'B' is 0. Skip BRAM Register Optimization on the port
INFO: [Physopt 32-614] Property 'READ_WIDTH_B' on BRAM cell 'top_i/StreamingDataflowPartition_1/inst/StreamingDataflowPartition_1_MVAU_hls_0/StreamingDataflowPartition_1_MVAU_hls_0_wstrm/inst/core/mem/blkStage2.Mem_reg_5_1' Port 'B' is 0. Skip BRAM Register Optimization on the port
INFO: [Physopt 32-614] Property 'READ_WIDTH_B' on BRAM cell 'top_i/StreamingDataflowPartition_1/inst/StreamingDataflowPartition_1_MVAU_hls_0/StreamingDataflowPartition_1_MVAU_hls_0_wstrm/inst/core/mem/blkStage2.Mem_reg_5_2' Port 'B' is 0. Skip BRAM Register Optimization on the port
INFO: [Physopt 32-614] Property 'READ_WIDTH_B' on BRAM cell 'top_i/StreamingDataflowPartition_1/inst/StreamingDataflowPartition_1_MVAU_hls_0/StreamingDataflowPartition_1_MVAU_hls_0_wstrm/inst/core/mem/blkStage2.Mem_reg_5_3' Port 'B' is 0. Skip BRAM Register Optimization on the port
INFO: [Physopt 32-614] Property 'READ_WIDTH_B' on BRAM cell 'top_i/StreamingDataflowPartition_1/inst/StreamingDataflowPartition_1_MVAU_hls_1/StreamingDataflowPartition_1_MVAU_hls_1/inst/grp_Matrix_Vector_Activate_Stream_Batch_fu_60/nf_2_reg_7055_pp0_iter2_reg_reg' Port 'B' is 0. Skip BRAM Register Optimization on the port
INFO: [Physopt 32-614] Property 'READ_WIDTH_B' on BRAM cell 'top_i/StreamingDataflowPartition_1/inst/StreamingDataflowPartition_1_MVAU_hls_1/StreamingDataflowPartition_1_MVAU_hls_1/inst/grp_Matrix_Vector_Activate_Stream_Batch_fu_60/nf_2_reg_7055_pp0_iter2_reg_reg_rep' Port 'B' is 0. Skip BRAM Register Optimization on the port
INFO: [Physopt 32-614] Property 'READ_WIDTH_B' on BRAM cell 'top_i/StreamingDataflowPartition_1/inst/StreamingDataflowPartition_1_MVAU_hls_1/StreamingDataflowPartition_1_MVAU_hls_1/inst/grp_Matrix_Vector_Activate_Stream_Batch_fu_60/nf_2_reg_7055_pp0_iter2_reg_reg_rep__0' Port 'B' is 0. Skip BRAM Register Optimization on the port
INFO: [Physopt 32-614] Property 'READ_WIDTH_B' on BRAM cell 'top_i/StreamingDataflowPartition_1/inst/StreamingDataflowPartition_1_MVAU_hls_1/StreamingDataflowPartition_1_MVAU_hls_1/inst/grp_Matrix_Vector_Activate_Stream_Batch_fu_60/nf_2_reg_7055_pp0_iter2_reg_reg_rep__1' Port 'B' is 0. Skip BRAM Register Optimization on the port
INFO: [Physopt 32-614] Property 'READ_WIDTH_B' on BRAM cell 'top_i/StreamingDataflowPartition_1/inst/StreamingDataflowPartition_1_MVAU_hls_1/StreamingDataflowPartition_1_MVAU_hls_1/inst/grp_Matrix_Vector_Activate_Stream_Batch_fu_60/nf_2_reg_7055_pp0_iter2_reg_reg_rep__10' Port 'B' is 0. Skip BRAM Register Optimization on the port
INFO: [Physopt 32-614] Property 'READ_WIDTH_B' on BRAM cell 'top_i/StreamingDataflowPartition_1/inst/StreamingDataflowPartition_1_MVAU_hls_1/StreamingDataflowPartition_1_MVAU_hls_1/inst/grp_Matrix_Vector_Activate_Stream_Batch_fu_60/nf_2_reg_7055_pp0_iter2_reg_reg_rep__11' Port 'B' is 0. Skip BRAM Register Optimization on the port
INFO: [Physopt 32-614] Property 'READ_WIDTH_B' on BRAM cell 'top_i/StreamingDataflowPartition_1/inst/StreamingDataflowPartition_1_MVAU_hls_1/StreamingDataflowPartition_1_MVAU_hls_1/inst/grp_Matrix_Vector_Activate_Stream_Batch_fu_60/nf_2_reg_7055_pp0_iter2_reg_reg_rep__12' Port 'B' is 0. Skip BRAM Register Optimization on the port
INFO: [Physopt 32-614] Property 'READ_WIDTH_B' on BRAM cell 'top_i/StreamingDataflowPartition_1/inst/StreamingDataflowPartition_1_MVAU_hls_1/StreamingDataflowPartition_1_MVAU_hls_1/inst/grp_Matrix_Vector_Activate_Stream_Batch_fu_60/nf_2_reg_7055_pp0_iter2_reg_reg_rep__2' Port 'B' is 0. Skip BRAM Register Optimization on the port
INFO: [Physopt 32-614] Property 'READ_WIDTH_B' on BRAM cell 'top_i/StreamingDataflowPartition_1/inst/StreamingDataflowPartition_1_MVAU_hls_1/StreamingDataflowPartition_1_MVAU_hls_1/inst/grp_Matrix_Vector_Activate_Stream_Batch_fu_60/nf_2_reg_7055_pp0_iter2_reg_reg_rep__3' Port 'B' is 0. Skip BRAM Register Optimization on the port
INFO: [Physopt 32-614] Property 'READ_WIDTH_B' on BRAM cell 'top_i/StreamingDataflowPartition_1/inst/StreamingDataflowPartition_1_MVAU_hls_1/StreamingDataflowPartition_1_MVAU_hls_1/inst/grp_Matrix_Vector_Activate_Stream_Batch_fu_60/nf_2_reg_7055_pp0_iter2_reg_reg_rep__4' Port 'B' is 0. Skip BRAM Register Optimization on the port
INFO: [Physopt 32-614] Property 'READ_WIDTH_B' on BRAM cell 'top_i/StreamingDataflowPartition_1/inst/StreamingDataflowPartition_1_MVAU_hls_1/StreamingDataflowPartition_1_MVAU_hls_1/inst/grp_Matrix_Vector_Activate_Stream_Batch_fu_60/nf_2_reg_7055_pp0_iter2_reg_reg_rep__5' Port 'B' is 0. Skip BRAM Register Optimization on the port
INFO: [Physopt 32-614] Property 'READ_WIDTH_B' on BRAM cell 'top_i/StreamingDataflowPartition_1/inst/StreamingDataflowPartition_1_MVAU_hls_1/StreamingDataflowPartition_1_MVAU_hls_1/inst/grp_Matrix_Vector_Activate_Stream_Batch_fu_60/nf_2_reg_7055_pp0_iter2_reg_reg_rep__6' Port 'B' is 0. Skip BRAM Register Optimization on the port
INFO: [Physopt 32-614] Property 'READ_WIDTH_B' on BRAM cell 'top_i/StreamingDataflowPartition_1/inst/StreamingDataflowPartition_1_MVAU_hls_1/StreamingDataflowPartition_1_MVAU_hls_1/inst/grp_Matrix_Vector_Activate_Stream_Batch_fu_60/nf_2_reg_7055_pp0_iter2_reg_reg_rep__7' Port 'B' is 0. Skip BRAM Register Optimization on the port
INFO: [Physopt 32-614] Property 'READ_WIDTH_B' on BRAM cell 'top_i/StreamingDataflowPartition_1/inst/StreamingDataflowPartition_1_MVAU_hls_1/StreamingDataflowPartition_1_MVAU_hls_1/inst/grp_Matrix_Vector_Activate_Stream_Batch_fu_60/nf_2_reg_7055_pp0_iter2_reg_reg_rep__8' Port 'B' is 0. Skip BRAM Register Optimization on the port
INFO: [Physopt 32-614] Property 'READ_WIDTH_B' on BRAM cell 'top_i/StreamingDataflowPartition_1/inst/StreamingDataflowPartition_1_MVAU_hls_1/StreamingDataflowPartition_1_MVAU_hls_1/inst/grp_Matrix_Vector_Activate_Stream_Batch_fu_60/nf_2_reg_7055_pp0_iter2_reg_reg_rep__9' Port 'B' is 0. Skip BRAM Register Optimization on the port
INFO: [Physopt 32-614] Property 'READ_WIDTH_B' on BRAM cell 'top_i/StreamingDataflowPartition_1/inst/StreamingDataflowPartition_1_MVAU_hls_1/StreamingDataflowPartition_1_MVAU_hls_1_wstrm/inst/core/mem/blkStage2.Mem_reg_0_0' Port 'B' is 0. Skip BRAM Register Optimization on the port
INFO: [Physopt 32-614] Property 'READ_WIDTH_B' on BRAM cell 'top_i/StreamingDataflowPartition_1/inst/StreamingDataflowPartition_1_MVAU_hls_1/StreamingDataflowPartition_1_MVAU_hls_1_wstrm/inst/core/mem/blkStage2.Mem_reg_0_1' Port 'B' is 0. Skip BRAM Register Optimization on the port
INFO: [Physopt 32-614] Property 'READ_WIDTH_B' on BRAM cell 'top_i/StreamingDataflowPartition_1/inst/StreamingDataflowPartition_1_MVAU_hls_1/StreamingDataflowPartition_1_MVAU_hls_1_wstrm/inst/core/mem/blkStage2.Mem_reg_0_2' Port 'B' is 0. Skip BRAM Register Optimization on the port
INFO: [Physopt 32-614] Property 'READ_WIDTH_B' on BRAM cell 'top_i/StreamingDataflowPartition_1/inst/StreamingDataflowPartition_1_MVAU_hls_1/StreamingDataflowPartition_1_MVAU_hls_1_wstrm/inst/core/mem/blkStage2.Mem_reg_0_3' Port 'B' is 0. Skip BRAM Register Optimization on the port
INFO: [Physopt 32-614] Property 'READ_WIDTH_B' on BRAM cell 'top_i/StreamingDataflowPartition_1/inst/StreamingDataflowPartition_1_MVAU_hls_1/StreamingDataflowPartition_1_MVAU_hls_1_wstrm/inst/core/mem/blkStage2.Mem_reg_1_0' Port 'B' is 0. Skip BRAM Register Optimization on the port
INFO: [Physopt 32-614] Property 'READ_WIDTH_B' on BRAM cell 'top_i/StreamingDataflowPartition_1/inst/StreamingDataflowPartition_1_MVAU_hls_1/StreamingDataflowPartition_1_MVAU_hls_1_wstrm/inst/core/mem/blkStage2.Mem_reg_1_1' Port 'B' is 0. Skip BRAM Register Optimization on the port
INFO: [Physopt 32-614] Property 'READ_WIDTH_B' on BRAM cell 'top_i/StreamingDataflowPartition_1/inst/StreamingDataflowPartition_1_MVAU_hls_1/StreamingDataflowPartition_1_MVAU_hls_1_wstrm/inst/core/mem/blkStage2.Mem_reg_1_2' Port 'B' is 0. Skip BRAM Register Optimization on the port
INFO: [Physopt 32-614] Property 'READ_WIDTH_B' on BRAM cell 'top_i/StreamingDataflowPartition_1/inst/StreamingDataflowPartition_1_MVAU_hls_1/StreamingDataflowPartition_1_MVAU_hls_1_wstrm/inst/core/mem/blkStage2.Mem_reg_1_3' Port 'B' is 0. Skip BRAM Register Optimization on the port
INFO: [Physopt 32-614] Property 'READ_WIDTH_B' on BRAM cell 'top_i/StreamingDataflowPartition_1/inst/StreamingDataflowPartition_1_MVAU_hls_2/StreamingDataflowPartition_1_MVAU_hls_2_wstrm/inst/core/mem/blkStage2.Mem_reg_0' Port 'B' is 0. Skip BRAM Register Optimization on the port
INFO: [Physopt 32-526] No candidate cells for BRAM register optimization found in the design
INFO: [Physopt 32-775] End 1 Pass. Optimized 0 net or cell. Created 0 new cell, deleted 0 existing cell and moved 0 existing cell
Phase 20 BRAM Register Optimization | Checksum: 156137194

Time (s): cpu = 00:38:42 ; elapsed = 00:09:15 . Memory (MB): peak = 3620.988 ; gain = 0.000 ; free physical = 3168 ; free virtual = 12045

Phase 21 URAM Register Optimization
INFO: [Physopt 32-846] No candidate cells for URAM register optimization found in the design
INFO: [Physopt 32-775] End 1 Pass. Optimized 0 net or cell. Created 0 new cell, deleted 0 existing cell and moved 0 existing cell
INFO: [Physopt 32-846] No candidate cells for URAM register optimization found in the design
INFO: [Physopt 32-775] End 1 Pass. Optimized 0 net or cell. Created 0 new cell, deleted 0 existing cell and moved 0 existing cell
Phase 21 URAM Register Optimization | Checksum: 156137194

Time (s): cpu = 00:38:43 ; elapsed = 00:09:15 . Memory (MB): peak = 3620.988 ; gain = 0.000 ; free physical = 3140 ; free virtual = 12047

Phase 22 Shift Register Optimization
INFO: [Physopt 32-1401] No candidate cells found for Shift Register optimization.
INFO: [Physopt 32-677] No candidate cells for Shift Register optimization found in the design
INFO: [Physopt 32-775] End 1 Pass. Optimized 0 net or cell. Created 0 new cell, deleted 0 existing cell and moved 0 existing cell
Phase 22 Shift Register Optimization | Checksum: 156137194

Time (s): cpu = 00:38:43 ; elapsed = 00:09:16 . Memory (MB): peak = 3620.988 ; gain = 0.000 ; free physical = 3170 ; free virtual = 12038

Phase 23 DSP Register Optimization
INFO: [Physopt 32-456] No candidate cells for DSP register optimization found in the design.
INFO: [Physopt 32-775] End 1 Pass. Optimized 0 net or cell. Created 0 new cell, deleted 0 existing cell and moved 0 existing cell
Phase 23 DSP Register Optimization | Checksum: 156137194

Time (s): cpu = 00:38:44 ; elapsed = 00:09:16 . Memory (MB): peak = 3620.988 ; gain = 0.000 ; free physical = 3138 ; free virtual = 12035

Phase 24 BRAM Register Optimization
INFO: [Physopt 32-614] Property 'READ_WIDTH_B' on BRAM cell 'top_i/StreamingDataflowPartition_1/inst/StreamingDataflowPartition_1_MVAU_hls_0/StreamingDataflowPartition_1_MVAU_hls_0/inst/grp_Matrix_Vector_Activate_Stream_Batch_fu_60/nf_2_reg_19725_pp0_iter2_reg_reg' Port 'B' is 0. Skip BRAM Register Optimization on the port
INFO: [Physopt 32-614] Property 'READ_WIDTH_B' on BRAM cell 'top_i/StreamingDataflowPartition_1/inst/StreamingDataflowPartition_1_MVAU_hls_0/StreamingDataflowPartition_1_MVAU_hls_0/inst/grp_Matrix_Vector_Activate_Stream_Batch_fu_60/nf_2_reg_19725_pp0_iter2_reg_reg_rep' Port 'B' is 0. Skip BRAM Register Optimization on the port
INFO: [Physopt 32-614] Property 'READ_WIDTH_B' on BRAM cell 'top_i/StreamingDataflowPartition_1/inst/StreamingDataflowPartition_1_MVAU_hls_0/StreamingDataflowPartition_1_MVAU_hls_0/inst/grp_Matrix_Vector_Activate_Stream_Batch_fu_60/nf_2_reg_19725_pp0_iter2_reg_reg_rep__0' Port 'B' is 0. Skip BRAM Register Optimization on the port
INFO: [Physopt 32-614] Property 'READ_WIDTH_B' on BRAM cell 'top_i/StreamingDataflowPartition_1/inst/StreamingDataflowPartition_1_MVAU_hls_0/StreamingDataflowPartition_1_MVAU_hls_0/inst/grp_Matrix_Vector_Activate_Stream_Batch_fu_60/nf_2_reg_19725_pp0_iter2_reg_reg_rep__1' Port 'B' is 0. Skip BRAM Register Optimization on the port
INFO: [Physopt 32-614] Property 'READ_WIDTH_B' on BRAM cell 'top_i/StreamingDataflowPartition_1/inst/StreamingDataflowPartition_1_MVAU_hls_0/StreamingDataflowPartition_1_MVAU_hls_0/inst/grp_Matrix_Vector_Activate_Stream_Batch_fu_60/nf_2_reg_19725_pp0_iter2_reg_reg_rep__10' Port 'B' is 0. Skip BRAM Register Optimization on the port
INFO: [Physopt 32-614] Property 'READ_WIDTH_B' on BRAM cell 'top_i/StreamingDataflowPartition_1/inst/StreamingDataflowPartition_1_MVAU_hls_0/StreamingDataflowPartition_1_MVAU_hls_0/inst/grp_Matrix_Vector_Activate_Stream_Batch_fu_60/nf_2_reg_19725_pp0_iter2_reg_reg_rep__11' Port 'B' is 0. Skip BRAM Register Optimization on the port
INFO: [Physopt 32-614] Property 'READ_WIDTH_B' on BRAM cell 'top_i/StreamingDataflowPartition_1/inst/StreamingDataflowPartition_1_MVAU_hls_0/StreamingDataflowPartition_1_MVAU_hls_0/inst/grp_Matrix_Vector_Activate_Stream_Batch_fu_60/nf_2_reg_19725_pp0_iter2_reg_reg_rep__12' Port 'B' is 0. Skip BRAM Register Optimization on the port
INFO: [Physopt 32-614] Property 'READ_WIDTH_B' on BRAM cell 'top_i/StreamingDataflowPartition_1/inst/StreamingDataflowPartition_1_MVAU_hls_0/StreamingDataflowPartition_1_MVAU_hls_0/inst/grp_Matrix_Vector_Activate_Stream_Batch_fu_60/nf_2_reg_19725_pp0_iter2_reg_reg_rep__2' Port 'B' is 0. Skip BRAM Register Optimization on the port
INFO: [Physopt 32-614] Property 'READ_WIDTH_B' on BRAM cell 'top_i/StreamingDataflowPartition_1/inst/StreamingDataflowPartition_1_MVAU_hls_0/StreamingDataflowPartition_1_MVAU_hls_0/inst/grp_Matrix_Vector_Activate_Stream_Batch_fu_60/nf_2_reg_19725_pp0_iter2_reg_reg_rep__3' Port 'B' is 0. Skip BRAM Register Optimization on the port
INFO: [Physopt 32-614] Property 'READ_WIDTH_B' on BRAM cell 'top_i/StreamingDataflowPartition_1/inst/StreamingDataflowPartition_1_MVAU_hls_0/StreamingDataflowPartition_1_MVAU_hls_0/inst/grp_Matrix_Vector_Activate_Stream_Batch_fu_60/nf_2_reg_19725_pp0_iter2_reg_reg_rep__4' Port 'B' is 0. Skip BRAM Register Optimization on the port
INFO: [Physopt 32-614] Property 'READ_WIDTH_B' on BRAM cell 'top_i/StreamingDataflowPartition_1/inst/StreamingDataflowPartition_1_MVAU_hls_0/StreamingDataflowPartition_1_MVAU_hls_0/inst/grp_Matrix_Vector_Activate_Stream_Batch_fu_60/nf_2_reg_19725_pp0_iter2_reg_reg_rep__5' Port 'B' is 0. Skip BRAM Register Optimization on the port
INFO: [Physopt 32-614] Property 'READ_WIDTH_B' on BRAM cell 'top_i/StreamingDataflowPartition_1/inst/StreamingDataflowPartition_1_MVAU_hls_0/StreamingDataflowPartition_1_MVAU_hls_0/inst/grp_Matrix_Vector_Activate_Stream_Batch_fu_60/nf_2_reg_19725_pp0_iter2_reg_reg_rep__6' Port 'B' is 0. Skip BRAM Register Optimization on the port
INFO: [Physopt 32-614] Property 'READ_WIDTH_B' on BRAM cell 'top_i/StreamingDataflowPartition_1/inst/StreamingDataflowPartition_1_MVAU_hls_0/StreamingDataflowPartition_1_MVAU_hls_0/inst/grp_Matrix_Vector_Activate_Stream_Batch_fu_60/nf_2_reg_19725_pp0_iter2_reg_reg_rep__7' Port 'B' is 0. Skip BRAM Register Optimization on the port
INFO: [Physopt 32-614] Property 'READ_WIDTH_B' on BRAM cell 'top_i/StreamingDataflowPartition_1/inst/StreamingDataflowPartition_1_MVAU_hls_0/StreamingDataflowPartition_1_MVAU_hls_0/inst/grp_Matrix_Vector_Activate_Stream_Batch_fu_60/nf_2_reg_19725_pp0_iter2_reg_reg_rep__8' Port 'B' is 0. Skip BRAM Register Optimization on the port
INFO: [Physopt 32-614] Property 'READ_WIDTH_B' on BRAM cell 'top_i/StreamingDataflowPartition_1/inst/StreamingDataflowPartition_1_MVAU_hls_0/StreamingDataflowPartition_1_MVAU_hls_0/inst/grp_Matrix_Vector_Activate_Stream_Batch_fu_60/nf_2_reg_19725_pp0_iter2_reg_reg_rep__9' Port 'B' is 0. Skip BRAM Register Optimization on the port
INFO: [Physopt 32-614] Property 'READ_WIDTH_B' on BRAM cell 'top_i/StreamingDataflowPartition_1/inst/StreamingDataflowPartition_1_MVAU_hls_0/StreamingDataflowPartition_1_MVAU_hls_0_wstrm/inst/core/mem/blkStage2.Mem_reg_0_0' Port 'B' is 0. Skip BRAM Register Optimization on the port
INFO: [Physopt 32-614] Property 'READ_WIDTH_B' on BRAM cell 'top_i/StreamingDataflowPartition_1/inst/StreamingDataflowPartition_1_MVAU_hls_0/StreamingDataflowPartition_1_MVAU_hls_0_wstrm/inst/core/mem/blkStage2.Mem_reg_0_1' Port 'B' is 0. Skip BRAM Register Optimization on the port
INFO: [Physopt 32-614] Property 'READ_WIDTH_B' on BRAM cell 'top_i/StreamingDataflowPartition_1/inst/StreamingDataflowPartition_1_MVAU_hls_0/StreamingDataflowPartition_1_MVAU_hls_0_wstrm/inst/core/mem/blkStage2.Mem_reg_0_2' Port 'B' is 0. Skip BRAM Register Optimization on the port
INFO: [Physopt 32-614] Property 'READ_WIDTH_B' on BRAM cell 'top_i/StreamingDataflowPartition_1/inst/StreamingDataflowPartition_1_MVAU_hls_0/StreamingDataflowPartition_1_MVAU_hls_0_wstrm/inst/core/mem/blkStage2.Mem_reg_0_3' Port 'B' is 0. Skip BRAM Register Optimization on the port
INFO: [Physopt 32-614] Property 'READ_WIDTH_B' on BRAM cell 'top_i/StreamingDataflowPartition_1/inst/StreamingDataflowPartition_1_MVAU_hls_0/StreamingDataflowPartition_1_MVAU_hls_0_wstrm/inst/core/mem/blkStage2.Mem_reg_1_0' Port 'B' is 0. Skip BRAM Register Optimization on the port
INFO: [Physopt 32-614] Property 'READ_WIDTH_B' on BRAM cell 'top_i/StreamingDataflowPartition_1/inst/StreamingDataflowPartition_1_MVAU_hls_0/StreamingDataflowPartition_1_MVAU_hls_0_wstrm/inst/core/mem/blkStage2.Mem_reg_1_1' Port 'B' is 0. Skip BRAM Register Optimization on the port
INFO: [Physopt 32-614] Property 'READ_WIDTH_B' on BRAM cell 'top_i/StreamingDataflowPartition_1/inst/StreamingDataflowPartition_1_MVAU_hls_0/StreamingDataflowPartition_1_MVAU_hls_0_wstrm/inst/core/mem/blkStage2.Mem_reg_1_2' Port 'B' is 0. Skip BRAM Register Optimization on the port
INFO: [Physopt 32-614] Property 'READ_WIDTH_B' on BRAM cell 'top_i/StreamingDataflowPartition_1/inst/StreamingDataflowPartition_1_MVAU_hls_0/StreamingDataflowPartition_1_MVAU_hls_0_wstrm/inst/core/mem/blkStage2.Mem_reg_1_3' Port 'B' is 0. Skip BRAM Register Optimization on the port
INFO: [Physopt 32-614] Property 'READ_WIDTH_B' on BRAM cell 'top_i/StreamingDataflowPartition_1/inst/StreamingDataflowPartition_1_MVAU_hls_0/StreamingDataflowPartition_1_MVAU_hls_0_wstrm/inst/core/mem/blkStage2.Mem_reg_2_0' Port 'B' is 0. Skip BRAM Register Optimization on the port
INFO: [Physopt 32-614] Property 'READ_WIDTH_B' on BRAM cell 'top_i/StreamingDataflowPartition_1/inst/StreamingDataflowPartition_1_MVAU_hls_0/StreamingDataflowPartition_1_MVAU_hls_0_wstrm/inst/core/mem/blkStage2.Mem_reg_2_1' Port 'B' is 0. Skip BRAM Register Optimization on the port
INFO: [Physopt 32-614] Property 'READ_WIDTH_B' on BRAM cell 'top_i/StreamingDataflowPartition_1/inst/StreamingDataflowPartition_1_MVAU_hls_0/StreamingDataflowPartition_1_MVAU_hls_0_wstrm/inst/core/mem/blkStage2.Mem_reg_2_2' Port 'B' is 0. Skip BRAM Register Optimization on the port
INFO: [Physopt 32-614] Property 'READ_WIDTH_B' on BRAM cell 'top_i/StreamingDataflowPartition_1/inst/StreamingDataflowPartition_1_MVAU_hls_0/StreamingDataflowPartition_1_MVAU_hls_0_wstrm/inst/core/mem/blkStage2.Mem_reg_2_3' Port 'B' is 0. Skip BRAM Register Optimization on the port
INFO: [Physopt 32-614] Property 'READ_WIDTH_B' on BRAM cell 'top_i/StreamingDataflowPartition_1/inst/StreamingDataflowPartition_1_MVAU_hls_0/StreamingDataflowPartition_1_MVAU_hls_0_wstrm/inst/core/mem/blkStage2.Mem_reg_3_0' Port 'B' is 0. Skip BRAM Register Optimization on the port
INFO: [Physopt 32-614] Property 'READ_WIDTH_B' on BRAM cell 'top_i/StreamingDataflowPartition_1/inst/StreamingDataflowPartition_1_MVAU_hls_0/StreamingDataflowPartition_1_MVAU_hls_0_wstrm/inst/core/mem/blkStage2.Mem_reg_3_0__0' Port 'B' is 0. Skip BRAM Register Optimization on the port
INFO: [Physopt 32-614] Property 'READ_WIDTH_B' on BRAM cell 'top_i/StreamingDataflowPartition_1/inst/StreamingDataflowPartition_1_MVAU_hls_0/StreamingDataflowPartition_1_MVAU_hls_0_wstrm/inst/core/mem/blkStage2.Mem_reg_3_1' Port 'B' is 0. Skip BRAM Register Optimization on the port
INFO: [Physopt 32-614] Property 'READ_WIDTH_B' on BRAM cell 'top_i/StreamingDataflowPartition_1/inst/StreamingDataflowPartition_1_MVAU_hls_0/StreamingDataflowPartition_1_MVAU_hls_0_wstrm/inst/core/mem/blkStage2.Mem_reg_3_1__0' Port 'B' is 0. Skip BRAM Register Optimization on the port
INFO: [Physopt 32-614] Property 'READ_WIDTH_B' on BRAM cell 'top_i/StreamingDataflowPartition_1/inst/StreamingDataflowPartition_1_MVAU_hls_0/StreamingDataflowPartition_1_MVAU_hls_0_wstrm/inst/core/mem/blkStage2.Mem_reg_3_2' Port 'B' is 0. Skip BRAM Register Optimization on the port
INFO: [Physopt 32-614] Property 'READ_WIDTH_B' on BRAM cell 'top_i/StreamingDataflowPartition_1/inst/StreamingDataflowPartition_1_MVAU_hls_0/StreamingDataflowPartition_1_MVAU_hls_0_wstrm/inst/core/mem/blkStage2.Mem_reg_3_2__0' Port 'B' is 0. Skip BRAM Register Optimization on the port
INFO: [Common 17-14] Message 'Physopt 32-614' appears 100 times and further instances of the messages will be disabled. Use the Tcl command set_msg_config to change the current settings.
INFO: [Physopt 32-526] No candidate cells for BRAM register optimization found in the design
INFO: [Physopt 32-775] End 1 Pass. Optimized 0 net or cell. Created 0 new cell, deleted 0 existing cell and moved 0 existing cell
Phase 24 BRAM Register Optimization | Checksum: 156137194

Time (s): cpu = 00:38:44 ; elapsed = 00:09:17 . Memory (MB): peak = 3620.988 ; gain = 0.000 ; free physical = 3184 ; free virtual = 12033

Phase 25 URAM Register Optimization
INFO: [Physopt 32-846] No candidate cells for URAM register optimization found in the design
INFO: [Physopt 32-775] End 1 Pass. Optimized 0 net or cell. Created 0 new cell, deleted 0 existing cell and moved 0 existing cell
INFO: [Physopt 32-846] No candidate cells for URAM register optimization found in the design
INFO: [Physopt 32-775] End 1 Pass. Optimized 0 net or cell. Created 0 new cell, deleted 0 existing cell and moved 0 existing cell
Phase 25 URAM Register Optimization | Checksum: 156137194

Time (s): cpu = 00:38:45 ; elapsed = 00:09:17 . Memory (MB): peak = 3620.988 ; gain = 0.000 ; free physical = 3145 ; free virtual = 12026

Phase 26 Shift Register Optimization
INFO: [Physopt 32-1401] No candidate cells found for Shift Register optimization.
INFO: [Physopt 32-677] No candidate cells for Shift Register optimization found in the design
INFO: [Physopt 32-775] End 1 Pass. Optimized 0 net or cell. Created 0 new cell, deleted 0 existing cell and moved 0 existing cell
Phase 26 Shift Register Optimization | Checksum: 156137194

Time (s): cpu = 00:38:45 ; elapsed = 00:09:18 . Memory (MB): peak = 3620.988 ; gain = 0.000 ; free physical = 3169 ; free virtual = 12020

Phase 27 Critical Pin Optimization
INFO: [Physopt 32-606] Identified 65 candidate nets for critical-pin optimization.
INFO: [Physopt 32-608] Optimized 20 nets.  Swapped 386 pins.
INFO: [Physopt 32-775] End 1 Pass. Optimized 20 nets or cells. Created 0 new cell, deleted 0 existing cell and moved 386 existing cells
INFO: [Physopt 32-619] Estimated Timing Summary | WNS=-1.810 | TNS=-7166.945 |
Netlist sorting complete. Time (s): cpu = 00:00:00.01 ; elapsed = 00:00:00.01 . Memory (MB): peak = 3620.988 ; gain = 0.000 ; free physical = 3153 ; free virtual = 12002
Phase 27 Critical Pin Optimization | Checksum: 1c53fd95c

Time (s): cpu = 00:38:47 ; elapsed = 00:09:19 . Memory (MB): peak = 3620.988 ; gain = 0.000 ; free physical = 3102 ; free virtual = 11994

Phase 28 Very High Fanout Optimization
INFO: [Physopt 32-76] Pass 1. Identified 11 candidate nets for fanout optimization.
INFO: [Physopt 32-572] Net top_i/StreamingDataflowPartition_1/inst/StreamingDataflowPartition_1_MVAU_hls_0/StreamingDataflowPartition_1_MVAU_hls_0/inst/grp_Matrix_Vector_Activate_Stream_Batch_fu_60/sf_fu_1652_reg_n_3_[1] was not replicated.
Resolution: phys_opt_design can be forced to replicate a net driver using the option -force_replication_on_nets <list of net objects>.
INFO: [Physopt 32-81] Processed net top_i/idma0/inst/StreamingDataflowPartition_0_IODMA_hls_0/inst/gmem_m_axi_U/bus_read/rreq_burst_conv/rs_req/SR[0]. Replicated 2 times.
INFO: [Physopt 32-81] Processed net top_i/StreamingDataflowPartition_1/inst/StreamingDataflowPartition_1_MVAU_hls_0/StreamingDataflowPartition_1_MVAU_hls_0/inst/grp_Matrix_Vector_Activate_Stream_Batch_fu_60_ap_start_reg. Replicated 1 times.
INFO: [Physopt 32-572] Net top_i/odma0/inst/StreamingDataflowPartition_2_IODMA_hls_0/inst/gmem_m_axi_U/bus_write/wreq_burst_conv/rs_req/SR[0] was not replicated.
Resolution: phys_opt_design can be forced to replicate a net driver using the option -force_replication_on_nets <list of net objects>.
INFO: [Physopt 32-232] Optimized 2 nets. Created 3 new instances.
INFO: [Physopt 32-775] End 1 Pass. Optimized 2 nets or cells. Created 3 new cells, deleted 0 existing cell and moved 0 existing cell
INFO: [Physopt 32-619] Estimated Timing Summary | WNS=-1.810 | TNS=-7166.905 |
Netlist sorting complete. Time (s): cpu = 00:00:00.15 ; elapsed = 00:00:00.16 . Memory (MB): peak = 3620.988 ; gain = 0.000 ; free physical = 3168 ; free virtual = 12012
Phase 28 Very High Fanout Optimization | Checksum: 17d7b975e

Time (s): cpu = 00:39:24 ; elapsed = 00:09:29 . Memory (MB): peak = 3620.988 ; gain = 0.000 ; free physical = 3159 ; free virtual = 12028

Phase 29 Single Cell Placement Optimization
INFO: [Physopt 32-660] Identified 250 candidate nets for placement-based optimization.
INFO: [Physopt 32-662] Processed net top_i/StreamingDataflowPartition_1/inst/StreamingDataflowPartition_1_MVAU_hls_0/StreamingDataflowPartition_1_MVAU_hls_0/inst/grp_Matrix_Vector_Activate_Stream_Batch_fu_60/flow_control_loop_pipe_sequential_init_U/sf_fu_1652_reg[0]_rep__1_3.  Did not re-place instance top_i/StreamingDataflowPartition_1/inst/StreamingDataflowPartition_1_MVAU_hls_0/StreamingDataflowPartition_1_MVAU_hls_0/inst/grp_Matrix_Vector_Activate_Stream_Batch_fu_60/flow_control_loop_pipe_sequential_init_U/sf_fu_1652[4]_i_2
INFO: [Physopt 32-662] Processed net top_i/StreamingDataflowPartition_1/inst/StreamingDataflowPartition_1_MVAU_hls_0/StreamingDataflowPartition_1_MVAU_hls_0/inst/grp_Matrix_Vector_Activate_Stream_Batch_fu_60/flow_control_loop_pipe_sequential_init_U/nf_1_fu_4800.  Did not re-place instance top_i/StreamingDataflowPartition_1/inst/StreamingDataflowPartition_1_MVAU_hls_0/StreamingDataflowPartition_1_MVAU_hls_0/inst/grp_Matrix_Vector_Activate_Stream_Batch_fu_60/flow_control_loop_pipe_sequential_init_U/sf_fu_1652[31]_i_1
INFO: [Physopt 32-662] Processed net top_i/StreamingDataflowPartition_1/inst/StreamingDataflowPartition_1_MVAU_hls_0/StreamingDataflowPartition_1_MVAU_hls_0/inst/grp_Matrix_Vector_Activate_Stream_Batch_fu_60/flow_control_loop_pipe_sequential_init_U/SR[0].  Did not re-place instance top_i/StreamingDataflowPartition_1/inst/StreamingDataflowPartition_1_MVAU_hls_0/StreamingDataflowPartition_1_MVAU_hls_0/inst/grp_Matrix_Vector_Activate_Stream_Batch_fu_60/flow_control_loop_pipe_sequential_init_U/nf_1_fu_4800[31]_i_1
INFO: [Physopt 32-662] Processed net top_i/StreamingDataflowPartition_1/inst/StreamingDataflowPartition_1_MVAU_hls_0/StreamingDataflowPartition_1_MVAU_hls_0/inst/grp_Matrix_Vector_Activate_Stream_Batch_fu_60/sf_fu_1652_reg[0]_rep__1_n_3.  Did not re-place instance top_i/StreamingDataflowPartition_1/inst/StreamingDataflowPartition_1_MVAU_hls_0/StreamingDataflowPartition_1_MVAU_hls_0/inst/grp_Matrix_Vector_Activate_Stream_Batch_fu_60/sf_fu_1652_reg[0]_rep__1
INFO: [Physopt 32-662] Processed net top_i/StreamingDataflowPartition_1/inst/StreamingDataflowPartition_1_MVAU_hls_0/StreamingDataflowPartition_1_MVAU_hls_0/inst/grp_Matrix_Vector_Activate_Stream_Batch_fu_60/flow_control_loop_pipe_sequential_init_U/sf_fu_1652[31]_i_4_n_3.  Did not re-place instance top_i/StreamingDataflowPartition_1/inst/StreamingDataflowPartition_1_MVAU_hls_0/StreamingDataflowPartition_1_MVAU_hls_0/inst/grp_Matrix_Vector_Activate_Stream_Batch_fu_60/flow_control_loop_pipe_sequential_init_U/sf_fu_1652[31]_i_4
INFO: [Physopt 32-662] Processed net top_i/StreamingDataflowPartition_1/inst/StreamingDataflowPartition_1_MVAU_hls_0/StreamingDataflowPartition_1_MVAU_hls_0/inst/grp_Matrix_Vector_Activate_Stream_Batch_fu_60/nf_1_fu_4800_reg_n_3_[16].  Did not re-place instance top_i/StreamingDataflowPartition_1/inst/StreamingDataflowPartition_1_MVAU_hls_0/StreamingDataflowPartition_1_MVAU_hls_0/inst/grp_Matrix_Vector_Activate_Stream_Batch_fu_60/nf_1_fu_4800_reg[16]
INFO: [Physopt 32-662] Processed net top_i/StreamingDataflowPartition_1/inst/StreamingDataflowPartition_1_MVAU_hls_0/StreamingDataflowPartition_1_MVAU_hls_0/inst/grp_Matrix_Vector_Activate_Stream_Batch_fu_60/flow_control_loop_pipe_sequential_init_U/sf_fu_1652[31]_i_11_n_3.  Did not re-place instance top_i/StreamingDataflowPartition_1/inst/StreamingDataflowPartition_1_MVAU_hls_0/StreamingDataflowPartition_1_MVAU_hls_0/inst/grp_Matrix_Vector_Activate_Stream_Batch_fu_60/flow_control_loop_pipe_sequential_init_U/sf_fu_1652[31]_i_11
INFO: [Physopt 32-662] Processed net top_i/StreamingDataflowPartition_1/inst/StreamingDataflowPartition_1_MVAU_hls_0/StreamingDataflowPartition_1_MVAU_hls_0/inst/grp_Matrix_Vector_Activate_Stream_Batch_fu_60/nf_1_fu_4800_reg_n_3_[1].  Did not re-place instance top_i/StreamingDataflowPartition_1/inst/StreamingDataflowPartition_1_MVAU_hls_0/StreamingDataflowPartition_1_MVAU_hls_0/inst/grp_Matrix_Vector_Activate_Stream_Batch_fu_60/nf_1_fu_4800_reg[1]
INFO: [Physopt 32-662] Processed net top_i/StreamingDataflowPartition_1/inst/StreamingDataflowPartition_1_MVAU_hls_0/StreamingDataflowPartition_1_MVAU_hls_0/inst/grp_Matrix_Vector_Activate_Stream_Batch_fu_60/nf_1_fu_4800_reg_n_3_[5].  Did not re-place instance top_i/StreamingDataflowPartition_1/inst/StreamingDataflowPartition_1_MVAU_hls_0/StreamingDataflowPartition_1_MVAU_hls_0/inst/grp_Matrix_Vector_Activate_Stream_Batch_fu_60/nf_1_fu_4800_reg[5]
INFO: [Physopt 32-662] Processed net top_i/StreamingDataflowPartition_1/inst/StreamingDataflowPartition_1_MVAU_hls_0/StreamingDataflowPartition_1_MVAU_hls_0/inst/grp_Matrix_Vector_Activate_Stream_Batch_fu_60/nf_1_fu_4800_reg_n_3_[6].  Did not re-place instance top_i/StreamingDataflowPartition_1/inst/StreamingDataflowPartition_1_MVAU_hls_0/StreamingDataflowPartition_1_MVAU_hls_0/inst/grp_Matrix_Vector_Activate_Stream_Batch_fu_60/nf_1_fu_4800_reg[6]
INFO: [Physopt 32-662] Processed net top_i/StreamingDataflowPartition_1/inst/StreamingDataflowPartition_1_MVAU_hls_0/StreamingDataflowPartition_1_MVAU_hls_0/inst/grp_Matrix_Vector_Activate_Stream_Batch_fu_60/nf_1_fu_4800_reg_n_3_[8].  Did not re-place instance top_i/StreamingDataflowPartition_1/inst/StreamingDataflowPartition_1_MVAU_hls_0/StreamingDataflowPartition_1_MVAU_hls_0/inst/grp_Matrix_Vector_Activate_Stream_Batch_fu_60/nf_1_fu_4800_reg[8]
INFO: [Physopt 32-662] Processed net top_i/StreamingDataflowPartition_1/inst/StreamingDataflowPartition_1_MVAU_hls_0/StreamingDataflowPartition_1_MVAU_hls_0/inst/grp_Matrix_Vector_Activate_Stream_Batch_fu_60/nf_1_fu_4800_reg_n_3_[9].  Did not re-place instance top_i/StreamingDataflowPartition_1/inst/StreamingDataflowPartition_1_MVAU_hls_0/StreamingDataflowPartition_1_MVAU_hls_0/inst/grp_Matrix_Vector_Activate_Stream_Batch_fu_60/nf_1_fu_4800_reg[9]
INFO: [Physopt 32-662] Processed net top_i/StreamingDataflowPartition_1/inst/StreamingDataflowPartition_1_MVAU_hls_0/StreamingDataflowPartition_1_MVAU_hls_0/inst/grp_Matrix_Vector_Activate_Stream_Batch_fu_60/flow_control_loop_pipe_sequential_init_U/sf_fu_1652[4]_i_6_n_3.  Did not re-place instance top_i/StreamingDataflowPartition_1/inst/StreamingDataflowPartition_1_MVAU_hls_0/StreamingDataflowPartition_1_MVAU_hls_0/inst/grp_Matrix_Vector_Activate_Stream_Batch_fu_60/flow_control_loop_pipe_sequential_init_U/sf_fu_1652[4]_i_6
INFO: [Physopt 32-662] Processed net top_i/StreamingDataflowPartition_1/inst/StreamingDataflowPartition_1_MVAU_hls_0/StreamingDataflowPartition_1_MVAU_hls_0/inst/grp_Matrix_Vector_Activate_Stream_Batch_fu_60/nf_1_fu_4800_reg_n_3_[17].  Did not re-place instance top_i/StreamingDataflowPartition_1/inst/StreamingDataflowPartition_1_MVAU_hls_0/StreamingDataflowPartition_1_MVAU_hls_0/inst/grp_Matrix_Vector_Activate_Stream_Batch_fu_60/nf_1_fu_4800_reg[17]
INFO: [Physopt 32-662] Processed net top_i/StreamingDataflowPartition_1/inst/StreamingDataflowPartition_1_MVAU_hls_0/StreamingDataflowPartition_1_MVAU_hls_0/inst/grp_Matrix_Vector_Activate_Stream_Batch_fu_60/nf_1_fu_4800_reg_n_3_[19].  Did not re-place instance top_i/StreamingDataflowPartition_1/inst/StreamingDataflowPartition_1_MVAU_hls_0/StreamingDataflowPartition_1_MVAU_hls_0/inst/grp_Matrix_Vector_Activate_Stream_Batch_fu_60/nf_1_fu_4800_reg[19]
INFO: [Physopt 32-662] Processed net top_i/StreamingDataflowPartition_1/inst/StreamingDataflowPartition_1_MVAU_hls_0/StreamingDataflowPartition_1_MVAU_hls_0/inst/grp_Matrix_Vector_Activate_Stream_Batch_fu_60/nf_1_fu_4800_reg_n_3_[20].  Did not re-place instance top_i/StreamingDataflowPartition_1/inst/StreamingDataflowPartition_1_MVAU_hls_0/StreamingDataflowPartition_1_MVAU_hls_0/inst/grp_Matrix_Vector_Activate_Stream_Batch_fu_60/nf_1_fu_4800_reg[20]
INFO: [Physopt 32-662] Processed net top_i/StreamingDataflowPartition_1/inst/StreamingDataflowPartition_1_MVAU_hls_0/StreamingDataflowPartition_1_MVAU_hls_0/inst/grp_Matrix_Vector_Activate_Stream_Batch_fu_60/nf_1_fu_4800_reg_n_3_[0].  Did not re-place instance top_i/StreamingDataflowPartition_1/inst/StreamingDataflowPartition_1_MVAU_hls_0/StreamingDataflowPartition_1_MVAU_hls_0/inst/grp_Matrix_Vector_Activate_Stream_Batch_fu_60/nf_1_fu_4800_reg[0]
INFO: [Physopt 32-662] Processed net top_i/StreamingDataflowPartition_1/inst/StreamingDataflowPartition_1_MVAU_hls_0/StreamingDataflowPartition_1_MVAU_hls_0/inst/grp_Matrix_Vector_Activate_Stream_Batch_fu_60/nf_1_fu_4800_reg_n_3_[7].  Did not re-place instance top_i/StreamingDataflowPartition_1/inst/StreamingDataflowPartition_1_MVAU_hls_0/StreamingDataflowPartition_1_MVAU_hls_0/inst/grp_Matrix_Vector_Activate_Stream_Batch_fu_60/nf_1_fu_4800_reg[7]
INFO: [Physopt 32-662] Processed net top_i/StreamingDataflowPartition_1/inst/StreamingDataflowPartition_1_MVAU_hls_0/StreamingDataflowPartition_1_MVAU_hls_0/inst/grp_Matrix_Vector_Activate_Stream_Batch_fu_60/flow_control_loop_pipe_sequential_init_U/icmp_ln290_fu_14505_p2.  Did not re-place instance top_i/StreamingDataflowPartition_1/inst/StreamingDataflowPartition_1_MVAU_hls_0/StreamingDataflowPartition_1_MVAU_hls_0/inst/grp_Matrix_Vector_Activate_Stream_Batch_fu_60/flow_control_loop_pipe_sequential_init_U/icmp_ln290_reg_19761[0]_i_1
INFO: [Physopt 32-662] Processed net top_i/StreamingDataflowPartition_1/inst/StreamingDataflowPartition_1_MVAU_hls_0/StreamingDataflowPartition_1_MVAU_hls_0/inst/grp_Matrix_Vector_Activate_Stream_Batch_fu_60/nf_1_fu_4800_reg_n_3_[10].  Did not re-place instance top_i/StreamingDataflowPartition_1/inst/StreamingDataflowPartition_1_MVAU_hls_0/StreamingDataflowPartition_1_MVAU_hls_0/inst/grp_Matrix_Vector_Activate_Stream_Batch_fu_60/nf_1_fu_4800_reg[10]
INFO: [Physopt 32-662] Processed net top_i/StreamingDataflowPartition_1/inst/StreamingDataflowPartition_1_MVAU_hls_0/StreamingDataflowPartition_1_MVAU_hls_0/inst/grp_Matrix_Vector_Activate_Stream_Batch_fu_60/nf_1_fu_4800_reg_n_3_[11].  Did not re-place instance top_i/StreamingDataflowPartition_1/inst/StreamingDataflowPartition_1_MVAU_hls_0/StreamingDataflowPartition_1_MVAU_hls_0/inst/grp_Matrix_Vector_Activate_Stream_Batch_fu_60/nf_1_fu_4800_reg[11]
INFO: [Physopt 32-662] Processed net top_i/StreamingDataflowPartition_1/inst/StreamingDataflowPartition_1_MVAU_hls_0/StreamingDataflowPartition_1_MVAU_hls_0/inst/grp_Matrix_Vector_Activate_Stream_Batch_fu_60/nf_1_fu_4800_reg_n_3_[12].  Did not re-place instance top_i/StreamingDataflowPartition_1/inst/StreamingDataflowPartition_1_MVAU_hls_0/StreamingDataflowPartition_1_MVAU_hls_0/inst/grp_Matrix_Vector_Activate_Stream_Batch_fu_60/nf_1_fu_4800_reg[12]
INFO: [Physopt 32-662] Processed net top_i/StreamingDataflowPartition_1/inst/StreamingDataflowPartition_1_MVAU_hls_0/StreamingDataflowPartition_1_MVAU_hls_0/inst/grp_Matrix_Vector_Activate_Stream_Batch_fu_60/flow_control_loop_pipe_sequential_init_U/sf_fu_1652[31]_i_5_n_3.  Did not re-place instance top_i/StreamingDataflowPartition_1/inst/StreamingDataflowPartition_1_MVAU_hls_0/StreamingDataflowPartition_1_MVAU_hls_0/inst/grp_Matrix_Vector_Activate_Stream_Batch_fu_60/flow_control_loop_pipe_sequential_init_U/sf_fu_1652[31]_i_5
INFO: [Physopt 32-662] Processed net top_i/StreamingDataflowPartition_1/inst/StreamingDataflowPartition_1_MVAU_hls_0/StreamingDataflowPartition_1_MVAU_hls_0/inst/grp_Matrix_Vector_Activate_Stream_Batch_fu_60/flow_control_loop_pipe_sequential_init_U/sf_fu_1652[31]_i_12_n_3.  Did not re-place instance top_i/StreamingDataflowPartition_1/inst/StreamingDataflowPartition_1_MVAU_hls_0/StreamingDataflowPartition_1_MVAU_hls_0/inst/grp_Matrix_Vector_Activate_Stream_Batch_fu_60/flow_control_loop_pipe_sequential_init_U/sf_fu_1652[31]_i_12
INFO: [Physopt 32-662] Processed net top_i/StreamingDataflowPartition_1/inst/StreamingDataflowPartition_1_MVAU_hls_0/StreamingDataflowPartition_1_MVAU_hls_0/inst/grp_Matrix_Vector_Activate_Stream_Batch_fu_60/flow_control_loop_pipe_sequential_init_U/sf_fu_1652[31]_i_7_n_3.  Did not re-place instance top_i/StreamingDataflowPartition_1/inst/StreamingDataflowPartition_1_MVAU_hls_0/StreamingDataflowPartition_1_MVAU_hls_0/inst/grp_Matrix_Vector_Activate_Stream_Batch_fu_60/flow_control_loop_pipe_sequential_init_U/sf_fu_1652[31]_i_7
INFO: [Physopt 32-662] Processed net top_i/StreamingDataflowPartition_1/inst/StreamingDataflowPartition_1_MVAU_hls_0/StreamingDataflowPartition_1_MVAU_hls_0/inst/grp_Matrix_Vector_Activate_Stream_Batch_fu_60/flow_control_loop_pipe_sequential_init_U/sf_fu_1652[31]_i_14_n_3.  Did not re-place instance top_i/StreamingDataflowPartition_1/inst/StreamingDataflowPartition_1_MVAU_hls_0/StreamingDataflowPartition_1_MVAU_hls_0/inst/grp_Matrix_Vector_Activate_Stream_Batch_fu_60/flow_control_loop_pipe_sequential_init_U/sf_fu_1652[31]_i_14
INFO: [Physopt 32-662] Processed net top_i/StreamingDataflowPartition_1/inst/StreamingDataflowPartition_1_MVAU_hls_0/StreamingDataflowPartition_1_MVAU_hls_0/inst/grp_Matrix_Vector_Activate_Stream_Batch_fu_60/nf_1_fu_4800_reg_n_3_[15].  Did not re-place instance top_i/StreamingDataflowPartition_1/inst/StreamingDataflowPartition_1_MVAU_hls_0/StreamingDataflowPartition_1_MVAU_hls_0/inst/grp_Matrix_Vector_Activate_Stream_Batch_fu_60/nf_1_fu_4800_reg[15]
INFO: [Physopt 32-662] Processed net top_i/StreamingDataflowPartition_1/inst/StreamingDataflowPartition_1_MVAU_hls_0/StreamingDataflowPartition_1_MVAU_hls_0/inst/grp_Matrix_Vector_Activate_Stream_Batch_fu_60/nf_1_fu_4800_reg_n_3_[22].  Did not re-place instance top_i/StreamingDataflowPartition_1/inst/StreamingDataflowPartition_1_MVAU_hls_0/StreamingDataflowPartition_1_MVAU_hls_0/inst/grp_Matrix_Vector_Activate_Stream_Batch_fu_60/nf_1_fu_4800_reg[22]
INFO: [Physopt 32-662] Processed net top_i/StreamingDataflowPartition_1/inst/StreamingDataflowPartition_1_MVAU_hls_0/StreamingDataflowPartition_1_MVAU_hls_0/inst/grp_Matrix_Vector_Activate_Stream_Batch_fu_60/nf_1_fu_4800_reg_n_3_[23].  Did not re-place instance top_i/StreamingDataflowPartition_1/inst/StreamingDataflowPartition_1_MVAU_hls_0/StreamingDataflowPartition_1_MVAU_hls_0/inst/grp_Matrix_Vector_Activate_Stream_Batch_fu_60/nf_1_fu_4800_reg[23]
INFO: [Physopt 32-662] Processed net top_i/StreamingDataflowPartition_1/inst/StreamingDataflowPartition_1_MVAU_hls_0/StreamingDataflowPartition_1_MVAU_hls_0/inst/grp_Matrix_Vector_Activate_Stream_Batch_fu_60/nf_1_fu_4800_reg_n_3_[24].  Did not re-place instance top_i/StreamingDataflowPartition_1/inst/StreamingDataflowPartition_1_MVAU_hls_0/StreamingDataflowPartition_1_MVAU_hls_0/inst/grp_Matrix_Vector_Activate_Stream_Batch_fu_60/nf_1_fu_4800_reg[24]
INFO: [Physopt 32-662] Processed net top_i/StreamingDataflowPartition_1/inst/StreamingDataflowPartition_1_MVAU_hls_0/StreamingDataflowPartition_1_MVAU_hls_0/inst/grp_Matrix_Vector_Activate_Stream_Batch_fu_60/sparsemux_1569_10_8_1_1_U1/D[6].  Did not re-place instance top_i/StreamingDataflowPartition_1/inst/StreamingDataflowPartition_1_MVAU_hls_0/StreamingDataflowPartition_1_MVAU_hls_0/inst/grp_Matrix_Vector_Activate_Stream_Batch_fu_60/sparsemux_1569_10_8_1_1_U1/tmp_reg_19741[6]_i_1
INFO: [Physopt 32-662] Processed net top_i/StreamingDataflowPartition_1/inst/StreamingDataflowPartition_1_MVAU_hls_0/StreamingDataflowPartition_1_MVAU_hls_0/inst/grp_Matrix_Vector_Activate_Stream_Batch_fu_60/sparsemux_1569_10_8_1_1_U1/tmp_reg_19741[6]_i_27_n_3.  Did not re-place instance top_i/StreamingDataflowPartition_1/inst/StreamingDataflowPartition_1_MVAU_hls_0/StreamingDataflowPartition_1_MVAU_hls_0/inst/grp_Matrix_Vector_Activate_Stream_Batch_fu_60/sparsemux_1569_10_8_1_1_U1/tmp_reg_19741[6]_i_27
INFO: [Physopt 32-662] Processed net top_i/StreamingDataflowPartition_1/inst/StreamingDataflowPartition_1_MVAU_hls_0/StreamingDataflowPartition_1_MVAU_hls_0/inst/grp_Matrix_Vector_Activate_Stream_Batch_fu_60/sparsemux_1569_10_8_1_1_U1/tmp_reg_19741[6]_i_370_n_3.  Did not re-place instance top_i/StreamingDataflowPartition_1/inst/StreamingDataflowPartition_1_MVAU_hls_0/StreamingDataflowPartition_1_MVAU_hls_0/inst/grp_Matrix_Vector_Activate_Stream_Batch_fu_60/sparsemux_1569_10_8_1_1_U1/tmp_reg_19741[6]_i_370
INFO: [Physopt 32-662] Processed net top_i/StreamingDataflowPartition_1/inst/StreamingDataflowPartition_1_MVAU_hls_0/StreamingDataflowPartition_1_MVAU_hls_0/inst/grp_Matrix_Vector_Activate_Stream_Batch_fu_60/tmp_reg_19741[6].  Did not re-place instance top_i/StreamingDataflowPartition_1/inst/StreamingDataflowPartition_1_MVAU_hls_0/StreamingDataflowPartition_1_MVAU_hls_0/inst/grp_Matrix_Vector_Activate_Stream_Batch_fu_60/tmp_reg_19741_reg[6]
INFO: [Physopt 32-662] Processed net top_i/StreamingDataflowPartition_1/inst/StreamingDataflowPartition_1_MVAU_hls_0/StreamingDataflowPartition_1_MVAU_hls_0/inst/grp_Matrix_Vector_Activate_Stream_Batch_fu_60/nf_1_fu_4800_reg_n_3_[2].  Did not re-place instance top_i/StreamingDataflowPartition_1/inst/StreamingDataflowPartition_1_MVAU_hls_0/StreamingDataflowPartition_1_MVAU_hls_0/inst/grp_Matrix_Vector_Activate_Stream_Batch_fu_60/nf_1_fu_4800_reg[2]
INFO: [Physopt 32-662] Processed net top_i/StreamingDataflowPartition_1/inst/StreamingDataflowPartition_1_MVAU_hls_0/StreamingDataflowPartition_1_MVAU_hls_0/inst/grp_Matrix_Vector_Activate_Stream_Batch_fu_60/nf_1_fu_4800_reg_n_3_[3].  Did not re-place instance top_i/StreamingDataflowPartition_1/inst/StreamingDataflowPartition_1_MVAU_hls_0/StreamingDataflowPartition_1_MVAU_hls_0/inst/grp_Matrix_Vector_Activate_Stream_Batch_fu_60/nf_1_fu_4800_reg[3]
INFO: [Physopt 32-662] Processed net top_i/StreamingDataflowPartition_1/inst/StreamingDataflowPartition_1_MVAU_hls_0/StreamingDataflowPartition_1_MVAU_hls_0/inst/grp_Matrix_Vector_Activate_Stream_Batch_fu_60/nf_1_fu_4800_reg_n_3_[4].  Did not re-place instance top_i/StreamingDataflowPartition_1/inst/StreamingDataflowPartition_1_MVAU_hls_0/StreamingDataflowPartition_1_MVAU_hls_0/inst/grp_Matrix_Vector_Activate_Stream_Batch_fu_60/nf_1_fu_4800_reg[4]
INFO: [Physopt 32-662] Processed net top_i/StreamingDataflowPartition_1/inst/StreamingDataflowPartition_1_MVAU_hls_0/StreamingDataflowPartition_1_MVAU_hls_0/inst/grp_Matrix_Vector_Activate_Stream_Batch_fu_60/nf_1_fu_4800_reg_n_3_[21].  Did not re-place instance top_i/StreamingDataflowPartition_1/inst/StreamingDataflowPartition_1_MVAU_hls_0/StreamingDataflowPartition_1_MVAU_hls_0/inst/grp_Matrix_Vector_Activate_Stream_Batch_fu_60/nf_1_fu_4800_reg[21]
INFO: [Physopt 32-662] Processed net top_i/StreamingDataflowPartition_1/inst/StreamingDataflowPartition_1_MVAU_hls_0/StreamingDataflowPartition_1_MVAU_hls_0/inst/grp_Matrix_Vector_Activate_Stream_Batch_fu_60/nf_1_fu_4800_reg_n_3_[26].  Did not re-place instance top_i/StreamingDataflowPartition_1/inst/StreamingDataflowPartition_1_MVAU_hls_0/StreamingDataflowPartition_1_MVAU_hls_0/inst/grp_Matrix_Vector_Activate_Stream_Batch_fu_60/nf_1_fu_4800_reg[26]
INFO: [Physopt 32-662] Processed net top_i/StreamingDataflowPartition_1/inst/StreamingDataflowPartition_1_MVAU_hls_0/StreamingDataflowPartition_1_MVAU_hls_0/inst/grp_Matrix_Vector_Activate_Stream_Batch_fu_60/nf_1_fu_4800_reg_n_3_[27].  Did not re-place instance top_i/StreamingDataflowPartition_1/inst/StreamingDataflowPartition_1_MVAU_hls_0/StreamingDataflowPartition_1_MVAU_hls_0/inst/grp_Matrix_Vector_Activate_Stream_Batch_fu_60/nf_1_fu_4800_reg[27]
INFO: [Physopt 32-662] Processed net top_i/StreamingDataflowPartition_1/inst/StreamingDataflowPartition_1_MVAU_hls_0/StreamingDataflowPartition_1_MVAU_hls_0/inst/grp_Matrix_Vector_Activate_Stream_Batch_fu_60/nf_1_fu_4800_reg_n_3_[28].  Did not re-place instance top_i/StreamingDataflowPartition_1/inst/StreamingDataflowPartition_1_MVAU_hls_0/StreamingDataflowPartition_1_MVAU_hls_0/inst/grp_Matrix_Vector_Activate_Stream_Batch_fu_60/nf_1_fu_4800_reg[28]
INFO: [Physopt 32-662] Processed net top_i/StreamingDataflowPartition_1/inst/StreamingDataflowPartition_1_MVAU_hls_0/StreamingDataflowPartition_1_MVAU_hls_0/inst/grp_Matrix_Vector_Activate_Stream_Batch_fu_60/sparsemux_1569_10_8_1_1_U1/tmp_reg_19741[6]_i_369_n_3.  Did not re-place instance top_i/StreamingDataflowPartition_1/inst/StreamingDataflowPartition_1_MVAU_hls_0/StreamingDataflowPartition_1_MVAU_hls_0/inst/grp_Matrix_Vector_Activate_Stream_Batch_fu_60/sparsemux_1569_10_8_1_1_U1/tmp_reg_19741[6]_i_369
INFO: [Physopt 32-662] Processed net top_i/StreamingDataflowPartition_1/inst/StreamingDataflowPartition_1_MVAU_hls_0/StreamingDataflowPartition_1_MVAU_hls_0/inst/grp_Matrix_Vector_Activate_Stream_Batch_fu_60/nf_1_fu_4800_reg_n_3_[13].  Did not re-place instance top_i/StreamingDataflowPartition_1/inst/StreamingDataflowPartition_1_MVAU_hls_0/StreamingDataflowPartition_1_MVAU_hls_0/inst/grp_Matrix_Vector_Activate_Stream_Batch_fu_60/nf_1_fu_4800_reg[13]
INFO: [Physopt 32-662] Processed net top_i/StreamingDataflowPartition_1/inst/StreamingDataflowPartition_1_MVAU_hls_0/StreamingDataflowPartition_1_MVAU_hls_0/inst/grp_Matrix_Vector_Activate_Stream_Batch_fu_60/nf_1_fu_4800_reg_n_3_[14].  Did not re-place instance top_i/StreamingDataflowPartition_1/inst/StreamingDataflowPartition_1_MVAU_hls_0/StreamingDataflowPartition_1_MVAU_hls_0/inst/grp_Matrix_Vector_Activate_Stream_Batch_fu_60/nf_1_fu_4800_reg[14]
INFO: [Physopt 32-662] Processed net top_i/StreamingDataflowPartition_1/inst/StreamingDataflowPartition_1_MVAU_hls_0/StreamingDataflowPartition_1_MVAU_hls_0/inst/grp_Matrix_Vector_Activate_Stream_Batch_fu_60/nf_1_fu_4800_reg_n_3_[18].  Did not re-place instance top_i/StreamingDataflowPartition_1/inst/StreamingDataflowPartition_1_MVAU_hls_0/StreamingDataflowPartition_1_MVAU_hls_0/inst/grp_Matrix_Vector_Activate_Stream_Batch_fu_60/nf_1_fu_4800_reg[18]
INFO: [Physopt 32-662] Processed net top_i/StreamingDataflowPartition_1/inst/StreamingDataflowPartition_1_MVAU_hls_0/StreamingDataflowPartition_1_MVAU_hls_0/inst/grp_Matrix_Vector_Activate_Stream_Batch_fu_60/nf_1_fu_4800_reg_n_3_[25].  Did not re-place instance top_i/StreamingDataflowPartition_1/inst/StreamingDataflowPartition_1_MVAU_hls_0/StreamingDataflowPartition_1_MVAU_hls_0/inst/grp_Matrix_Vector_Activate_Stream_Batch_fu_60/nf_1_fu_4800_reg[25]
INFO: [Physopt 32-662] Processed net top_i/StreamingDataflowPartition_1/inst/StreamingDataflowPartition_1_MVAU_hls_0/StreamingDataflowPartition_1_MVAU_hls_0/inst/grp_Matrix_Vector_Activate_Stream_Batch_fu_60/nf_1_fu_4800_reg_n_3_[29].  Did not re-place instance top_i/StreamingDataflowPartition_1/inst/StreamingDataflowPartition_1_MVAU_hls_0/StreamingDataflowPartition_1_MVAU_hls_0/inst/grp_Matrix_Vector_Activate_Stream_Batch_fu_60/nf_1_fu_4800_reg[29]
INFO: [Physopt 32-662] Processed net top_i/StreamingDataflowPartition_1/inst/StreamingDataflowPartition_1_MVAU_hls_0/StreamingDataflowPartition_1_MVAU_hls_0/inst/grp_Matrix_Vector_Activate_Stream_Batch_fu_60/nf_1_fu_4800_reg_n_3_[30].  Did not re-place instance top_i/StreamingDataflowPartition_1/inst/StreamingDataflowPartition_1_MVAU_hls_0/StreamingDataflowPartition_1_MVAU_hls_0/inst/grp_Matrix_Vector_Activate_Stream_Batch_fu_60/nf_1_fu_4800_reg[30]
INFO: [Physopt 32-662] Processed net top_i/StreamingDataflowPartition_1/inst/StreamingDataflowPartition_1_MVAU_hls_0/StreamingDataflowPartition_1_MVAU_hls_0/inst/grp_Matrix_Vector_Activate_Stream_Batch_fu_60/nf_1_fu_4800_reg_n_3_[31].  Did not re-place instance top_i/StreamingDataflowPartition_1/inst/StreamingDataflowPartition_1_MVAU_hls_0/StreamingDataflowPartition_1_MVAU_hls_0/inst/grp_Matrix_Vector_Activate_Stream_Batch_fu_60/nf_1_fu_4800_reg[31]
INFO: [Physopt 32-662] Processed net top_i/StreamingDataflowPartition_1/inst/StreamingDataflowPartition_1_MVAU_hls_0/StreamingDataflowPartition_1_MVAU_hls_0/inst/grp_Matrix_Vector_Activate_Stream_Batch_fu_60/flow_control_loop_pipe_sequential_init_U/sf_fu_1652[31]_i_6_n_3.  Did not re-place instance top_i/StreamingDataflowPartition_1/inst/StreamingDataflowPartition_1_MVAU_hls_0/StreamingDataflowPartition_1_MVAU_hls_0/inst/grp_Matrix_Vector_Activate_Stream_Batch_fu_60/flow_control_loop_pipe_sequential_init_U/sf_fu_1652[31]_i_6
INFO: [Physopt 32-662] Processed net top_i/StreamingDataflowPartition_1/inst/StreamingDataflowPartition_1_MVAU_hls_0/StreamingDataflowPartition_1_MVAU_hls_0/inst/grp_Matrix_Vector_Activate_Stream_Batch_fu_60/flow_control_loop_pipe_sequential_init_U/sf_fu_1652[31]_i_13_n_3.  Did not re-place instance top_i/StreamingDataflowPartition_1/inst/StreamingDataflowPartition_1_MVAU_hls_0/StreamingDataflowPartition_1_MVAU_hls_0/inst/grp_Matrix_Vector_Activate_Stream_Batch_fu_60/flow_control_loop_pipe_sequential_init_U/sf_fu_1652[31]_i_13
INFO: [Physopt 32-662] Processed net top_i/StreamingDataflowPartition_1/inst/StreamingDataflowPartition_1_MVAU_hls_0/StreamingDataflowPartition_1_MVAU_hls_0/inst/grp_Matrix_Vector_Activate_Stream_Batch_fu_60/sparsemux_1569_10_8_1_1_U1/D[7].  Did not re-place instance top_i/StreamingDataflowPartition_1/inst/StreamingDataflowPartition_1_MVAU_hls_0/StreamingDataflowPartition_1_MVAU_hls_0/inst/grp_Matrix_Vector_Activate_Stream_Batch_fu_60/sparsemux_1569_10_8_1_1_U1/tmp_reg_19741[7]_i_1
INFO: [Physopt 32-662] Processed net top_i/StreamingDataflowPartition_1/inst/StreamingDataflowPartition_1_MVAU_hls_0/StreamingDataflowPartition_1_MVAU_hls_0/inst/grp_Matrix_Vector_Activate_Stream_Batch_fu_60/sparsemux_1569_10_8_1_1_U1/tmp_reg_19741[7]_i_31_n_3.  Did not re-place instance top_i/StreamingDataflowPartition_1/inst/StreamingDataflowPartition_1_MVAU_hls_0/StreamingDataflowPartition_1_MVAU_hls_0/inst/grp_Matrix_Vector_Activate_Stream_Batch_fu_60/sparsemux_1569_10_8_1_1_U1/tmp_reg_19741[7]_i_31
INFO: [Physopt 32-662] Processed net top_i/StreamingDataflowPartition_1/inst/StreamingDataflowPartition_1_MVAU_hls_0/StreamingDataflowPartition_1_MVAU_hls_0/inst/grp_Matrix_Vector_Activate_Stream_Batch_fu_60/sparsemux_1569_10_8_1_1_U1/tmp_reg_19741[7]_i_364_n_3.  Did not re-place instance top_i/StreamingDataflowPartition_1/inst/StreamingDataflowPartition_1_MVAU_hls_0/StreamingDataflowPartition_1_MVAU_hls_0/inst/grp_Matrix_Vector_Activate_Stream_Batch_fu_60/sparsemux_1569_10_8_1_1_U1/tmp_reg_19741[7]_i_364
INFO: [Physopt 32-662] Processed net top_i/StreamingDataflowPartition_1/inst/StreamingDataflowPartition_1_MVAU_hls_0/StreamingDataflowPartition_1_MVAU_hls_0/inst/grp_Matrix_Vector_Activate_Stream_Batch_fu_60/tmp_reg_19741[7].  Did not re-place instance top_i/StreamingDataflowPartition_1/inst/StreamingDataflowPartition_1_MVAU_hls_0/StreamingDataflowPartition_1_MVAU_hls_0/inst/grp_Matrix_Vector_Activate_Stream_Batch_fu_60/tmp_reg_19741_reg[7]
INFO: [Physopt 32-662] Processed net top_i/StreamingDataflowPartition_1/inst/StreamingDataflowPartition_1_MVAU_hls_0/StreamingDataflowPartition_1_MVAU_hls_0/inst/grp_Matrix_Vector_Activate_Stream_Batch_fu_60/flow_control_loop_pipe_sequential_init_U/ap_loop_init_int_reg_rep__3_n_3_repN.  Did not re-place instance top_i/StreamingDataflowPartition_1/inst/StreamingDataflowPartition_1_MVAU_hls_0/StreamingDataflowPartition_1_MVAU_hls_0/inst/grp_Matrix_Vector_Activate_Stream_Batch_fu_60/flow_control_loop_pipe_sequential_init_U/ap_loop_init_int_reg_rep__3_replica
INFO: [Physopt 32-662] Processed net top_i/StreamingDataflowPartition_1/inst/StreamingDataflowPartition_1_MVAU_hls_0/StreamingDataflowPartition_1_MVAU_hls_0/inst/grp_Matrix_Vector_Activate_Stream_Batch_fu_60/flow_control_loop_pipe_sequential_init_U/sf_fu_1652_reg[9][3].  Did not re-place instance top_i/StreamingDataflowPartition_1/inst/StreamingDataflowPartition_1_MVAU_hls_0/StreamingDataflowPartition_1_MVAU_hls_0/inst/grp_Matrix_Vector_Activate_Stream_Batch_fu_60/flow_control_loop_pipe_sequential_init_U/inputBuf_fu_1664[7]_i_6
INFO: [Physopt 32-662] Processed net top_i/StreamingDataflowPartition_1/inst/StreamingDataflowPartition_1_MVAU_hls_0/StreamingDataflowPartition_1_MVAU_hls_0/inst/grp_Matrix_Vector_Activate_Stream_Batch_fu_60/flow_control_loop_pipe_sequential_init_U/inputBuf_783_fu_4796[7]_i_7_0[0].  Did not re-place instance top_i/StreamingDataflowPartition_1/inst/StreamingDataflowPartition_1_MVAU_hls_0/StreamingDataflowPartition_1_MVAU_hls_0/inst/grp_Matrix_Vector_Activate_Stream_Batch_fu_60/flow_control_loop_pipe_sequential_init_U/inputBuf_783_fu_4796[7]_i_1
INFO: [Physopt 32-662] Processed net top_i/StreamingDataflowPartition_1/inst/StreamingDataflowPartition_1_MVAU_hls_0/StreamingDataflowPartition_1_MVAU_hls_0/inst/grp_Matrix_Vector_Activate_Stream_Batch_fu_60/flow_control_loop_pipe_sequential_init_U/inputBuf_783_fu_4796[7]_i_154_n_3.  Did not re-place instance top_i/StreamingDataflowPartition_1/inst/StreamingDataflowPartition_1_MVAU_hls_0/StreamingDataflowPartition_1_MVAU_hls_0/inst/grp_Matrix_Vector_Activate_Stream_Batch_fu_60/flow_control_loop_pipe_sequential_init_U/inputBuf_783_fu_4796[7]_i_154
INFO: [Physopt 32-662] Processed net top_i/StreamingDataflowPartition_1/inst/StreamingDataflowPartition_1_MVAU_hls_0/StreamingDataflowPartition_1_MVAU_hls_0/inst/grp_Matrix_Vector_Activate_Stream_Batch_fu_60/flow_control_loop_pipe_sequential_init_U/inputBuf_783_fu_4796[7]_i_2_n_3.  Did not re-place instance top_i/StreamingDataflowPartition_1/inst/StreamingDataflowPartition_1_MVAU_hls_0/StreamingDataflowPartition_1_MVAU_hls_0/inst/grp_Matrix_Vector_Activate_Stream_Batch_fu_60/flow_control_loop_pipe_sequential_init_U/inputBuf_783_fu_4796[7]_i_2
INFO: [Physopt 32-662] Processed net top_i/StreamingDataflowPartition_1/inst/StreamingDataflowPartition_1_MVAU_hls_0/StreamingDataflowPartition_1_MVAU_hls_0/inst/grp_Matrix_Vector_Activate_Stream_Batch_fu_60/flow_control_loop_pipe_sequential_init_U/inputBuf_783_fu_4796[7]_i_44_n_3.  Did not re-place instance top_i/StreamingDataflowPartition_1/inst/StreamingDataflowPartition_1_MVAU_hls_0/StreamingDataflowPartition_1_MVAU_hls_0/inst/grp_Matrix_Vector_Activate_Stream_Batch_fu_60/flow_control_loop_pipe_sequential_init_U/inputBuf_783_fu_4796[7]_i_44
INFO: [Physopt 32-662] Processed net top_i/StreamingDataflowPartition_1/inst/StreamingDataflowPartition_1_MVAU_hls_0/StreamingDataflowPartition_1_MVAU_hls_0/inst/grp_Matrix_Vector_Activate_Stream_Batch_fu_60/flow_control_loop_pipe_sequential_init_U/inputBuf_783_fu_4796[7]_i_8_n_3.  Did not re-place instance top_i/StreamingDataflowPartition_1/inst/StreamingDataflowPartition_1_MVAU_hls_0/StreamingDataflowPartition_1_MVAU_hls_0/inst/grp_Matrix_Vector_Activate_Stream_Batch_fu_60/flow_control_loop_pipe_sequential_init_U/inputBuf_783_fu_4796[7]_i_8
INFO: [Physopt 32-662] Processed net top_i/StreamingDataflowPartition_1/inst/StreamingDataflowPartition_1_MVAU_hls_0/StreamingDataflowPartition_1_MVAU_hls_0/inst/grp_Matrix_Vector_Activate_Stream_Batch_fu_60/inputBuf_783_fu_4796[3].  Did not re-place instance top_i/StreamingDataflowPartition_1/inst/StreamingDataflowPartition_1_MVAU_hls_0/StreamingDataflowPartition_1_MVAU_hls_0/inst/grp_Matrix_Vector_Activate_Stream_Batch_fu_60/inputBuf_783_fu_4796_reg[3]
INFO: [Physopt 32-662] Processed net top_i/StreamingDataflowPartition_1/inst/StreamingDataflowPartition_1_MVAU_hls_0/StreamingDataflowPartition_1_MVAU_hls_0/inst/grp_Matrix_Vector_Activate_Stream_Batch_fu_60/inputBuf_783_fu_4796[5].  Did not re-place instance top_i/StreamingDataflowPartition_1/inst/StreamingDataflowPartition_1_MVAU_hls_0/StreamingDataflowPartition_1_MVAU_hls_0/inst/grp_Matrix_Vector_Activate_Stream_Batch_fu_60/inputBuf_783_fu_4796_reg[5]
INFO: [Physopt 32-662] Processed net top_i/StreamingDataflowPartition_1/inst/StreamingDataflowPartition_1_MVAU_hls_0/StreamingDataflowPartition_1_MVAU_hls_0/inst/grp_Matrix_Vector_Activate_Stream_Batch_fu_60/inputBuf_783_fu_4796[7].  Did not re-place instance top_i/StreamingDataflowPartition_1/inst/StreamingDataflowPartition_1_MVAU_hls_0/StreamingDataflowPartition_1_MVAU_hls_0/inst/grp_Matrix_Vector_Activate_Stream_Batch_fu_60/inputBuf_783_fu_4796_reg[7]
INFO: [Physopt 32-662] Processed net top_i/StreamingDataflowPartition_1/inst/StreamingDataflowPartition_1_MVAU_hls_0/StreamingDataflowPartition_1_MVAU_hls_0/inst/grp_Matrix_Vector_Activate_Stream_Batch_fu_60/sparsemux_1569_10_8_1_1_U1/tmp_reg_19741[6]_i_26_n_3.  Did not re-place instance top_i/StreamingDataflowPartition_1/inst/StreamingDataflowPartition_1_MVAU_hls_0/StreamingDataflowPartition_1_MVAU_hls_0/inst/grp_Matrix_Vector_Activate_Stream_Batch_fu_60/sparsemux_1569_10_8_1_1_U1/tmp_reg_19741[6]_i_26
INFO: [Physopt 32-662] Processed net top_i/StreamingDataflowPartition_1/inst/StreamingDataflowPartition_1_MVAU_hls_0/StreamingDataflowPartition_1_MVAU_hls_0/inst/grp_Matrix_Vector_Activate_Stream_Batch_fu_60/sparsemux_1569_10_8_1_1_U1/tmp_reg_19741[6]_i_345_n_3.  Did not re-place instance top_i/StreamingDataflowPartition_1/inst/StreamingDataflowPartition_1_MVAU_hls_0/StreamingDataflowPartition_1_MVAU_hls_0/inst/grp_Matrix_Vector_Activate_Stream_Batch_fu_60/sparsemux_1569_10_8_1_1_U1/tmp_reg_19741[6]_i_345
INFO: [Physopt 32-662] Processed net top_i/StreamingDataflowPartition_1/inst/StreamingDataflowPartition_1_MVAU_hls_0/StreamingDataflowPartition_1_MVAU_hls_0/inst/grp_Matrix_Vector_Activate_Stream_Batch_fu_60/sparsemux_1569_10_8_1_1_U1/tmp_reg_19741[6]_i_346_n_3.  Did not re-place instance top_i/StreamingDataflowPartition_1/inst/StreamingDataflowPartition_1_MVAU_hls_0/StreamingDataflowPartition_1_MVAU_hls_0/inst/grp_Matrix_Vector_Activate_Stream_Batch_fu_60/sparsemux_1569_10_8_1_1_U1/tmp_reg_19741[6]_i_346
INFO: [Physopt 32-662] Processed net top_i/StreamingDataflowPartition_1/inst/StreamingDataflowPartition_1_MVAU_hls_0/StreamingDataflowPartition_1_MVAU_hls_0/inst/grp_Matrix_Vector_Activate_Stream_Batch_fu_60/flow_control_loop_pipe_sequential_init_U/sf_fu_1652_reg[9][4].  Did not re-place instance top_i/StreamingDataflowPartition_1/inst/StreamingDataflowPartition_1_MVAU_hls_0/StreamingDataflowPartition_1_MVAU_hls_0/inst/grp_Matrix_Vector_Activate_Stream_Batch_fu_60/flow_control_loop_pipe_sequential_init_U/inputBuf_16_fu_1728[7]_i_5
INFO: [Physopt 32-662] Processed net top_i/StreamingDataflowPartition_1/inst/StreamingDataflowPartition_1_MVAU_hls_0/StreamingDataflowPartition_1_MVAU_hls_0/inst/grp_Matrix_Vector_Activate_Stream_Batch_fu_60/sf_fu_1652_reg_n_3_[5].  Did not re-place instance top_i/StreamingDataflowPartition_1/inst/StreamingDataflowPartition_1_MVAU_hls_0/StreamingDataflowPartition_1_MVAU_hls_0/inst/grp_Matrix_Vector_Activate_Stream_Batch_fu_60/sf_fu_1652_reg[5]
INFO: [Physopt 32-662] Processed net top_i/StreamingDataflowPartition_1/inst/StreamingDataflowPartition_1_MVAU_hls_0/StreamingDataflowPartition_1_MVAU_hls_0/inst/grp_Matrix_Vector_Activate_Stream_Batch_fu_60/flow_control_loop_pipe_sequential_init_U/inputBuf_783_fu_4796[7]_i_137_n_3.  Did not re-place instance top_i/StreamingDataflowPartition_1/inst/StreamingDataflowPartition_1_MVAU_hls_0/StreamingDataflowPartition_1_MVAU_hls_0/inst/grp_Matrix_Vector_Activate_Stream_Batch_fu_60/flow_control_loop_pipe_sequential_init_U/inputBuf_783_fu_4796[7]_i_137
INFO: [Physopt 32-662] Processed net top_i/StreamingDataflowPartition_1/inst/StreamingDataflowPartition_1_MVAU_hls_0/StreamingDataflowPartition_1_MVAU_hls_0/inst/grp_Matrix_Vector_Activate_Stream_Batch_fu_60/flow_control_loop_pipe_sequential_init_U/inputBuf_783_fu_4796[7]_i_39_n_3.  Did not re-place instance top_i/StreamingDataflowPartition_1/inst/StreamingDataflowPartition_1_MVAU_hls_0/StreamingDataflowPartition_1_MVAU_hls_0/inst/grp_Matrix_Vector_Activate_Stream_Batch_fu_60/flow_control_loop_pipe_sequential_init_U/inputBuf_783_fu_4796[7]_i_39
INFO: [Physopt 32-662] Processed net top_i/StreamingDataflowPartition_1/inst/StreamingDataflowPartition_1_MVAU_hls_0/StreamingDataflowPartition_1_MVAU_hls_0/inst/grp_Matrix_Vector_Activate_Stream_Batch_fu_60/flow_control_loop_pipe_sequential_init_U/inputBuf_783_fu_4796[7]_i_7_n_3.  Did not re-place instance top_i/StreamingDataflowPartition_1/inst/StreamingDataflowPartition_1_MVAU_hls_0/StreamingDataflowPartition_1_MVAU_hls_0/inst/grp_Matrix_Vector_Activate_Stream_Batch_fu_60/flow_control_loop_pipe_sequential_init_U/inputBuf_783_fu_4796[7]_i_7
INFO: [Physopt 32-662] Processed net top_i/StreamingDataflowPartition_1/inst/StreamingDataflowPartition_1_MVAU_hls_0/StreamingDataflowPartition_1_MVAU_hls_0/inst/grp_Matrix_Vector_Activate_Stream_Batch_fu_60/sparsemux_1569_10_8_1_1_U1/tmp_reg_19741[7]_i_30_n_3.  Did not re-place instance top_i/StreamingDataflowPartition_1/inst/StreamingDataflowPartition_1_MVAU_hls_0/StreamingDataflowPartition_1_MVAU_hls_0/inst/grp_Matrix_Vector_Activate_Stream_Batch_fu_60/sparsemux_1569_10_8_1_1_U1/tmp_reg_19741[7]_i_30
INFO: [Physopt 32-662] Processed net top_i/StreamingDataflowPartition_1/inst/StreamingDataflowPartition_1_MVAU_hls_0/StreamingDataflowPartition_1_MVAU_hls_0/inst/grp_Matrix_Vector_Activate_Stream_Batch_fu_60/sparsemux_1569_10_8_1_1_U1/tmp_reg_19741[7]_i_349_n_3.  Did not re-place instance top_i/StreamingDataflowPartition_1/inst/StreamingDataflowPartition_1_MVAU_hls_0/StreamingDataflowPartition_1_MVAU_hls_0/inst/grp_Matrix_Vector_Activate_Stream_Batch_fu_60/sparsemux_1569_10_8_1_1_U1/tmp_reg_19741[7]_i_349
INFO: [Physopt 32-662] Processed net top_i/StreamingDataflowPartition_1/inst/StreamingDataflowPartition_1_MVAU_hls_0/StreamingDataflowPartition_1_MVAU_hls_0/inst/grp_Matrix_Vector_Activate_Stream_Batch_fu_60/sparsemux_1569_10_8_1_1_U1/tmp_reg_19741[7]_i_365_n_3.  Did not re-place instance top_i/StreamingDataflowPartition_1/inst/StreamingDataflowPartition_1_MVAU_hls_0/StreamingDataflowPartition_1_MVAU_hls_0/inst/grp_Matrix_Vector_Activate_Stream_Batch_fu_60/sparsemux_1569_10_8_1_1_U1/tmp_reg_19741[7]_i_365
INFO: [Physopt 32-662] Processed net top_i/StreamingDataflowPartition_1/inst/StreamingDataflowPartition_1_MVAU_hls_0/StreamingDataflowPartition_1_MVAU_hls_0/inst/grp_Matrix_Vector_Activate_Stream_Batch_fu_60/flow_control_loop_pipe_sequential_init_U/inputBuf_fu_1664[7]_i_5_n_3.  Did not re-place instance top_i/StreamingDataflowPartition_1/inst/StreamingDataflowPartition_1_MVAU_hls_0/StreamingDataflowPartition_1_MVAU_hls_0/inst/grp_Matrix_Vector_Activate_Stream_Batch_fu_60/flow_control_loop_pipe_sequential_init_U/inputBuf_fu_1664[7]_i_5
INFO: [Physopt 32-662] Processed net top_i/StreamingDataflowPartition_1/inst/StreamingDataflowPartition_1_MVAU_hls_0/StreamingDataflowPartition_1_MVAU_hls_0/inst/grp_Matrix_Vector_Activate_Stream_Batch_fu_60/sf_fu_1652_reg_n_3_[2].  Did not re-place instance top_i/StreamingDataflowPartition_1/inst/StreamingDataflowPartition_1_MVAU_hls_0/StreamingDataflowPartition_1_MVAU_hls_0/inst/grp_Matrix_Vector_Activate_Stream_Batch_fu_60/sf_fu_1652_reg[2]
INFO: [Physopt 32-662] Processed net top_i/StreamingDataflowPartition_1/inst/StreamingDataflowPartition_1_MVAU_hls_0/StreamingDataflowPartition_1_MVAU_hls_0/inst/grp_Matrix_Vector_Activate_Stream_Batch_fu_60/flow_control_loop_pipe_sequential_init_U/inputBuf_400_fu_3264[7]_i_2_n_3_repN.  Did not re-place instance top_i/StreamingDataflowPartition_1/inst/StreamingDataflowPartition_1_MVAU_hls_0/StreamingDataflowPartition_1_MVAU_hls_0/inst/grp_Matrix_Vector_Activate_Stream_Batch_fu_60/flow_control_loop_pipe_sequential_init_U/inputBuf_400_fu_3264[7]_i_2_replica
INFO: [Physopt 32-662] Processed net top_i/StreamingDataflowPartition_1/inst/StreamingDataflowPartition_1_MVAU_hls_0/StreamingDataflowPartition_1_MVAU_hls_0/inst/grp_Matrix_Vector_Activate_Stream_Batch_fu_60/flow_control_loop_pipe_sequential_init_U/inputBuf_783_fu_4796[7]_i_21_n_3.  Did not re-place instance top_i/StreamingDataflowPartition_1/inst/StreamingDataflowPartition_1_MVAU_hls_0/StreamingDataflowPartition_1_MVAU_hls_0/inst/grp_Matrix_Vector_Activate_Stream_Batch_fu_60/flow_control_loop_pipe_sequential_init_U/inputBuf_783_fu_4796[7]_i_21
INFO: [Physopt 32-662] Processed net top_i/StreamingDataflowPartition_1/inst/StreamingDataflowPartition_1_MVAU_hls_0/StreamingDataflowPartition_1_MVAU_hls_0/inst/grp_Matrix_Vector_Activate_Stream_Batch_fu_60/flow_control_loop_pipe_sequential_init_U/inputBuf_783_fu_4796[7]_i_4_n_3.  Did not re-place instance top_i/StreamingDataflowPartition_1/inst/StreamingDataflowPartition_1_MVAU_hls_0/StreamingDataflowPartition_1_MVAU_hls_0/inst/grp_Matrix_Vector_Activate_Stream_Batch_fu_60/flow_control_loop_pipe_sequential_init_U/inputBuf_783_fu_4796[7]_i_4
INFO: [Physopt 32-662] Processed net top_i/StreamingDataflowPartition_1/inst/StreamingDataflowPartition_1_MVAU_hls_0/StreamingDataflowPartition_1_MVAU_hls_0/inst/grp_Matrix_Vector_Activate_Stream_Batch_fu_60/sparsemux_1569_10_8_1_1_U1/tmp_reg_19741[7]_i_348_n_3.  Did not re-place instance top_i/StreamingDataflowPartition_1/inst/StreamingDataflowPartition_1_MVAU_hls_0/StreamingDataflowPartition_1_MVAU_hls_0/inst/grp_Matrix_Vector_Activate_Stream_Batch_fu_60/sparsemux_1569_10_8_1_1_U1/tmp_reg_19741[7]_i_348
INFO: [Physopt 32-662] Processed net top_i/StreamingDataflowPartition_1/inst/StreamingDataflowPartition_1_MVAU_hls_0/StreamingDataflowPartition_1_MVAU_hls_0/inst/grp_Matrix_Vector_Activate_Stream_Batch_fu_60/sparsemux_1569_10_8_1_1_U1/D[5].  Did not re-place instance top_i/StreamingDataflowPartition_1/inst/StreamingDataflowPartition_1_MVAU_hls_0/StreamingDataflowPartition_1_MVAU_hls_0/inst/grp_Matrix_Vector_Activate_Stream_Batch_fu_60/sparsemux_1569_10_8_1_1_U1/tmp_reg_19741[5]_i_1
INFO: [Physopt 32-662] Processed net top_i/StreamingDataflowPartition_1/inst/StreamingDataflowPartition_1_MVAU_hls_0/StreamingDataflowPartition_1_MVAU_hls_0/inst/grp_Matrix_Vector_Activate_Stream_Batch_fu_60/sparsemux_1569_10_8_1_1_U1/tmp_reg_19741[5]_i_25_n_3.  Did not re-place instance top_i/StreamingDataflowPartition_1/inst/StreamingDataflowPartition_1_MVAU_hls_0/StreamingDataflowPartition_1_MVAU_hls_0/inst/grp_Matrix_Vector_Activate_Stream_Batch_fu_60/sparsemux_1569_10_8_1_1_U1/tmp_reg_19741[5]_i_25
INFO: [Physopt 32-662] Processed net top_i/StreamingDataflowPartition_1/inst/StreamingDataflowPartition_1_MVAU_hls_0/StreamingDataflowPartition_1_MVAU_hls_0/inst/grp_Matrix_Vector_Activate_Stream_Batch_fu_60/sparsemux_1569_10_8_1_1_U1/tmp_reg_19741[5]_i_341_n_3.  Did not re-place instance top_i/StreamingDataflowPartition_1/inst/StreamingDataflowPartition_1_MVAU_hls_0/StreamingDataflowPartition_1_MVAU_hls_0/inst/grp_Matrix_Vector_Activate_Stream_Batch_fu_60/sparsemux_1569_10_8_1_1_U1/tmp_reg_19741[5]_i_341
INFO: [Physopt 32-662] Processed net top_i/StreamingDataflowPartition_1/inst/StreamingDataflowPartition_1_MVAU_hls_0/StreamingDataflowPartition_1_MVAU_hls_0/inst/grp_Matrix_Vector_Activate_Stream_Batch_fu_60/tmp_reg_19741[5].  Did not re-place instance top_i/StreamingDataflowPartition_1/inst/StreamingDataflowPartition_1_MVAU_hls_0/StreamingDataflowPartition_1_MVAU_hls_0/inst/grp_Matrix_Vector_Activate_Stream_Batch_fu_60/tmp_reg_19741_reg[5]
INFO: [Physopt 32-662] Processed net top_i/StreamingDataflowPartition_1/inst/StreamingDataflowPartition_1_MVAU_hls_0/StreamingDataflowPartition_1_MVAU_hls_0/inst/grp_Matrix_Vector_Activate_Stream_Batch_fu_60/flow_control_loop_pipe_sequential_init_U/sf_fu_1652_reg[9][5].  Did not re-place instance top_i/StreamingDataflowPartition_1/inst/StreamingDataflowPartition_1_MVAU_hls_0/StreamingDataflowPartition_1_MVAU_hls_0/inst/grp_Matrix_Vector_Activate_Stream_Batch_fu_60/flow_control_loop_pipe_sequential_init_U/inputBuf_16_fu_1728[7]_i_6
INFO: [Physopt 32-662] Processed net top_i/StreamingDataflowPartition_1/inst/StreamingDataflowPartition_1_MVAU_hls_0/StreamingDataflowPartition_1_MVAU_hls_0/inst/grp_Matrix_Vector_Activate_Stream_Batch_fu_60/flow_control_loop_pipe_sequential_init_U/inputBuf_783_fu_4796[7]_i_9_n_3.  Did not re-place instance top_i/StreamingDataflowPartition_1/inst/StreamingDataflowPartition_1_MVAU_hls_0/StreamingDataflowPartition_1_MVAU_hls_0/inst/grp_Matrix_Vector_Activate_Stream_Batch_fu_60/flow_control_loop_pipe_sequential_init_U/inputBuf_783_fu_4796[7]_i_9
INFO: [Physopt 32-662] Processed net top_i/StreamingDataflowPartition_1/inst/StreamingDataflowPartition_1_MVAU_hls_0/StreamingDataflowPartition_1_MVAU_hls_0/inst/grp_Matrix_Vector_Activate_Stream_Batch_fu_60/flow_control_loop_pipe_sequential_init_U/inputBuf_783_fu_4796[7]_i_27_n_3.  Did not re-place instance top_i/StreamingDataflowPartition_1/inst/StreamingDataflowPartition_1_MVAU_hls_0/StreamingDataflowPartition_1_MVAU_hls_0/inst/grp_Matrix_Vector_Activate_Stream_Batch_fu_60/flow_control_loop_pipe_sequential_init_U/inputBuf_783_fu_4796[7]_i_27
INFO: [Physopt 32-662] Processed net top_i/StreamingDataflowPartition_1/inst/StreamingDataflowPartition_1_MVAU_hls_0/StreamingDataflowPartition_1_MVAU_hls_0/inst/grp_Matrix_Vector_Activate_Stream_Batch_fu_60/flow_control_loop_pipe_sequential_init_U/inputBuf_783_fu_4796[7]_i_5_n_3.  Did not re-place instance top_i/StreamingDataflowPartition_1/inst/StreamingDataflowPartition_1_MVAU_hls_0/StreamingDataflowPartition_1_MVAU_hls_0/inst/grp_Matrix_Vector_Activate_Stream_Batch_fu_60/flow_control_loop_pipe_sequential_init_U/inputBuf_783_fu_4796[7]_i_5
INFO: [Physopt 32-662] Processed net top_i/StreamingDataflowPartition_1/inst/StreamingDataflowPartition_1_MVAU_hls_0/StreamingDataflowPartition_1_MVAU_hls_0/inst/grp_Matrix_Vector_Activate_Stream_Batch_fu_60/flow_control_loop_pipe_sequential_init_U/inputBuf_783_fu_4796[7]_i_95_n_3.  Did not re-place instance top_i/StreamingDataflowPartition_1/inst/StreamingDataflowPartition_1_MVAU_hls_0/StreamingDataflowPartition_1_MVAU_hls_0/inst/grp_Matrix_Vector_Activate_Stream_Batch_fu_60/flow_control_loop_pipe_sequential_init_U/inputBuf_783_fu_4796[7]_i_95
INFO: [Physopt 32-662] Processed net top_i/StreamingDataflowPartition_1/inst/StreamingDataflowPartition_1_MVAU_hls_0/StreamingDataflowPartition_1_MVAU_hls_0/inst/grp_Matrix_Vector_Activate_Stream_Batch_fu_60/flow_control_loop_pipe_sequential_init_U/inputBuf_400_fu_3264[7]_i_3_n_3_repN.  Did not re-place instance top_i/StreamingDataflowPartition_1/inst/StreamingDataflowPartition_1_MVAU_hls_0/StreamingDataflowPartition_1_MVAU_hls_0/inst/grp_Matrix_Vector_Activate_Stream_Batch_fu_60/flow_control_loop_pipe_sequential_init_U/inputBuf_400_fu_3264[7]_i_3_replica
INFO: [Physopt 32-662] Processed net top_i/StreamingDataflowPartition_1/inst/StreamingDataflowPartition_1_MVAU_hls_0/StreamingDataflowPartition_1_MVAU_hls_0/inst/grp_Matrix_Vector_Activate_Stream_Batch_fu_60/flow_control_loop_pipe_sequential_init_U/inputBuf_783_fu_4796[7]_i_106_n_3.  Did not re-place instance top_i/StreamingDataflowPartition_1/inst/StreamingDataflowPartition_1_MVAU_hls_0/StreamingDataflowPartition_1_MVAU_hls_0/inst/grp_Matrix_Vector_Activate_Stream_Batch_fu_60/flow_control_loop_pipe_sequential_init_U/inputBuf_783_fu_4796[7]_i_106
INFO: [Physopt 32-662] Processed net top_i/StreamingDataflowPartition_1/inst/StreamingDataflowPartition_1_MVAU_hls_0/StreamingDataflowPartition_1_MVAU_hls_0/inst/grp_Matrix_Vector_Activate_Stream_Batch_fu_60/flow_control_loop_pipe_sequential_init_U/inputBuf_783_fu_4796[7]_i_177_n_3.  Did not re-place instance top_i/StreamingDataflowPartition_1/inst/StreamingDataflowPartition_1_MVAU_hls_0/StreamingDataflowPartition_1_MVAU_hls_0/inst/grp_Matrix_Vector_Activate_Stream_Batch_fu_60/flow_control_loop_pipe_sequential_init_U/inputBuf_783_fu_4796[7]_i_177
INFO: [Physopt 32-662] Processed net top_i/StreamingDataflowPartition_1/inst/StreamingDataflowPartition_1_MVAU_hls_0/StreamingDataflowPartition_1_MVAU_hls_0/inst/grp_Matrix_Vector_Activate_Stream_Batch_fu_60/flow_control_loop_pipe_sequential_init_U/inputBuf_783_fu_4796[7]_i_32_n_3.  Did not re-place instance top_i/StreamingDataflowPartition_1/inst/StreamingDataflowPartition_1_MVAU_hls_0/StreamingDataflowPartition_1_MVAU_hls_0/inst/grp_Matrix_Vector_Activate_Stream_Batch_fu_60/flow_control_loop_pipe_sequential_init_U/inputBuf_783_fu_4796[7]_i_32
INFO: [Physopt 32-662] Processed net top_i/StreamingDataflowPartition_1/inst/StreamingDataflowPartition_1_MVAU_hls_0/StreamingDataflowPartition_1_MVAU_hls_0/inst/grp_Matrix_Vector_Activate_Stream_Batch_fu_60/flow_control_loop_pipe_sequential_init_U/inputBuf_783_fu_4796[7]_i_6_n_3.  Did not re-place instance top_i/StreamingDataflowPartition_1/inst/StreamingDataflowPartition_1_MVAU_hls_0/StreamingDataflowPartition_1_MVAU_hls_0/inst/grp_Matrix_Vector_Activate_Stream_Batch_fu_60/flow_control_loop_pipe_sequential_init_U/inputBuf_783_fu_4796[7]_i_6
INFO: [Physopt 32-662] Processed net top_i/StreamingDataflowPartition_1/inst/StreamingDataflowPartition_1_MVAU_hls_0/StreamingDataflowPartition_1_MVAU_hls_0/inst/grp_Matrix_Vector_Activate_Stream_Batch_fu_60/sparsemux_1569_10_8_1_1_U1/tmp_reg_19741[5]_i_342_n_3.  Did not re-place instance top_i/StreamingDataflowPartition_1/inst/StreamingDataflowPartition_1_MVAU_hls_0/StreamingDataflowPartition_1_MVAU_hls_0/inst/grp_Matrix_Vector_Activate_Stream_Batch_fu_60/sparsemux_1569_10_8_1_1_U1/tmp_reg_19741[5]_i_342
INFO: [Physopt 32-662] Processed net top_i/StreamingDataflowPartition_1/inst/StreamingDataflowPartition_1_MVAU_hls_0/StreamingDataflowPartition_1_MVAU_hls_0/inst/grp_Matrix_Vector_Activate_Stream_Batch_fu_60/flow_control_loop_pipe_sequential_init_U/sf_fu_1652_reg[1]_55.  Did not re-place instance top_i/StreamingDataflowPartition_1/inst/StreamingDataflowPartition_1_MVAU_hls_0/StreamingDataflowPartition_1_MVAU_hls_0/inst/grp_Matrix_Vector_Activate_Stream_Batch_fu_60/flow_control_loop_pipe_sequential_init_U/inputBuf_448_fu_3456[7]_i_4
INFO: [Physopt 32-662] Processed net top_i/StreamingDataflowPartition_1/inst/StreamingDataflowPartition_1_MVAU_hls_0/StreamingDataflowPartition_1_MVAU_hls_0/inst/grp_Matrix_Vector_Activate_Stream_Batch_fu_60/sparsemux_1569_10_8_1_1_U1/tmp_reg_19741[6]_i_23_n_3.  Did not re-place instance top_i/StreamingDataflowPartition_1/inst/StreamingDataflowPartition_1_MVAU_hls_0/StreamingDataflowPartition_1_MVAU_hls_0/inst/grp_Matrix_Vector_Activate_Stream_Batch_fu_60/sparsemux_1569_10_8_1_1_U1/tmp_reg_19741[6]_i_23
INFO: [Physopt 32-662] Processed net top_i/StreamingDataflowPartition_1/inst/StreamingDataflowPartition_1_MVAU_hls_0/StreamingDataflowPartition_1_MVAU_hls_0/inst/grp_Matrix_Vector_Activate_Stream_Batch_fu_60/sparsemux_1569_10_8_1_1_U1/tmp_reg_19741[6]_i_291_n_3.  Did not re-place instance top_i/StreamingDataflowPartition_1/inst/StreamingDataflowPartition_1_MVAU_hls_0/StreamingDataflowPartition_1_MVAU_hls_0/inst/grp_Matrix_Vector_Activate_Stream_Batch_fu_60/sparsemux_1569_10_8_1_1_U1/tmp_reg_19741[6]_i_291
INFO: [Physopt 32-662] Processed net top_i/StreamingDataflowPartition_1/inst/StreamingDataflowPartition_1_MVAU_hls_0/StreamingDataflowPartition_1_MVAU_hls_0/inst/grp_Matrix_Vector_Activate_Stream_Batch_fu_60/flow_control_loop_pipe_sequential_init_U/inputBuf_164_fu_2320[7]_i_3_n_3.  Did not re-place instance top_i/StreamingDataflowPartition_1/inst/StreamingDataflowPartition_1_MVAU_hls_0/StreamingDataflowPartition_1_MVAU_hls_0/inst/grp_Matrix_Vector_Activate_Stream_Batch_fu_60/flow_control_loop_pipe_sequential_init_U/inputBuf_164_fu_2320[7]_i_3
INFO: [Physopt 32-662] Processed net top_i/StreamingDataflowPartition_1/inst/StreamingDataflowPartition_1_MVAU_hls_0/StreamingDataflowPartition_1_MVAU_hls_0/inst/grp_Matrix_Vector_Activate_Stream_Batch_fu_60/flow_control_loop_pipe_sequential_init_U/inputBuf_232_fu_2592[7]_i_2_n_3.  Did not re-place instance top_i/StreamingDataflowPartition_1/inst/StreamingDataflowPartition_1_MVAU_hls_0/StreamingDataflowPartition_1_MVAU_hls_0/inst/grp_Matrix_Vector_Activate_Stream_Batch_fu_60/flow_control_loop_pipe_sequential_init_U/inputBuf_232_fu_2592[7]_i_2
INFO: [Physopt 32-662] Processed net top_i/StreamingDataflowPartition_1/inst/StreamingDataflowPartition_1_MVAU_hls_0/StreamingDataflowPartition_1_MVAU_hls_0/inst/grp_Matrix_Vector_Activate_Stream_Batch_fu_60/flow_control_loop_pipe_sequential_init_U/inputBuf_783_fu_4796[7]_i_172_n_3.  Did not re-place instance top_i/StreamingDataflowPartition_1/inst/StreamingDataflowPartition_1_MVAU_hls_0/StreamingDataflowPartition_1_MVAU_hls_0/inst/grp_Matrix_Vector_Activate_Stream_Batch_fu_60/flow_control_loop_pipe_sequential_init_U/inputBuf_783_fu_4796[7]_i_172
INFO: [Physopt 32-662] Processed net top_i/StreamingDataflowPartition_1/inst/StreamingDataflowPartition_1_MVAU_hls_0/StreamingDataflowPartition_1_MVAU_hls_0/inst/grp_Matrix_Vector_Activate_Stream_Batch_fu_60/flow_control_loop_pipe_sequential_init_U/inputBuf_783_fu_4796[7]_i_26_n_3.  Did not re-place instance top_i/StreamingDataflowPartition_1/inst/StreamingDataflowPartition_1_MVAU_hls_0/StreamingDataflowPartition_1_MVAU_hls_0/inst/grp_Matrix_Vector_Activate_Stream_Batch_fu_60/flow_control_loop_pipe_sequential_init_U/inputBuf_783_fu_4796[7]_i_26
INFO: [Physopt 32-662] Processed net top_i/StreamingDataflowPartition_1/inst/StreamingDataflowPartition_1_MVAU_hls_0/StreamingDataflowPartition_1_MVAU_hls_0/inst/grp_Matrix_Vector_Activate_Stream_Batch_fu_60/flow_control_loop_pipe_sequential_init_U/inputBuf_783_fu_4796[7]_i_94_n_3.  Did not re-place instance top_i/StreamingDataflowPartition_1/inst/StreamingDataflowPartition_1_MVAU_hls_0/StreamingDataflowPartition_1_MVAU_hls_0/inst/grp_Matrix_Vector_Activate_Stream_Batch_fu_60/flow_control_loop_pipe_sequential_init_U/inputBuf_783_fu_4796[7]_i_94
INFO: [Physopt 32-662] Processed net top_i/StreamingDataflowPartition_1/inst/StreamingDataflowPartition_1_MVAU_hls_0/StreamingDataflowPartition_1_MVAU_hls_0/inst/grp_Matrix_Vector_Activate_Stream_Batch_fu_60/flow_control_loop_pipe_sequential_init_U/nf_1_fu_4800[31]_i_3_n_3.  Did not re-place instance top_i/StreamingDataflowPartition_1/inst/StreamingDataflowPartition_1_MVAU_hls_0/StreamingDataflowPartition_1_MVAU_hls_0/inst/grp_Matrix_Vector_Activate_Stream_Batch_fu_60/flow_control_loop_pipe_sequential_init_U/nf_1_fu_4800[31]_i_3
INFO: [Physopt 32-662] Processed net top_i/StreamingDataflowPartition_1/inst/StreamingDataflowPartition_1_MVAU_hls_0/StreamingDataflowPartition_1_MVAU_hls_0/inst/grp_Matrix_Vector_Activate_Stream_Batch_fu_60/flow_control_loop_pipe_sequential_init_U/nf_1_fu_4800[31]_i_7_n_3.  Did not re-place instance top_i/StreamingDataflowPartition_1/inst/StreamingDataflowPartition_1_MVAU_hls_0/StreamingDataflowPartition_1_MVAU_hls_0/inst/grp_Matrix_Vector_Activate_Stream_Batch_fu_60/flow_control_loop_pipe_sequential_init_U/nf_1_fu_4800[31]_i_7
INFO: [Physopt 32-662] Processed net top_i/StreamingDataflowPartition_1/inst/StreamingDataflowPartition_1_MVAU_hls_0/StreamingDataflowPartition_1_MVAU_hls_0/inst/grp_Matrix_Vector_Activate_Stream_Batch_fu_60/flow_control_loop_pipe_sequential_init_U/nf_1_fu_4800[4]_i_5_n_3.  Did not re-place instance top_i/StreamingDataflowPartition_1/inst/StreamingDataflowPartition_1_MVAU_hls_0/StreamingDataflowPartition_1_MVAU_hls_0/inst/grp_Matrix_Vector_Activate_Stream_Batch_fu_60/flow_control_loop_pipe_sequential_init_U/nf_1_fu_4800[4]_i_5
INFO: [Physopt 32-662] Processed net top_i/StreamingDataflowPartition_1/inst/StreamingDataflowPartition_1_MVAU_hls_0/StreamingDataflowPartition_1_MVAU_hls_0/inst/grp_Matrix_Vector_Activate_Stream_Batch_fu_60/sparsemux_1569_10_8_1_1_U1/tmp_reg_19741[6]_i_290_n_3.  Did not re-place instance top_i/StreamingDataflowPartition_1/inst/StreamingDataflowPartition_1_MVAU_hls_0/StreamingDataflowPartition_1_MVAU_hls_0/inst/grp_Matrix_Vector_Activate_Stream_Batch_fu_60/sparsemux_1569_10_8_1_1_U1/tmp_reg_19741[6]_i_290
INFO: [Physopt 32-662] Processed net top_i/StreamingDataflowPartition_1/inst/StreamingDataflowPartition_1_MVAU_hls_0/StreamingDataflowPartition_1_MVAU_hls_0/inst/grp_Matrix_Vector_Activate_Stream_Batch_fu_60_ap_start_reg_repN_1.  Did not re-place instance top_i/StreamingDataflowPartition_1/inst/StreamingDataflowPartition_1_MVAU_hls_0/StreamingDataflowPartition_1_MVAU_hls_0/inst/grp_Matrix_Vector_Activate_Stream_Batch_fu_60_ap_start_reg_reg_replica_1
INFO: [Physopt 32-662] Processed net top_i/StreamingDataflowPartition_1/inst/StreamingDataflowPartition_1_MVAU_hls_0/StreamingDataflowPartition_1_MVAU_hls_0/inst/grp_Matrix_Vector_Activate_Stream_Batch_fu_60/sparsemux_1569_10_8_1_1_U1/tmp_reg_19741[6]_i_360_n_3.  Did not re-place instance top_i/StreamingDataflowPartition_1/inst/StreamingDataflowPartition_1_MVAU_hls_0/StreamingDataflowPartition_1_MVAU_hls_0/inst/grp_Matrix_Vector_Activate_Stream_Batch_fu_60/sparsemux_1569_10_8_1_1_U1/tmp_reg_19741[6]_i_360
INFO: [Physopt 32-662] Processed net top_i/StreamingDataflowPartition_1/inst/StreamingDataflowPartition_1_MVAU_hls_0/StreamingDataflowPartition_1_MVAU_hls_0/inst/grp_Matrix_Vector_Activate_Stream_Batch_fu_60/flow_control_loop_pipe_sequential_init_U/inputBuf_783_fu_4796[7]_i_107_n_3.  Did not re-place instance top_i/StreamingDataflowPartition_1/inst/StreamingDataflowPartition_1_MVAU_hls_0/StreamingDataflowPartition_1_MVAU_hls_0/inst/grp_Matrix_Vector_Activate_Stream_Batch_fu_60/flow_control_loop_pipe_sequential_init_U/inputBuf_783_fu_4796[7]_i_107
INFO: [Physopt 32-662] Processed net top_i/StreamingDataflowPartition_1/inst/StreamingDataflowPartition_1_MVAU_hls_1/StreamingDataflowPartition_1_MVAU_hls_1/inst/grp_Matrix_Vector_Activate_Stream_Batch_fu_60/flow_control_loop_pipe_sequential_init_U/grp_Matrix_Vector_Activate_Stream_Batch_fu_60_ap_start_reg_reg_1[0].  Did not re-place instance top_i/StreamingDataflowPartition_1/inst/StreamingDataflowPartition_1_MVAU_hls_1/StreamingDataflowPartition_1_MVAU_hls_1/inst/grp_Matrix_Vector_Activate_Stream_Batch_fu_60/flow_control_loop_pipe_sequential_init_U/nf_1_fu_1630[31]_i_1
INFO: [Physopt 32-662] Processed net top_i/StreamingDataflowPartition_1/inst/StreamingDataflowPartition_1_MVAU_hls_1/StreamingDataflowPartition_1_MVAU_hls_1/inst/grp_Matrix_Vector_Activate_Stream_Batch_fu_60/nf_1_fu_1630_reg_n_3_[0].  Did not re-place instance top_i/StreamingDataflowPartition_1/inst/StreamingDataflowPartition_1_MVAU_hls_1/StreamingDataflowPartition_1_MVAU_hls_1/inst/grp_Matrix_Vector_Activate_Stream_Batch_fu_60/nf_1_fu_1630_reg[0]
INFO: [Physopt 32-662] Processed net top_i/StreamingDataflowPartition_1/inst/StreamingDataflowPartition_1_MVAU_hls_1/StreamingDataflowPartition_1_MVAU_hls_1/inst/grp_Matrix_Vector_Activate_Stream_Batch_fu_60/nf_1_fu_1630_reg_n_3_[17].  Did not re-place instance top_i/StreamingDataflowPartition_1/inst/StreamingDataflowPartition_1_MVAU_hls_1/StreamingDataflowPartition_1_MVAU_hls_1/inst/grp_Matrix_Vector_Activate_Stream_Batch_fu_60/nf_1_fu_1630_reg[17]
INFO: [Physopt 32-662] Processed net top_i/StreamingDataflowPartition_1/inst/StreamingDataflowPartition_1_MVAU_hls_1/StreamingDataflowPartition_1_MVAU_hls_1/inst/grp_Matrix_Vector_Activate_Stream_Batch_fu_60/nf_1_fu_1630_reg_n_3_[18].  Did not re-place instance top_i/StreamingDataflowPartition_1/inst/StreamingDataflowPartition_1_MVAU_hls_1/StreamingDataflowPartition_1_MVAU_hls_1/inst/grp_Matrix_Vector_Activate_Stream_Batch_fu_60/nf_1_fu_1630_reg[18]
INFO: [Physopt 32-662] Processed net top_i/StreamingDataflowPartition_1/inst/StreamingDataflowPartition_1_MVAU_hls_1/StreamingDataflowPartition_1_MVAU_hls_1/inst/grp_Matrix_Vector_Activate_Stream_Batch_fu_60/nf_1_fu_1630_reg_n_3_[19].  Did not re-place instance top_i/StreamingDataflowPartition_1/inst/StreamingDataflowPartition_1_MVAU_hls_1/StreamingDataflowPartition_1_MVAU_hls_1/inst/grp_Matrix_Vector_Activate_Stream_Batch_fu_60/nf_1_fu_1630_reg[19]
INFO: [Physopt 32-662] Processed net top_i/StreamingDataflowPartition_1/inst/StreamingDataflowPartition_1_MVAU_hls_1/StreamingDataflowPartition_1_MVAU_hls_1/inst/grp_Matrix_Vector_Activate_Stream_Batch_fu_60/nf_1_fu_1630_reg_n_3_[20].  Did not re-place instance top_i/StreamingDataflowPartition_1/inst/StreamingDataflowPartition_1_MVAU_hls_1/StreamingDataflowPartition_1_MVAU_hls_1/inst/grp_Matrix_Vector_Activate_Stream_Batch_fu_60/nf_1_fu_1630_reg[20]
INFO: [Physopt 32-662] Processed net top_i/StreamingDataflowPartition_1/inst/StreamingDataflowPartition_1_MVAU_hls_1/StreamingDataflowPartition_1_MVAU_hls_1/inst/grp_Matrix_Vector_Activate_Stream_Batch_fu_60/flow_control_loop_pipe_sequential_init_U/nf_1_fu_1630_reg[7][0].  Did not re-place instance top_i/StreamingDataflowPartition_1/inst/StreamingDataflowPartition_1_MVAU_hls_1/StreamingDataflowPartition_1_MVAU_hls_1/inst/grp_Matrix_Vector_Activate_Stream_Batch_fu_60/flow_control_loop_pipe_sequential_init_U/nf_2_reg_7055[0]_i_1
INFO: [Physopt 32-662] Processed net top_i/StreamingDataflowPartition_1/inst/StreamingDataflowPartition_1_MVAU_hls_1/StreamingDataflowPartition_1_MVAU_hls_1/inst/grp_Matrix_Vector_Activate_Stream_Batch_fu_60/flow_control_loop_pipe_sequential_init_U/nf_1_fu_1630[31]_i_2_n_3.  Did not re-place instance top_i/StreamingDataflowPartition_1/inst/StreamingDataflowPartition_1_MVAU_hls_1/StreamingDataflowPartition_1_MVAU_hls_1/inst/grp_Matrix_Vector_Activate_Stream_Batch_fu_60/flow_control_loop_pipe_sequential_init_U/nf_1_fu_1630[31]_i_2
INFO: [Physopt 32-662] Processed net top_i/StreamingDataflowPartition_1/inst/StreamingDataflowPartition_1_MVAU_hls_1/StreamingDataflowPartition_1_MVAU_hls_1/inst/grp_Matrix_Vector_Activate_Stream_Batch_fu_60/flow_control_loop_pipe_sequential_init_U/nf_1_fu_1630[31]_i_3_n_3.  Did not re-place instance top_i/StreamingDataflowPartition_1/inst/StreamingDataflowPartition_1_MVAU_hls_1/StreamingDataflowPartition_1_MVAU_hls_1/inst/grp_Matrix_Vector_Activate_Stream_Batch_fu_60/flow_control_loop_pipe_sequential_init_U/nf_1_fu_1630[31]_i_3
INFO: [Physopt 32-662] Processed net top_i/StreamingDataflowPartition_1/inst/StreamingDataflowPartition_1_MVAU_hls_1/StreamingDataflowPartition_1_MVAU_hls_1/inst/grp_Matrix_Vector_Activate_Stream_Batch_fu_60/flow_control_loop_pipe_sequential_init_U/nf_1_fu_1630[31]_i_7_n_3.  Did not re-place instance top_i/StreamingDataflowPartition_1/inst/StreamingDataflowPartition_1_MVAU_hls_1/StreamingDataflowPartition_1_MVAU_hls_1/inst/grp_Matrix_Vector_Activate_Stream_Batch_fu_60/flow_control_loop_pipe_sequential_init_U/nf_1_fu_1630[31]_i_7
INFO: [Physopt 32-662] Processed net top_i/StreamingDataflowPartition_1/inst/StreamingDataflowPartition_1_MVAU_hls_0/StreamingDataflowPartition_1_MVAU_hls_0/inst/grp_Matrix_Vector_Activate_Stream_Batch_fu_60/flow_control_loop_pipe_sequential_init_U/sf_fu_1652_reg[9][0].  Did not re-place instance top_i/StreamingDataflowPartition_1/inst/StreamingDataflowPartition_1_MVAU_hls_0/StreamingDataflowPartition_1_MVAU_hls_0/inst/grp_Matrix_Vector_Activate_Stream_Batch_fu_60/flow_control_loop_pipe_sequential_init_U/tmp_reg_19741[7]_i_372
INFO: [Physopt 32-662] Processed net top_i/StreamingDataflowPartition_1/inst/StreamingDataflowPartition_1_MVAU_hls_0/StreamingDataflowPartition_1_MVAU_hls_0/inst/grp_Matrix_Vector_Activate_Stream_Batch_fu_60/sf_fu_1652_reg_n_3_[6].  Did not re-place instance top_i/StreamingDataflowPartition_1/inst/StreamingDataflowPartition_1_MVAU_hls_0/StreamingDataflowPartition_1_MVAU_hls_0/inst/grp_Matrix_Vector_Activate_Stream_Batch_fu_60/sf_fu_1652_reg[6]
INFO: [Physopt 32-662] Processed net top_i/StreamingDataflowPartition_1/inst/StreamingDataflowPartition_1_MVAU_hls_0/StreamingDataflowPartition_1_MVAU_hls_0/inst/grp_Matrix_Vector_Activate_Stream_Batch_fu_60/flow_control_loop_pipe_sequential_init_U/sf_fu_1652[8]_i_4_n_3.  Did not re-place instance top_i/StreamingDataflowPartition_1/inst/StreamingDataflowPartition_1_MVAU_hls_0/StreamingDataflowPartition_1_MVAU_hls_0/inst/grp_Matrix_Vector_Activate_Stream_Batch_fu_60/flow_control_loop_pipe_sequential_init_U/sf_fu_1652[8]_i_4
INFO: [Physopt 32-662] Processed net top_i/StreamingDataflowPartition_1/inst/StreamingDataflowPartition_1_MVAU_hls_0/StreamingDataflowPartition_1_MVAU_hls_0/inst/grp_Matrix_Vector_Activate_Stream_Batch_fu_60/sparsemux_1569_10_8_1_1_U1/tmp_reg_19741[6]_i_359_n_3.  Did not re-place instance top_i/StreamingDataflowPartition_1/inst/StreamingDataflowPartition_1_MVAU_hls_0/StreamingDataflowPartition_1_MVAU_hls_0/inst/grp_Matrix_Vector_Activate_Stream_Batch_fu_60/sparsemux_1569_10_8_1_1_U1/tmp_reg_19741[6]_i_359
INFO: [Physopt 32-662] Processed net top_i/StreamingDataflowPartition_1/inst/StreamingDataflowPartition_1_MVAU_hls_0/StreamingDataflowPartition_1_MVAU_hls_0/inst/grp_Matrix_Vector_Activate_Stream_Batch_fu_60/flow_control_loop_pipe_sequential_init_U/sf_fu_1652[4]_i_5_n_3.  Did not re-place instance top_i/StreamingDataflowPartition_1/inst/StreamingDataflowPartition_1_MVAU_hls_0/StreamingDataflowPartition_1_MVAU_hls_0/inst/grp_Matrix_Vector_Activate_Stream_Batch_fu_60/flow_control_loop_pipe_sequential_init_U/sf_fu_1652[4]_i_5
INFO: [Physopt 32-662] Processed net top_i/StreamingDataflowPartition_1/inst/StreamingDataflowPartition_1_MVAU_hls_0/StreamingDataflowPartition_1_MVAU_hls_0/inst/grp_Matrix_Vector_Activate_Stream_Batch_fu_60/sparsemux_1569_10_8_1_1_U1/tmp_reg_19741[7]_i_27_n_3.  Did not re-place instance top_i/StreamingDataflowPartition_1/inst/StreamingDataflowPartition_1_MVAU_hls_0/StreamingDataflowPartition_1_MVAU_hls_0/inst/grp_Matrix_Vector_Activate_Stream_Batch_fu_60/sparsemux_1569_10_8_1_1_U1/tmp_reg_19741[7]_i_27
INFO: [Physopt 32-662] Processed net top_i/StreamingDataflowPartition_1/inst/StreamingDataflowPartition_1_MVAU_hls_0/StreamingDataflowPartition_1_MVAU_hls_0/inst/grp_Matrix_Vector_Activate_Stream_Batch_fu_60/sparsemux_1569_10_8_1_1_U1/tmp_reg_19741[7]_i_299_n_3.  Did not re-place instance top_i/StreamingDataflowPartition_1/inst/StreamingDataflowPartition_1_MVAU_hls_0/StreamingDataflowPartition_1_MVAU_hls_0/inst/grp_Matrix_Vector_Activate_Stream_Batch_fu_60/sparsemux_1569_10_8_1_1_U1/tmp_reg_19741[7]_i_299
INFO: [Physopt 32-662] Processed net top_i/StreamingDataflowPartition_1/inst/StreamingDataflowPartition_1_MVAU_hls_0/StreamingDataflowPartition_1_MVAU_hls_0/inst/grp_Matrix_Vector_Activate_Stream_Batch_fu_60/inputBuf_783_fu_4796[0].  Did not re-place instance top_i/StreamingDataflowPartition_1/inst/StreamingDataflowPartition_1_MVAU_hls_0/StreamingDataflowPartition_1_MVAU_hls_0/inst/grp_Matrix_Vector_Activate_Stream_Batch_fu_60/inputBuf_783_fu_4796_reg[0]
INFO: [Physopt 32-662] Processed net top_i/StreamingDataflowPartition_1/inst/StreamingDataflowPartition_1_MVAU_hls_0/StreamingDataflowPartition_1_MVAU_hls_0/inst/grp_Matrix_Vector_Activate_Stream_Batch_fu_60/inputBuf_783_fu_4796[1].  Did not re-place instance top_i/StreamingDataflowPartition_1/inst/StreamingDataflowPartition_1_MVAU_hls_0/StreamingDataflowPartition_1_MVAU_hls_0/inst/grp_Matrix_Vector_Activate_Stream_Batch_fu_60/inputBuf_783_fu_4796_reg[1]
INFO: [Physopt 32-662] Processed net top_i/StreamingDataflowPartition_1/inst/StreamingDataflowPartition_1_MVAU_hls_0/StreamingDataflowPartition_1_MVAU_hls_0/inst/grp_Matrix_Vector_Activate_Stream_Batch_fu_60/inputBuf_783_fu_4796[2].  Did not re-place instance top_i/StreamingDataflowPartition_1/inst/StreamingDataflowPartition_1_MVAU_hls_0/StreamingDataflowPartition_1_MVAU_hls_0/inst/grp_Matrix_Vector_Activate_Stream_Batch_fu_60/inputBuf_783_fu_4796_reg[2]
INFO: [Physopt 32-662] Processed net top_i/StreamingDataflowPartition_1/inst/StreamingDataflowPartition_1_MVAU_hls_0/StreamingDataflowPartition_1_MVAU_hls_0/inst/grp_Matrix_Vector_Activate_Stream_Batch_fu_60/inputBuf_783_fu_4796[6].  Did not re-place instance top_i/StreamingDataflowPartition_1/inst/StreamingDataflowPartition_1_MVAU_hls_0/StreamingDataflowPartition_1_MVAU_hls_0/inst/grp_Matrix_Vector_Activate_Stream_Batch_fu_60/inputBuf_783_fu_4796_reg[6]
INFO: [Physopt 32-662] Processed net top_i/StreamingDataflowPartition_1/inst/StreamingDataflowPartition_1_MVAU_hls_0/StreamingDataflowPartition_1_MVAU_hls_0/inst/grp_Matrix_Vector_Activate_Stream_Batch_fu_60/inputBuf_783_fu_4796[4].  Did not re-place instance top_i/StreamingDataflowPartition_1/inst/StreamingDataflowPartition_1_MVAU_hls_0/StreamingDataflowPartition_1_MVAU_hls_0/inst/grp_Matrix_Vector_Activate_Stream_Batch_fu_60/inputBuf_783_fu_4796_reg[4]
INFO: [Physopt 32-662] Processed net top_i/StreamingDataflowPartition_1/inst/StreamingDataflowPartition_1_MVAU_hls_0/StreamingDataflowPartition_1_MVAU_hls_0/inst/grp_Matrix_Vector_Activate_Stream_Batch_fu_60/flow_control_loop_pipe_sequential_init_U/sf_fu_1652_reg[0]_rep__1_79.  Did not re-place instance top_i/StreamingDataflowPartition_1/inst/StreamingDataflowPartition_1_MVAU_hls_0/StreamingDataflowPartition_1_MVAU_hls_0/inst/grp_Matrix_Vector_Activate_Stream_Batch_fu_60/flow_control_loop_pipe_sequential_init_U/inputBuf_144_fu_2240[7]_i_4
INFO: [Physopt 32-662] Processed net top_i/StreamingDataflowPartition_1/inst/StreamingDataflowPartition_1_MVAU_hls_0/StreamingDataflowPartition_1_MVAU_hls_0/inst/grp_Matrix_Vector_Activate_Stream_Batch_fu_60/sparsemux_1569_10_8_1_1_U1/D[0].  Did not re-place instance top_i/StreamingDataflowPartition_1/inst/StreamingDataflowPartition_1_MVAU_hls_0/StreamingDataflowPartition_1_MVAU_hls_0/inst/grp_Matrix_Vector_Activate_Stream_Batch_fu_60/sparsemux_1569_10_8_1_1_U1/tmp_reg_19741[0]_i_1
INFO: [Physopt 32-662] Processed net top_i/StreamingDataflowPartition_1/inst/StreamingDataflowPartition_1_MVAU_hls_0/StreamingDataflowPartition_1_MVAU_hls_0/inst/grp_Matrix_Vector_Activate_Stream_Batch_fu_60/sparsemux_1569_10_8_1_1_U1/D[3].  Did not re-place instance top_i/StreamingDataflowPartition_1/inst/StreamingDataflowPartition_1_MVAU_hls_0/StreamingDataflowPartition_1_MVAU_hls_0/inst/grp_Matrix_Vector_Activate_Stream_Batch_fu_60/sparsemux_1569_10_8_1_1_U1/tmp_reg_19741[3]_i_1
INFO: [Physopt 32-662] Processed net top_i/StreamingDataflowPartition_1/inst/StreamingDataflowPartition_1_MVAU_hls_0/StreamingDataflowPartition_1_MVAU_hls_0/inst/grp_Matrix_Vector_Activate_Stream_Batch_fu_60/sparsemux_1569_10_8_1_1_U1/tmp_reg_19741[0]_i_15_n_3.  Did not re-place instance top_i/StreamingDataflowPartition_1/inst/StreamingDataflowPartition_1_MVAU_hls_0/StreamingDataflowPartition_1_MVAU_hls_0/inst/grp_Matrix_Vector_Activate_Stream_Batch_fu_60/sparsemux_1569_10_8_1_1_U1/tmp_reg_19741[0]_i_15
INFO: [Physopt 32-662] Processed net top_i/StreamingDataflowPartition_1/inst/StreamingDataflowPartition_1_MVAU_hls_0/StreamingDataflowPartition_1_MVAU_hls_0/inst/grp_Matrix_Vector_Activate_Stream_Batch_fu_60/sparsemux_1569_10_8_1_1_U1/tmp_reg_19741[0]_i_186_n_3.  Did not re-place instance top_i/StreamingDataflowPartition_1/inst/StreamingDataflowPartition_1_MVAU_hls_0/StreamingDataflowPartition_1_MVAU_hls_0/inst/grp_Matrix_Vector_Activate_Stream_Batch_fu_60/sparsemux_1569_10_8_1_1_U1/tmp_reg_19741[0]_i_186
INFO: [Physopt 32-662] Processed net top_i/StreamingDataflowPartition_1/inst/StreamingDataflowPartition_1_MVAU_hls_0/StreamingDataflowPartition_1_MVAU_hls_0/inst/grp_Matrix_Vector_Activate_Stream_Batch_fu_60/sparsemux_1569_10_8_1_1_U1/tmp_reg_19741[3]_i_21_n_3.  Did not re-place instance top_i/StreamingDataflowPartition_1/inst/StreamingDataflowPartition_1_MVAU_hls_0/StreamingDataflowPartition_1_MVAU_hls_0/inst/grp_Matrix_Vector_Activate_Stream_Batch_fu_60/sparsemux_1569_10_8_1_1_U1/tmp_reg_19741[3]_i_21
INFO: [Physopt 32-662] Processed net top_i/StreamingDataflowPartition_1/inst/StreamingDataflowPartition_1_MVAU_hls_0/StreamingDataflowPartition_1_MVAU_hls_0/inst/grp_Matrix_Vector_Activate_Stream_Batch_fu_60/sparsemux_1569_10_8_1_1_U1/tmp_reg_19741[3]_i_22_n_3.  Did not re-place instance top_i/StreamingDataflowPartition_1/inst/StreamingDataflowPartition_1_MVAU_hls_0/StreamingDataflowPartition_1_MVAU_hls_0/inst/grp_Matrix_Vector_Activate_Stream_Batch_fu_60/sparsemux_1569_10_8_1_1_U1/tmp_reg_19741[3]_i_22
INFO: [Physopt 32-662] Processed net top_i/StreamingDataflowPartition_1/inst/StreamingDataflowPartition_1_MVAU_hls_0/StreamingDataflowPartition_1_MVAU_hls_0/inst/grp_Matrix_Vector_Activate_Stream_Batch_fu_60/sparsemux_1569_10_8_1_1_U1/tmp_reg_19741[3]_i_281_n_3.  Did not re-place instance top_i/StreamingDataflowPartition_1/inst/StreamingDataflowPartition_1_MVAU_hls_0/StreamingDataflowPartition_1_MVAU_hls_0/inst/grp_Matrix_Vector_Activate_Stream_Batch_fu_60/sparsemux_1569_10_8_1_1_U1/tmp_reg_19741[3]_i_281
INFO: [Physopt 32-662] Processed net top_i/StreamingDataflowPartition_1/inst/StreamingDataflowPartition_1_MVAU_hls_0/StreamingDataflowPartition_1_MVAU_hls_0/inst/grp_Matrix_Vector_Activate_Stream_Batch_fu_60/sparsemux_1569_10_8_1_1_U1/tmp_reg_19741[3]_i_295_n_3.  Did not re-place instance top_i/StreamingDataflowPartition_1/inst/StreamingDataflowPartition_1_MVAU_hls_0/StreamingDataflowPartition_1_MVAU_hls_0/inst/grp_Matrix_Vector_Activate_Stream_Batch_fu_60/sparsemux_1569_10_8_1_1_U1/tmp_reg_19741[3]_i_295
INFO: [Physopt 32-662] Processed net top_i/StreamingDataflowPartition_1/inst/StreamingDataflowPartition_1_MVAU_hls_0/StreamingDataflowPartition_1_MVAU_hls_0/inst/grp_Matrix_Vector_Activate_Stream_Batch_fu_60/tmp_reg_19741[0].  Did not re-place instance top_i/StreamingDataflowPartition_1/inst/StreamingDataflowPartition_1_MVAU_hls_0/StreamingDataflowPartition_1_MVAU_hls_0/inst/grp_Matrix_Vector_Activate_Stream_Batch_fu_60/tmp_reg_19741_reg[0]
INFO: [Physopt 32-662] Processed net top_i/StreamingDataflowPartition_1/inst/StreamingDataflowPartition_1_MVAU_hls_0/StreamingDataflowPartition_1_MVAU_hls_0/inst/grp_Matrix_Vector_Activate_Stream_Batch_fu_60/tmp_reg_19741[3].  Did not re-place instance top_i/StreamingDataflowPartition_1/inst/StreamingDataflowPartition_1_MVAU_hls_0/StreamingDataflowPartition_1_MVAU_hls_0/inst/grp_Matrix_Vector_Activate_Stream_Batch_fu_60/tmp_reg_19741_reg[3]
INFO: [Physopt 32-662] Processed net top_i/StreamingDataflowPartition_1/inst/StreamingDataflowPartition_1_MVAU_hls_0/StreamingDataflowPartition_1_MVAU_hls_0/inst/grp_Matrix_Vector_Activate_Stream_Batch_fu_60/sparsemux_1569_10_8_1_1_U1/tmp_reg_19741[3]_i_280_n_3.  Did not re-place instance top_i/StreamingDataflowPartition_1/inst/StreamingDataflowPartition_1_MVAU_hls_0/StreamingDataflowPartition_1_MVAU_hls_0/inst/grp_Matrix_Vector_Activate_Stream_Batch_fu_60/sparsemux_1569_10_8_1_1_U1/tmp_reg_19741[3]_i_280
INFO: [Physopt 32-662] Processed net top_i/StreamingDataflowPartition_1/inst/StreamingDataflowPartition_1_MVAU_hls_0/StreamingDataflowPartition_1_MVAU_hls_0/inst/grp_Matrix_Vector_Activate_Stream_Batch_fu_60/sparsemux_1569_10_8_1_1_U1/tmp_reg_19741[6]_i_368_n_3.  Did not re-place instance top_i/StreamingDataflowPartition_1/inst/StreamingDataflowPartition_1_MVAU_hls_0/StreamingDataflowPartition_1_MVAU_hls_0/inst/grp_Matrix_Vector_Activate_Stream_Batch_fu_60/sparsemux_1569_10_8_1_1_U1/tmp_reg_19741[6]_i_368
INFO: [Physopt 32-662] Processed net top_i/StreamingDataflowPartition_1/inst/StreamingDataflowPartition_1_MVAU_hls_0/StreamingDataflowPartition_1_MVAU_hls_0/inst/grp_Matrix_Vector_Activate_Stream_Batch_fu_60/sparsemux_1569_10_8_1_1_U1/tmp_reg_19741[7]_i_297_n_3.  Did not re-place instance top_i/StreamingDataflowPartition_1/inst/StreamingDataflowPartition_1_MVAU_hls_0/StreamingDataflowPartition_1_MVAU_hls_0/inst/grp_Matrix_Vector_Activate_Stream_Batch_fu_60/sparsemux_1569_10_8_1_1_U1/tmp_reg_19741[7]_i_297
INFO: [Physopt 32-662] Processed net top_i/StreamingDataflowPartition_1/inst/StreamingDataflowPartition_1_MVAU_hls_0/StreamingDataflowPartition_1_MVAU_hls_0/inst/grp_Matrix_Vector_Activate_Stream_Batch_fu_60/flow_control_loop_pipe_sequential_init_U/nf_1_fu_4800[31]_i_12_n_3.  Did not re-place instance top_i/StreamingDataflowPartition_1/inst/StreamingDataflowPartition_1_MVAU_hls_0/StreamingDataflowPartition_1_MVAU_hls_0/inst/grp_Matrix_Vector_Activate_Stream_Batch_fu_60/flow_control_loop_pipe_sequential_init_U/nf_1_fu_4800[31]_i_12
INFO: [Physopt 32-662] Processed net top_i/StreamingDataflowPartition_1/inst/StreamingDataflowPartition_1_MVAU_hls_0/StreamingDataflowPartition_1_MVAU_hls_0/inst/grp_Matrix_Vector_Activate_Stream_Batch_fu_60/flow_control_loop_pipe_sequential_init_U/nf_1_fu_4800[31]_i_8_n_3.  Did not re-place instance top_i/StreamingDataflowPartition_1/inst/StreamingDataflowPartition_1_MVAU_hls_0/StreamingDataflowPartition_1_MVAU_hls_0/inst/grp_Matrix_Vector_Activate_Stream_Batch_fu_60/flow_control_loop_pipe_sequential_init_U/nf_1_fu_4800[31]_i_8
INFO: [Physopt 32-662] Processed net top_i/StreamingDataflowPartition_1/inst/StreamingDataflowPartition_1_MVAU_hls_0/StreamingDataflowPartition_1_MVAU_hls_0/inst/grp_Matrix_Vector_Activate_Stream_Batch_fu_60/sparsemux_1569_10_8_1_1_U1/tmp_reg_19741[3]_i_15_n_3.  Did not re-place instance top_i/StreamingDataflowPartition_1/inst/StreamingDataflowPartition_1_MVAU_hls_0/StreamingDataflowPartition_1_MVAU_hls_0/inst/grp_Matrix_Vector_Activate_Stream_Batch_fu_60/sparsemux_1569_10_8_1_1_U1/tmp_reg_19741[3]_i_15
INFO: [Physopt 32-662] Processed net top_i/StreamingDataflowPartition_1/inst/StreamingDataflowPartition_1_MVAU_hls_0/StreamingDataflowPartition_1_MVAU_hls_0/inst/grp_Matrix_Vector_Activate_Stream_Batch_fu_60/sparsemux_1569_10_8_1_1_U1/tmp_reg_19741[3]_i_188_n_3.  Did not re-place instance top_i/StreamingDataflowPartition_1/inst/StreamingDataflowPartition_1_MVAU_hls_0/StreamingDataflowPartition_1_MVAU_hls_0/inst/grp_Matrix_Vector_Activate_Stream_Batch_fu_60/sparsemux_1569_10_8_1_1_U1/tmp_reg_19741[3]_i_188
INFO: [Physopt 32-662] Processed net top_i/StreamingDataflowPartition_1/inst/StreamingDataflowPartition_1_MVAU_hls_0/StreamingDataflowPartition_1_MVAU_hls_0/inst/grp_Matrix_Vector_Activate_Stream_Batch_fu_60/sparsemux_1569_10_8_1_1_U1/tmp_reg_19741[3]_i_296_n_3.  Did not re-place instance top_i/StreamingDataflowPartition_1/inst/StreamingDataflowPartition_1_MVAU_hls_0/StreamingDataflowPartition_1_MVAU_hls_0/inst/grp_Matrix_Vector_Activate_Stream_Batch_fu_60/sparsemux_1569_10_8_1_1_U1/tmp_reg_19741[3]_i_296
INFO: [Physopt 32-662] Processed net top_i/StreamingDataflowPartition_1/inst/StreamingDataflowPartition_1_MVAU_hls_0/StreamingDataflowPartition_1_MVAU_hls_0/inst/grp_Matrix_Vector_Activate_Stream_Batch_fu_60/sparsemux_1569_10_8_1_1_U1/tmp_reg_19741[6]_i_24_n_3.  Did not re-place instance top_i/StreamingDataflowPartition_1/inst/StreamingDataflowPartition_1_MVAU_hls_0/StreamingDataflowPartition_1_MVAU_hls_0/inst/grp_Matrix_Vector_Activate_Stream_Batch_fu_60/sparsemux_1569_10_8_1_1_U1/tmp_reg_19741[6]_i_24
INFO: [Physopt 32-662] Processed net top_i/StreamingDataflowPartition_1/inst/StreamingDataflowPartition_1_MVAU_hls_0/StreamingDataflowPartition_1_MVAU_hls_0/inst/grp_Matrix_Vector_Activate_Stream_Batch_fu_60/sparsemux_1569_10_8_1_1_U1/tmp_reg_19741[6]_i_319_n_3.  Did not re-place instance top_i/StreamingDataflowPartition_1/inst/StreamingDataflowPartition_1_MVAU_hls_0/StreamingDataflowPartition_1_MVAU_hls_0/inst/grp_Matrix_Vector_Activate_Stream_Batch_fu_60/sparsemux_1569_10_8_1_1_U1/tmp_reg_19741[6]_i_319
INFO: [Physopt 32-662] Processed net top_i/StreamingDataflowPartition_1/inst/StreamingDataflowPartition_1_MVAU_hls_0/StreamingDataflowPartition_1_MVAU_hls_0/inst/grp_Matrix_Vector_Activate_Stream_Batch_fu_60/sparsemux_1569_10_8_1_1_U1/tmp_reg_19741[3]_i_186_n_3.  Did not re-place instance top_i/StreamingDataflowPartition_1/inst/StreamingDataflowPartition_1_MVAU_hls_0/StreamingDataflowPartition_1_MVAU_hls_0/inst/grp_Matrix_Vector_Activate_Stream_Batch_fu_60/sparsemux_1569_10_8_1_1_U1/tmp_reg_19741[3]_i_186
INFO: [Physopt 32-662] Processed net top_i/StreamingDataflowPartition_1/inst/StreamingDataflowPartition_1_MVAU_hls_0/StreamingDataflowPartition_1_MVAU_hls_0/inst/grp_Matrix_Vector_Activate_Stream_Batch_fu_60/sparsemux_1569_10_8_1_1_U1/D[2].  Did not re-place instance top_i/StreamingDataflowPartition_1/inst/StreamingDataflowPartition_1_MVAU_hls_0/StreamingDataflowPartition_1_MVAU_hls_0/inst/grp_Matrix_Vector_Activate_Stream_Batch_fu_60/sparsemux_1569_10_8_1_1_U1/tmp_reg_19741[2]_i_1
INFO: [Physopt 32-662] Processed net top_i/StreamingDataflowPartition_1/inst/StreamingDataflowPartition_1_MVAU_hls_0/StreamingDataflowPartition_1_MVAU_hls_0/inst/grp_Matrix_Vector_Activate_Stream_Batch_fu_60/sparsemux_1569_10_8_1_1_U1/tmp_reg_19741[0]_i_185_n_3.  Did not re-place instance top_i/StreamingDataflowPartition_1/inst/StreamingDataflowPartition_1_MVAU_hls_0/StreamingDataflowPartition_1_MVAU_hls_0/inst/grp_Matrix_Vector_Activate_Stream_Batch_fu_60/sparsemux_1569_10_8_1_1_U1/tmp_reg_19741[0]_i_185
INFO: [Physopt 32-662] Processed net top_i/StreamingDataflowPartition_1/inst/StreamingDataflowPartition_1_MVAU_hls_0/StreamingDataflowPartition_1_MVAU_hls_0/inst/grp_Matrix_Vector_Activate_Stream_Batch_fu_60/sparsemux_1569_10_8_1_1_U1/tmp_reg_19741[2]_i_26_n_3.  Did not re-place instance top_i/StreamingDataflowPartition_1/inst/StreamingDataflowPartition_1_MVAU_hls_0/StreamingDataflowPartition_1_MVAU_hls_0/inst/grp_Matrix_Vector_Activate_Stream_Batch_fu_60/sparsemux_1569_10_8_1_1_U1/tmp_reg_19741[2]_i_26
INFO: [Physopt 32-662] Processed net top_i/StreamingDataflowPartition_1/inst/StreamingDataflowPartition_1_MVAU_hls_0/StreamingDataflowPartition_1_MVAU_hls_0/inst/grp_Matrix_Vector_Activate_Stream_Batch_fu_60/sparsemux_1569_10_8_1_1_U1/tmp_reg_19741[5]_i_344_n_3.  Did not re-place instance top_i/StreamingDataflowPartition_1/inst/StreamingDataflowPartition_1_MVAU_hls_0/StreamingDataflowPartition_1_MVAU_hls_0/inst/grp_Matrix_Vector_Activate_Stream_Batch_fu_60/sparsemux_1569_10_8_1_1_U1/tmp_reg_19741[5]_i_344
INFO: [Physopt 32-662] Processed net top_i/StreamingDataflowPartition_1/inst/StreamingDataflowPartition_1_MVAU_hls_0/StreamingDataflowPartition_1_MVAU_hls_0/inst/grp_Matrix_Vector_Activate_Stream_Batch_fu_60/sparsemux_1569_10_8_1_1_U1/tmp_reg_19741[6]_i_318_n_3.  Did not re-place instance top_i/StreamingDataflowPartition_1/inst/StreamingDataflowPartition_1_MVAU_hls_0/StreamingDataflowPartition_1_MVAU_hls_0/inst/grp_Matrix_Vector_Activate_Stream_Batch_fu_60/sparsemux_1569_10_8_1_1_U1/tmp_reg_19741[6]_i_318
INFO: [Physopt 32-662] Processed net top_i/StreamingDataflowPartition_1/inst/StreamingDataflowPartition_1_MVAU_hls_0/StreamingDataflowPartition_1_MVAU_hls_0/inst/grp_Matrix_Vector_Activate_Stream_Batch_fu_60/sparsemux_1569_10_8_1_1_U1/tmp_reg_19741[7]_i_351_n_3.  Did not re-place instance top_i/StreamingDataflowPartition_1/inst/StreamingDataflowPartition_1_MVAU_hls_0/StreamingDataflowPartition_1_MVAU_hls_0/inst/grp_Matrix_Vector_Activate_Stream_Batch_fu_60/sparsemux_1569_10_8_1_1_U1/tmp_reg_19741[7]_i_351
INFO: [Physopt 32-662] Processed net top_i/StreamingDataflowPartition_1/inst/StreamingDataflowPartition_1_MVAU_hls_0/StreamingDataflowPartition_1_MVAU_hls_0/inst/grp_Matrix_Vector_Activate_Stream_Batch_fu_60/tmp_reg_19741[2].  Did not re-place instance top_i/StreamingDataflowPartition_1/inst/StreamingDataflowPartition_1_MVAU_hls_0/StreamingDataflowPartition_1_MVAU_hls_0/inst/grp_Matrix_Vector_Activate_Stream_Batch_fu_60/tmp_reg_19741_reg[2]
INFO: [Physopt 32-662] Processed net top_i/StreamingDataflowPartition_1/inst/StreamingDataflowPartition_1_MVAU_hls_0/StreamingDataflowPartition_1_MVAU_hls_0/inst/grp_Matrix_Vector_Activate_Stream_Batch_fu_60/sparsemux_1569_10_8_1_1_U1/tmp_reg_19741[2]_i_360_n_3.  Did not re-place instance top_i/StreamingDataflowPartition_1/inst/StreamingDataflowPartition_1_MVAU_hls_0/StreamingDataflowPartition_1_MVAU_hls_0/inst/grp_Matrix_Vector_Activate_Stream_Batch_fu_60/sparsemux_1569_10_8_1_1_U1/tmp_reg_19741[2]_i_360
INFO: [Physopt 32-662] Processed net top_i/StreamingDataflowPartition_1/inst/StreamingDataflowPartition_1_MVAU_hls_0/StreamingDataflowPartition_1_MVAU_hls_0/inst/grp_Matrix_Vector_Activate_Stream_Batch_fu_60/sparsemux_1569_10_8_1_1_U1/tmp_reg_19741[7]_i_350_n_3.  Did not re-place instance top_i/StreamingDataflowPartition_1/inst/StreamingDataflowPartition_1_MVAU_hls_0/StreamingDataflowPartition_1_MVAU_hls_0/inst/grp_Matrix_Vector_Activate_Stream_Batch_fu_60/sparsemux_1569_10_8_1_1_U1/tmp_reg_19741[7]_i_350
INFO: [Physopt 32-662] Processed net top_i/StreamingDataflowPartition_1/inst/StreamingDataflowPartition_1_MVAU_hls_0/StreamingDataflowPartition_1_MVAU_hls_0/inst/grp_Matrix_Vector_Activate_Stream_Batch_fu_60/flow_control_loop_pipe_sequential_init_U/inputBuf_783_fu_4796[7]_i_97_n_3.  Did not re-place instance top_i/StreamingDataflowPartition_1/inst/StreamingDataflowPartition_1_MVAU_hls_0/StreamingDataflowPartition_1_MVAU_hls_0/inst/grp_Matrix_Vector_Activate_Stream_Batch_fu_60/flow_control_loop_pipe_sequential_init_U/inputBuf_783_fu_4796[7]_i_97
INFO: [Physopt 32-662] Processed net top_i/StreamingDataflowPartition_1/inst/StreamingDataflowPartition_1_MVAU_hls_0/StreamingDataflowPartition_1_MVAU_hls_0/inst/grp_Matrix_Vector_Activate_Stream_Batch_fu_60/sparsemux_1569_10_8_1_1_U1/tmp_reg_19741[5]_i_343_n_3.  Did not re-place instance top_i/StreamingDataflowPartition_1/inst/StreamingDataflowPartition_1_MVAU_hls_0/StreamingDataflowPartition_1_MVAU_hls_0/inst/grp_Matrix_Vector_Activate_Stream_Batch_fu_60/sparsemux_1569_10_8_1_1_U1/tmp_reg_19741[5]_i_343
INFO: [Physopt 32-662] Processed net top_i/StreamingDataflowPartition_1/inst/StreamingDataflowPartition_1_MVAU_hls_0/StreamingDataflowPartition_1_MVAU_hls_0/inst/grp_Matrix_Vector_Activate_Stream_Batch_fu_60/sparsemux_1569_10_8_1_1_U1/tmp_reg_19741[7]_i_296_n_3.  Did not re-place instance top_i/StreamingDataflowPartition_1/inst/StreamingDataflowPartition_1_MVAU_hls_0/StreamingDataflowPartition_1_MVAU_hls_0/inst/grp_Matrix_Vector_Activate_Stream_Batch_fu_60/sparsemux_1569_10_8_1_1_U1/tmp_reg_19741[7]_i_296
INFO: [Physopt 32-662] Processed net top_i/StreamingDataflowPartition_1/inst/StreamingDataflowPartition_1_MVAU_hls_0/StreamingDataflowPartition_1_MVAU_hls_0/inst/grp_Matrix_Vector_Activate_Stream_Batch_fu_60/flow_control_loop_pipe_sequential_init_U/nf_1_fu_4800_reg[7][0].  Did not re-place instance top_i/StreamingDataflowPartition_1/inst/StreamingDataflowPartition_1_MVAU_hls_0/StreamingDataflowPartition_1_MVAU_hls_0/inst/grp_Matrix_Vector_Activate_Stream_Batch_fu_60/flow_control_loop_pipe_sequential_init_U/nf_2_reg_19725[0]_i_1
INFO: [Physopt 32-662] Processed net top_i/StreamingDataflowPartition_1/inst/StreamingDataflowPartition_1_MVAU_hls_0/StreamingDataflowPartition_1_MVAU_hls_0/inst/grp_Matrix_Vector_Activate_Stream_Batch_fu_60/sparsemux_1569_10_8_1_1_U1/tmp_reg_19741[3]_i_187_n_3.  Did not re-place instance top_i/StreamingDataflowPartition_1/inst/StreamingDataflowPartition_1_MVAU_hls_0/StreamingDataflowPartition_1_MVAU_hls_0/inst/grp_Matrix_Vector_Activate_Stream_Batch_fu_60/sparsemux_1569_10_8_1_1_U1/tmp_reg_19741[3]_i_187
INFO: [Physopt 32-662] Processed net top_i/StreamingDataflowPartition_1/inst/StreamingDataflowPartition_1_MVAU_hls_0/StreamingDataflowPartition_1_MVAU_hls_0/inst/grp_Matrix_Vector_Activate_Stream_Batch_fu_60/flow_control_loop_pipe_sequential_init_U/inputBuf_512_fu_3712[7]_i_3_n_3.  Did not re-place instance top_i/StreamingDataflowPartition_1/inst/StreamingDataflowPartition_1_MVAU_hls_0/StreamingDataflowPartition_1_MVAU_hls_0/inst/grp_Matrix_Vector_Activate_Stream_Batch_fu_60/flow_control_loop_pipe_sequential_init_U/inputBuf_512_fu_3712[7]_i_3
INFO: [Physopt 32-662] Processed net top_i/StreamingDataflowPartition_1/inst/StreamingDataflowPartition_1_MVAU_hls_0/StreamingDataflowPartition_1_MVAU_hls_0/inst/grp_Matrix_Vector_Activate_Stream_Batch_fu_60/flow_control_loop_pipe_sequential_init_U/inputBuf_783_fu_4796[7]_i_11_n_3.  Did not re-place instance top_i/StreamingDataflowPartition_1/inst/StreamingDataflowPartition_1_MVAU_hls_0/StreamingDataflowPartition_1_MVAU_hls_0/inst/grp_Matrix_Vector_Activate_Stream_Batch_fu_60/flow_control_loop_pipe_sequential_init_U/inputBuf_783_fu_4796[7]_i_11
INFO: [Physopt 32-662] Processed net top_i/StreamingDataflowPartition_1/inst/StreamingDataflowPartition_1_MVAU_hls_0/StreamingDataflowPartition_1_MVAU_hls_0/inst/grp_Matrix_Vector_Activate_Stream_Batch_fu_60/flow_control_loop_pipe_sequential_init_U/inputBuf_783_fu_4796[7]_i_57_n_3.  Did not re-place instance top_i/StreamingDataflowPartition_1/inst/StreamingDataflowPartition_1_MVAU_hls_0/StreamingDataflowPartition_1_MVAU_hls_0/inst/grp_Matrix_Vector_Activate_Stream_Batch_fu_60/flow_control_loop_pipe_sequential_init_U/inputBuf_783_fu_4796[7]_i_57_rewire
INFO: [Physopt 32-662] Processed net top_i/StreamingDataflowPartition_1/inst/StreamingDataflowPartition_1_MVAU_hls_0/StreamingDataflowPartition_1_MVAU_hls_0/inst/grp_Matrix_Vector_Activate_Stream_Batch_fu_60/flow_control_loop_pipe_sequential_init_U/inputBuf_783_fu_4796[7]_i_84_n_3.  Did not re-place instance top_i/StreamingDataflowPartition_1/inst/StreamingDataflowPartition_1_MVAU_hls_0/StreamingDataflowPartition_1_MVAU_hls_0/inst/grp_Matrix_Vector_Activate_Stream_Batch_fu_60/flow_control_loop_pipe_sequential_init_U/inputBuf_783_fu_4796[7]_i_84
INFO: [Physopt 32-662] Processed net top_i/StreamingDataflowPartition_1/inst/StreamingDataflowPartition_1_MVAU_hls_0/StreamingDataflowPartition_1_MVAU_hls_0/inst/grp_Matrix_Vector_Activate_Stream_Batch_fu_60/sparsemux_1569_10_8_1_1_U1/tmp_reg_19741[6]_i_367_n_3.  Did not re-place instance top_i/StreamingDataflowPartition_1/inst/StreamingDataflowPartition_1_MVAU_hls_0/StreamingDataflowPartition_1_MVAU_hls_0/inst/grp_Matrix_Vector_Activate_Stream_Batch_fu_60/sparsemux_1569_10_8_1_1_U1/tmp_reg_19741[6]_i_367
INFO: [Physopt 32-662] Processed net top_i/StreamingDataflowPartition_1/inst/StreamingDataflowPartition_1_MVAU_hls_0/StreamingDataflowPartition_1_MVAU_hls_0/inst/grp_Matrix_Vector_Activate_Stream_Batch_fu_60/sparsemux_1569_10_8_1_1_U1/tmp_reg_19741[3]_i_185_n_3.  Did not re-place instance top_i/StreamingDataflowPartition_1/inst/StreamingDataflowPartition_1_MVAU_hls_0/StreamingDataflowPartition_1_MVAU_hls_0/inst/grp_Matrix_Vector_Activate_Stream_Batch_fu_60/sparsemux_1569_10_8_1_1_U1/tmp_reg_19741[3]_i_185
INFO: [Physopt 32-662] Processed net top_i/StreamingDataflowPartition_1/inst/StreamingDataflowPartition_1_MVAU_hls_0/StreamingDataflowPartition_1_MVAU_hls_0/inst/grp_Matrix_Vector_Activate_Stream_Batch_fu_60/sparsemux_1569_10_8_1_1_U1/tmp_reg_19741[6]_i_16_n_3.  Did not re-place instance top_i/StreamingDataflowPartition_1/inst/StreamingDataflowPartition_1_MVAU_hls_0/StreamingDataflowPartition_1_MVAU_hls_0/inst/grp_Matrix_Vector_Activate_Stream_Batch_fu_60/sparsemux_1569_10_8_1_1_U1/tmp_reg_19741[6]_i_16
INFO: [Physopt 32-662] Processed net top_i/StreamingDataflowPartition_1/inst/StreamingDataflowPartition_1_MVAU_hls_0/StreamingDataflowPartition_1_MVAU_hls_0/inst/grp_Matrix_Vector_Activate_Stream_Batch_fu_60/sparsemux_1569_10_8_1_1_U1/tmp_reg_19741[6]_i_185_n_3.  Did not re-place instance top_i/StreamingDataflowPartition_1/inst/StreamingDataflowPartition_1_MVAU_hls_0/StreamingDataflowPartition_1_MVAU_hls_0/inst/grp_Matrix_Vector_Activate_Stream_Batch_fu_60/sparsemux_1569_10_8_1_1_U1/tmp_reg_19741[6]_i_185
INFO: [Physopt 32-662] Processed net top_i/StreamingDataflowPartition_1/inst/StreamingDataflowPartition_1_MVAU_hls_0/StreamingDataflowPartition_1_MVAU_hls_0/inst/grp_Matrix_Vector_Activate_Stream_Batch_fu_60/sparsemux_1569_10_8_1_1_U1/tmp_reg_19741[7]_i_366_n_3.  Did not re-place instance top_i/StreamingDataflowPartition_1/inst/StreamingDataflowPartition_1_MVAU_hls_0/StreamingDataflowPartition_1_MVAU_hls_0/inst/grp_Matrix_Vector_Activate_Stream_Batch_fu_60/sparsemux_1569_10_8_1_1_U1/tmp_reg_19741[7]_i_366
INFO: [Physopt 32-662] Processed net top_i/StreamingDataflowPartition_1/inst/StreamingDataflowPartition_1_MVAU_hls_0/StreamingDataflowPartition_1_MVAU_hls_0/inst/grp_Matrix_Vector_Activate_Stream_Batch_fu_60/flow_control_loop_pipe_sequential_init_U/ap_sig_allocacmp_sf_1[4].  Did not re-place instance top_i/StreamingDataflowPartition_1/inst/StreamingDataflowPartition_1_MVAU_hls_0/StreamingDataflowPartition_1_MVAU_hls_0/inst/grp_Matrix_Vector_Activate_Stream_Batch_fu_60/flow_control_loop_pipe_sequential_init_U/inputBuf_fu_1664[7]_i_8
INFO: [Physopt 32-662] Processed net top_i/StreamingDataflowPartition_1/inst/StreamingDataflowPartition_1_MVAU_hls_0/StreamingDataflowPartition_1_MVAU_hls_0/inst/grp_Matrix_Vector_Activate_Stream_Batch_fu_60/sf_fu_1652_reg_n_3_[4].  Did not re-place instance top_i/StreamingDataflowPartition_1/inst/StreamingDataflowPartition_1_MVAU_hls_0/StreamingDataflowPartition_1_MVAU_hls_0/inst/grp_Matrix_Vector_Activate_Stream_Batch_fu_60/sf_fu_1652_reg[4]
INFO: [Physopt 32-662] Processed net top_i/StreamingDataflowPartition_1/inst/StreamingDataflowPartition_1_MVAU_hls_0/StreamingDataflowPartition_1_MVAU_hls_0/inst/grp_Matrix_Vector_Activate_Stream_Batch_fu_60/flow_control_loop_pipe_sequential_init_U/inputBuf_368_fu_3136[7]_i_2_n_3.  Did not re-place instance top_i/StreamingDataflowPartition_1/inst/StreamingDataflowPartition_1_MVAU_hls_0/StreamingDataflowPartition_1_MVAU_hls_0/inst/grp_Matrix_Vector_Activate_Stream_Batch_fu_60/flow_control_loop_pipe_sequential_init_U/inputBuf_368_fu_3136[7]_i_2
INFO: [Physopt 32-662] Processed net top_i/StreamingDataflowPartition_1/inst/StreamingDataflowPartition_1_MVAU_hls_0/StreamingDataflowPartition_1_MVAU_hls_0/inst/grp_Matrix_Vector_Activate_Stream_Batch_fu_60/flow_control_loop_pipe_sequential_init_U/inputBuf_783_fu_4796[7]_i_14_n_3.  Did not re-place instance top_i/StreamingDataflowPartition_1/inst/StreamingDataflowPartition_1_MVAU_hls_0/StreamingDataflowPartition_1_MVAU_hls_0/inst/grp_Matrix_Vector_Activate_Stream_Batch_fu_60/flow_control_loop_pipe_sequential_init_U/inputBuf_783_fu_4796[7]_i_14
INFO: [Physopt 32-662] Processed net top_i/StreamingDataflowPartition_1/inst/StreamingDataflowPartition_1_MVAU_hls_0/StreamingDataflowPartition_1_MVAU_hls_0/inst/grp_Matrix_Vector_Activate_Stream_Batch_fu_60/sparsemux_1569_10_8_1_1_U1/tmp_reg_19741[6]_i_184_n_3.  Did not re-place instance top_i/StreamingDataflowPartition_1/inst/StreamingDataflowPartition_1_MVAU_hls_0/StreamingDataflowPartition_1_MVAU_hls_0/inst/grp_Matrix_Vector_Activate_Stream_Batch_fu_60/sparsemux_1569_10_8_1_1_U1/tmp_reg_19741[6]_i_184
INFO: [Physopt 32-662] Processed net top_i/StreamingDataflowPartition_1/inst/StreamingDataflowPartition_1_MVAU_hls_0/StreamingDataflowPartition_1_MVAU_hls_0/inst/grp_Matrix_Vector_Activate_Stream_Batch_fu_60/sparsemux_1569_10_8_1_1_U1/tmp_reg_19741[7]_i_363_n_3.  Did not re-place instance top_i/StreamingDataflowPartition_1/inst/StreamingDataflowPartition_1_MVAU_hls_0/StreamingDataflowPartition_1_MVAU_hls_0/inst/grp_Matrix_Vector_Activate_Stream_Batch_fu_60/sparsemux_1569_10_8_1_1_U1/tmp_reg_19741[7]_i_363
INFO: [Physopt 32-662] Processed net top_i/StreamingDataflowPartition_1/inst/StreamingDataflowPartition_1_MVAU_hls_0/StreamingDataflowPartition_1_MVAU_hls_0/inst/grp_Matrix_Vector_Activate_Stream_Batch_fu_60/flow_control_loop_pipe_sequential_init_U/inputBuf_783_fu_4796[7]_i_111_n_3.  Did not re-place instance top_i/StreamingDataflowPartition_1/inst/StreamingDataflowPartition_1_MVAU_hls_0/StreamingDataflowPartition_1_MVAU_hls_0/inst/grp_Matrix_Vector_Activate_Stream_Batch_fu_60/flow_control_loop_pipe_sequential_init_U/inputBuf_783_fu_4796[7]_i_111
INFO: [Physopt 32-662] Processed net top_i/StreamingDataflowPartition_1/inst/StreamingDataflowPartition_1_MVAU_hls_0/StreamingDataflowPartition_1_MVAU_hls_0/inst/grp_Matrix_Vector_Activate_Stream_Batch_fu_60/sparsemux_1569_10_8_1_1_U1/tmp_reg_19741[5]_i_23_n_3.  Did not re-place instance top_i/StreamingDataflowPartition_1/inst/StreamingDataflowPartition_1_MVAU_hls_0/StreamingDataflowPartition_1_MVAU_hls_0/inst/grp_Matrix_Vector_Activate_Stream_Batch_fu_60/sparsemux_1569_10_8_1_1_U1/tmp_reg_19741[5]_i_23
INFO: [Physopt 32-662] Processed net top_i/StreamingDataflowPartition_1/inst/StreamingDataflowPartition_1_MVAU_hls_0/StreamingDataflowPartition_1_MVAU_hls_0/inst/grp_Matrix_Vector_Activate_Stream_Batch_fu_60/sparsemux_1569_10_8_1_1_U1/tmp_reg_19741[5]_i_316_n_3.  Did not re-place instance top_i/StreamingDataflowPartition_1/inst/StreamingDataflowPartition_1_MVAU_hls_0/StreamingDataflowPartition_1_MVAU_hls_0/inst/grp_Matrix_Vector_Activate_Stream_Batch_fu_60/sparsemux_1569_10_8_1_1_U1/tmp_reg_19741[5]_i_316
INFO: [Physopt 32-662] Processed net top_i/StreamingDataflowPartition_1/inst/StreamingDataflowPartition_1_MVAU_hls_0/StreamingDataflowPartition_1_MVAU_hls_0/inst/grp_Matrix_Vector_Activate_Stream_Batch_fu_60/sparsemux_1569_10_8_1_1_U1/tmp_reg_19741[7]_i_362_n_3.  Did not re-place instance top_i/StreamingDataflowPartition_1/inst/StreamingDataflowPartition_1_MVAU_hls_0/StreamingDataflowPartition_1_MVAU_hls_0/inst/grp_Matrix_Vector_Activate_Stream_Batch_fu_60/sparsemux_1569_10_8_1_1_U1/tmp_reg_19741[7]_i_362
INFO: [Physopt 32-662] Processed net top_i/idma0/inst/StreamingDataflowPartition_0_IODMA_hls_0/inst/StreamingDataWidthConverter_Batch_64u_8u_98u_U0/grp_StreamingDataWidthConverter_Batch_64u_8u_98u_Pipeline_VITIS_LOOP_526_1_fu_46/flow_control_loop_pipe_sequential_init_U/ap_loop_init_int_reg_0[0].  Did not re-place instance top_i/idma0/inst/StreamingDataflowPartition_0_IODMA_hls_0/inst/StreamingDataWidthConverter_Batch_64u_8u_98u_U0/grp_StreamingDataWidthConverter_Batch_64u_8u_98u_Pipeline_VITIS_LOOP_526_1_fu_46/flow_control_loop_pipe_sequential_init_U/o_fu_48[31]_i_1
INFO: [Physopt 32-662] Processed net top_i/StreamingDataflowPartition_1/inst/StreamingDataflowPartition_1_MVAU_hls_0/StreamingDataflowPartition_1_MVAU_hls_0/inst/grp_Matrix_Vector_Activate_Stream_Batch_fu_60/sparsemux_1569_10_8_1_1_U1/D[4].  Did not re-place instance top_i/StreamingDataflowPartition_1/inst/StreamingDataflowPartition_1_MVAU_hls_0/StreamingDataflowPartition_1_MVAU_hls_0/inst/grp_Matrix_Vector_Activate_Stream_Batch_fu_60/sparsemux_1569_10_8_1_1_U1/tmp_reg_19741[4]_i_1
INFO: [Physopt 32-662] Processed net top_i/StreamingDataflowPartition_1/inst/StreamingDataflowPartition_1_MVAU_hls_0/StreamingDataflowPartition_1_MVAU_hls_0/inst/grp_Matrix_Vector_Activate_Stream_Batch_fu_60/sparsemux_1569_10_8_1_1_U1/tmp_reg_19741[4]_i_20_n_3.  Did not re-place instance top_i/StreamingDataflowPartition_1/inst/StreamingDataflowPartition_1_MVAU_hls_0/StreamingDataflowPartition_1_MVAU_hls_0/inst/grp_Matrix_Vector_Activate_Stream_Batch_fu_60/sparsemux_1569_10_8_1_1_U1/tmp_reg_19741[4]_i_20
INFO: [Physopt 32-662] Processed net top_i/StreamingDataflowPartition_1/inst/StreamingDataflowPartition_1_MVAU_hls_0/StreamingDataflowPartition_1_MVAU_hls_0/inst/grp_Matrix_Vector_Activate_Stream_Batch_fu_60/sparsemux_1569_10_8_1_1_U1/tmp_reg_19741[4]_i_254_n_3.  Did not re-place instance top_i/StreamingDataflowPartition_1/inst/StreamingDataflowPartition_1_MVAU_hls_0/StreamingDataflowPartition_1_MVAU_hls_0/inst/grp_Matrix_Vector_Activate_Stream_Batch_fu_60/sparsemux_1569_10_8_1_1_U1/tmp_reg_19741[4]_i_254
INFO: [Physopt 32-662] Processed net top_i/StreamingDataflowPartition_1/inst/StreamingDataflowPartition_1_MVAU_hls_0/StreamingDataflowPartition_1_MVAU_hls_0/inst/grp_Matrix_Vector_Activate_Stream_Batch_fu_60/sparsemux_1569_10_8_1_1_U1/tmp_reg_19741[6]_i_348_n_3.  Did not re-place instance top_i/StreamingDataflowPartition_1/inst/StreamingDataflowPartition_1_MVAU_hls_0/StreamingDataflowPartition_1_MVAU_hls_0/inst/grp_Matrix_Vector_Activate_Stream_Batch_fu_60/sparsemux_1569_10_8_1_1_U1/tmp_reg_19741[6]_i_348
INFO: [Physopt 32-662] Processed net top_i/idma0/inst/StreamingDataflowPartition_0_IODMA_hls_0/inst/StreamingDataWidthConverter_Batch_64u_8u_98u_U0/grp_StreamingDataWidthConverter_Batch_64u_8u_98u_Pipeline_VITIS_LOOP_526_1_fu_46/flow_control_loop_pipe_sequential_init_U/S[1].  Did not re-place instance top_i/idma0/inst/StreamingDataflowPartition_0_IODMA_hls_0/inst/StreamingDataWidthConverter_Batch_64u_8u_98u_U0/grp_StreamingDataWidthConverter_Batch_64u_8u_98u_Pipeline_VITIS_LOOP_526_1_fu_46/flow_control_loop_pipe_sequential_init_U/icmp_ln526_fu_106_p2_carry_i_3
INFO: [Physopt 32-662] Processed net top_i/StreamingDataflowPartition_1/inst/StreamingDataflowPartition_1_MVAU_hls_0/StreamingDataflowPartition_1_MVAU_hls_0/inst/grp_Matrix_Vector_Activate_Stream_Batch_fu_60/tmp_reg_19741[4].  Did not re-place instance top_i/StreamingDataflowPartition_1/inst/StreamingDataflowPartition_1_MVAU_hls_0/StreamingDataflowPartition_1_MVAU_hls_0/inst/grp_Matrix_Vector_Activate_Stream_Batch_fu_60/tmp_reg_19741_reg[4]
INFO: [Physopt 32-662] Processed net top_i/StreamingDataflowPartition_1/inst/StreamingDataflowPartition_1_MVAU_hls_0/StreamingDataflowPartition_1_MVAU_hls_0/inst/grp_Matrix_Vector_Activate_Stream_Batch_fu_60/sf_fu_1652_reg_n_3_[3].  Did not re-place instance top_i/StreamingDataflowPartition_1/inst/StreamingDataflowPartition_1_MVAU_hls_0/StreamingDataflowPartition_1_MVAU_hls_0/inst/grp_Matrix_Vector_Activate_Stream_Batch_fu_60/sf_fu_1652_reg[3]
INFO: [Physopt 32-662] Processed net top_i/StreamingDataflowPartition_1/inst/StreamingDataflowPartition_1_MVAU_hls_0/StreamingDataflowPartition_1_MVAU_hls_0/inst/grp_Matrix_Vector_Activate_Stream_Batch_fu_60/sparsemux_1569_10_8_1_1_U1/tmp_reg_19741[2]_i_359_n_3.  Did not re-place instance top_i/StreamingDataflowPartition_1/inst/StreamingDataflowPartition_1_MVAU_hls_0/StreamingDataflowPartition_1_MVAU_hls_0/inst/grp_Matrix_Vector_Activate_Stream_Batch_fu_60/sparsemux_1569_10_8_1_1_U1/tmp_reg_19741[2]_i_359
INFO: [Physopt 32-662] Processed net top_i/StreamingDataflowPartition_1/inst/StreamingDataflowPartition_1_MVAU_hls_0/StreamingDataflowPartition_1_MVAU_hls_0/inst/grp_Matrix_Vector_Activate_Stream_Batch_fu_60/sparsemux_1569_10_8_1_1_U1/tmp_reg_19741[5]_i_315_n_3.  Did not re-place instance top_i/StreamingDataflowPartition_1/inst/StreamingDataflowPartition_1_MVAU_hls_0/StreamingDataflowPartition_1_MVAU_hls_0/inst/grp_Matrix_Vector_Activate_Stream_Batch_fu_60/sparsemux_1569_10_8_1_1_U1/tmp_reg_19741[5]_i_315
INFO: [Physopt 32-662] Processed net top_i/StreamingDataflowPartition_1/inst/StreamingDataflowPartition_1_MVAU_hls_0/StreamingDataflowPartition_1_MVAU_hls_0/inst/grp_Matrix_Vector_Activate_Stream_Batch_fu_60/sparsemux_1569_10_8_1_1_U1/tmp_reg_19741[3]_i_294_n_3.  Did not re-place instance top_i/StreamingDataflowPartition_1/inst/StreamingDataflowPartition_1_MVAU_hls_0/StreamingDataflowPartition_1_MVAU_hls_0/inst/grp_Matrix_Vector_Activate_Stream_Batch_fu_60/sparsemux_1569_10_8_1_1_U1/tmp_reg_19741[3]_i_294
INFO: [Physopt 32-662] Processed net top_i/StreamingDataflowPartition_1/inst/StreamingDataflowPartition_1_MVAU_hls_0/StreamingDataflowPartition_1_MVAU_hls_0/inst/grp_Matrix_Vector_Activate_Stream_Batch_fu_60/sparsemux_1569_10_8_1_1_U1/tmp_reg_19741[5]_i_26_n_3.  Did not re-place instance top_i/StreamingDataflowPartition_1/inst/StreamingDataflowPartition_1_MVAU_hls_0/StreamingDataflowPartition_1_MVAU_hls_0/inst/grp_Matrix_Vector_Activate_Stream_Batch_fu_60/sparsemux_1569_10_8_1_1_U1/tmp_reg_19741[5]_i_26
INFO: [Physopt 32-662] Processed net top_i/StreamingDataflowPartition_1/inst/StreamingDataflowPartition_1_MVAU_hls_0/StreamingDataflowPartition_1_MVAU_hls_0/inst/grp_Matrix_Vector_Activate_Stream_Batch_fu_60/sparsemux_1569_10_8_1_1_U1/tmp_reg_19741[5]_i_353_n_3.  Did not re-place instance top_i/StreamingDataflowPartition_1/inst/StreamingDataflowPartition_1_MVAU_hls_0/StreamingDataflowPartition_1_MVAU_hls_0/inst/grp_Matrix_Vector_Activate_Stream_Batch_fu_60/sparsemux_1569_10_8_1_1_U1/tmp_reg_19741[5]_i_353
INFO: [Physopt 32-662] Processed net top_i/StreamingDataflowPartition_1/inst/StreamingDataflowPartition_1_MVAU_hls_0/StreamingDataflowPartition_1_MVAU_hls_0/inst/grp_Matrix_Vector_Activate_Stream_Batch_fu_60/sparsemux_1569_10_8_1_1_U1/tmp_reg_19741[6]_i_347_n_3.  Did not re-place instance top_i/StreamingDataflowPartition_1/inst/StreamingDataflowPartition_1_MVAU_hls_0/StreamingDataflowPartition_1_MVAU_hls_0/inst/grp_Matrix_Vector_Activate_Stream_Batch_fu_60/sparsemux_1569_10_8_1_1_U1/tmp_reg_19741[6]_i_347
INFO: [Physopt 32-662] Processed net top_i/StreamingDataflowPartition_1/inst/StreamingDataflowPartition_1_MVAU_hls_0/StreamingDataflowPartition_1_MVAU_hls_0/inst/grp_Matrix_Vector_Activate_Stream_Batch_fu_60/flow_control_loop_pipe_sequential_init_U/inputBuf_783_fu_4796[7]_i_20_n_3.  Did not re-place instance top_i/StreamingDataflowPartition_1/inst/StreamingDataflowPartition_1_MVAU_hls_0/StreamingDataflowPartition_1_MVAU_hls_0/inst/grp_Matrix_Vector_Activate_Stream_Batch_fu_60/flow_control_loop_pipe_sequential_init_U/inputBuf_783_fu_4796[7]_i_20
INFO: [Physopt 32-662] Processed net top_i/StreamingDataflowPartition_1/inst/StreamingDataflowPartition_1_MVAU_hls_0/StreamingDataflowPartition_1_MVAU_hls_0/inst/grp_Matrix_Vector_Activate_Stream_Batch_fu_60/flow_control_loop_pipe_sequential_init_U/inputBuf_783_fu_4796[7]_i_82_n_3.  Did not re-place instance top_i/StreamingDataflowPartition_1/inst/StreamingDataflowPartition_1_MVAU_hls_0/StreamingDataflowPartition_1_MVAU_hls_0/inst/grp_Matrix_Vector_Activate_Stream_Batch_fu_60/flow_control_loop_pipe_sequential_init_U/inputBuf_783_fu_4796[7]_i_82_rewire
INFO: [Physopt 32-662] Processed net top_i/StreamingDataflowPartition_1/inst/StreamingDataflowPartition_1_MVAU_hls_0/StreamingDataflowPartition_1_MVAU_hls_0/inst/grp_Matrix_Vector_Activate_Stream_Batch_fu_60/sparsemux_1569_10_8_1_1_U1/tmp_reg_19741[6]_i_344_n_3.  Did not re-place instance top_i/StreamingDataflowPartition_1/inst/StreamingDataflowPartition_1_MVAU_hls_0/StreamingDataflowPartition_1_MVAU_hls_0/inst/grp_Matrix_Vector_Activate_Stream_Batch_fu_60/sparsemux_1569_10_8_1_1_U1/tmp_reg_19741[6]_i_344
INFO: [Physopt 32-662] Processed net top_i/StreamingDataflowPartition_1/inst/StreamingDataflowPartition_1_MVAU_hls_0/StreamingDataflowPartition_1_MVAU_hls_0/inst/grp_Matrix_Vector_Activate_Stream_Batch_fu_60/sparsemux_1569_10_8_1_1_U1/tmp_reg_19741[3]_i_293_n_3.  Did not re-place instance top_i/StreamingDataflowPartition_1/inst/StreamingDataflowPartition_1_MVAU_hls_0/StreamingDataflowPartition_1_MVAU_hls_0/inst/grp_Matrix_Vector_Activate_Stream_Batch_fu_60/sparsemux_1569_10_8_1_1_U1/tmp_reg_19741[3]_i_293
INFO: [Physopt 32-662] Processed net top_i/StreamingDataflowPartition_1/inst/StreamingDataflowPartition_1_MVAU_hls_0/StreamingDataflowPartition_1_MVAU_hls_0/inst/grp_Matrix_Vector_Activate_Stream_Batch_fu_60/sparsemux_1569_10_8_1_1_U1/tmp_reg_19741[4]_i_22_n_3.  Did not re-place instance top_i/StreamingDataflowPartition_1/inst/StreamingDataflowPartition_1_MVAU_hls_0/StreamingDataflowPartition_1_MVAU_hls_0/inst/grp_Matrix_Vector_Activate_Stream_Batch_fu_60/sparsemux_1569_10_8_1_1_U1/tmp_reg_19741[4]_i_22
INFO: [Physopt 32-662] Processed net top_i/StreamingDataflowPartition_1/inst/StreamingDataflowPartition_1_MVAU_hls_0/StreamingDataflowPartition_1_MVAU_hls_0/inst/grp_Matrix_Vector_Activate_Stream_Batch_fu_60/sparsemux_1569_10_8_1_1_U1/tmp_reg_19741[4]_i_280_n_3.  Did not re-place instance top_i/StreamingDataflowPartition_1/inst/StreamingDataflowPartition_1_MVAU_hls_0/StreamingDataflowPartition_1_MVAU_hls_0/inst/grp_Matrix_Vector_Activate_Stream_Batch_fu_60/sparsemux_1569_10_8_1_1_U1/tmp_reg_19741[4]_i_280
INFO: [Physopt 32-662] Processed net top_i/StreamingDataflowPartition_1/inst/StreamingDataflowPartition_1_MVAU_hls_0/StreamingDataflowPartition_1_MVAU_hls_0/inst/grp_Matrix_Vector_Activate_Stream_Batch_fu_60/sparsemux_1569_10_8_1_1_U1/tmp_reg_19741[5]_i_339_n_3.  Did not re-place instance top_i/StreamingDataflowPartition_1/inst/StreamingDataflowPartition_1_MVAU_hls_0/StreamingDataflowPartition_1_MVAU_hls_0/inst/grp_Matrix_Vector_Activate_Stream_Batch_fu_60/sparsemux_1569_10_8_1_1_U1/tmp_reg_19741[5]_i_339
INFO: [Physopt 32-662] Processed net top_i/StreamingDataflowPartition_1/inst/StreamingDataflowPartition_1_MVAU_hls_0/StreamingDataflowPartition_1_MVAU_hls_0/inst/grp_Matrix_Vector_Activate_Stream_Batch_fu_60/sparsemux_1569_10_8_1_1_U1/tmp_reg_19741[5]_i_340_n_3.  Did not re-place instance top_i/StreamingDataflowPartition_1/inst/StreamingDataflowPartition_1_MVAU_hls_0/StreamingDataflowPartition_1_MVAU_hls_0/inst/grp_Matrix_Vector_Activate_Stream_Batch_fu_60/sparsemux_1569_10_8_1_1_U1/tmp_reg_19741[5]_i_340
INFO: [Physopt 32-662] Processed net top_i/StreamingDataflowPartition_1/inst/StreamingDataflowPartition_1_MVAU_hls_0/StreamingDataflowPartition_1_MVAU_hls_0/inst/grp_Matrix_Vector_Activate_Stream_Batch_fu_60/flow_control_loop_pipe_sequential_init_U/inputBuf_783_fu_4796[7]_i_10_n_3.  Did not re-place instance top_i/StreamingDataflowPartition_1/inst/StreamingDataflowPartition_1_MVAU_hls_0/StreamingDataflowPartition_1_MVAU_hls_0/inst/grp_Matrix_Vector_Activate_Stream_Batch_fu_60/flow_control_loop_pipe_sequential_init_U/inputBuf_783_fu_4796[7]_i_10
INFO: [Physopt 32-662] Processed net top_i/StreamingDataflowPartition_1/inst/StreamingDataflowPartition_1_MVAU_hls_0/StreamingDataflowPartition_1_MVAU_hls_0/inst/grp_Matrix_Vector_Activate_Stream_Batch_fu_60/flow_control_loop_pipe_sequential_init_U/inputBuf_783_fu_4796[7]_i_52_n_3.  Did not re-place instance top_i/StreamingDataflowPartition_1/inst/StreamingDataflowPartition_1_MVAU_hls_0/StreamingDataflowPartition_1_MVAU_hls_0/inst/grp_Matrix_Vector_Activate_Stream_Batch_fu_60/flow_control_loop_pipe_sequential_init_U/inputBuf_783_fu_4796[7]_i_52
INFO: [Physopt 32-662] Processed net top_i/StreamingDataflowPartition_1/inst/StreamingDataflowPartition_1_MVAU_hls_0/StreamingDataflowPartition_1_MVAU_hls_0/inst/grp_Matrix_Vector_Activate_Stream_Batch_fu_60/sparsemux_1569_10_8_1_1_U1/tmp_reg_19741[2]_i_356_n_3.  Did not re-place instance top_i/StreamingDataflowPartition_1/inst/StreamingDataflowPartition_1_MVAU_hls_0/StreamingDataflowPartition_1_MVAU_hls_0/inst/grp_Matrix_Vector_Activate_Stream_Batch_fu_60/sparsemux_1569_10_8_1_1_U1/tmp_reg_19741[2]_i_356
INFO: [Physopt 32-662] Processed net top_i/StreamingDataflowPartition_1/inst/StreamingDataflowPartition_1_MVAU_hls_0/StreamingDataflowPartition_1_MVAU_hls_0/inst/grp_Matrix_Vector_Activate_Stream_Batch_fu_60/sparsemux_1569_10_8_1_1_U1/tmp_reg_19741[6]_i_343_n_3.  Did not re-place instance top_i/StreamingDataflowPartition_1/inst/StreamingDataflowPartition_1_MVAU_hls_0/StreamingDataflowPartition_1_MVAU_hls_0/inst/grp_Matrix_Vector_Activate_Stream_Batch_fu_60/sparsemux_1569_10_8_1_1_U1/tmp_reg_19741[6]_i_343
INFO: [Physopt 32-662] Processed net top_i/StreamingDataflowPartition_1/inst/StreamingDataflowPartition_1_MVAU_hls_0/StreamingDataflowPartition_1_MVAU_hls_0/inst/grp_Matrix_Vector_Activate_Stream_Batch_fu_60/flow_control_loop_pipe_sequential_init_U/sf_fu_1652_reg[0]_rep__1_0.  Did not re-place instance top_i/StreamingDataflowPartition_1/inst/StreamingDataflowPartition_1_MVAU_hls_0/StreamingDataflowPartition_1_MVAU_hls_0/inst/grp_Matrix_Vector_Activate_Stream_Batch_fu_60/flow_control_loop_pipe_sequential_init_U/inputBuf_237_fu_2612[7]_i_2
INFO: [Physopt 32-662] Processed net top_i/StreamingDataflowPartition_1/inst/StreamingDataflowPartition_1_MVAU_hls_0/StreamingDataflowPartition_1_MVAU_hls_0/inst/grp_Matrix_Vector_Activate_Stream_Batch_fu_60/sparsemux_1569_10_8_1_1_U1/tmp_reg_19741[5]_i_354_n_3.  Did not re-place instance top_i/StreamingDataflowPartition_1/inst/StreamingDataflowPartition_1_MVAU_hls_0/StreamingDataflowPartition_1_MVAU_hls_0/inst/grp_Matrix_Vector_Activate_Stream_Batch_fu_60/sparsemux_1569_10_8_1_1_U1/tmp_reg_19741[5]_i_354
INFO: [Physopt 32-661] Optimized 33 nets.  Re-placed 33 instances.
INFO: [Physopt 32-775] End 1 Pass. Optimized 33 nets or cells. Created 0 new cell, deleted 0 existing cell and moved 33 existing cells
INFO: [Physopt 32-619] Estimated Timing Summary | WNS=-1.810 | TNS=-7144.003 |
Netlist sorting complete. Time (s): cpu = 00:00:00.13 ; elapsed = 00:00:00.01 . Memory (MB): peak = 3620.988 ; gain = 0.000 ; free physical = 3128 ; free virtual = 11977
Phase 29 Single Cell Placement Optimization | Checksum: 1c9cc3faa

Time (s): cpu = 00:41:30 ; elapsed = 00:09:53 . Memory (MB): peak = 3620.988 ; gain = 0.000 ; free physical = 3113 ; free virtual = 11991

Phase 30 Multi Cell Placement Optimization
INFO: [Physopt 32-660] Identified 100 candidate nets for placement-based optimization.
INFO: [Physopt 32-662] Processed net top_i/StreamingDataflowPartition_1/inst/StreamingDataflowPartition_1_MVAU_hls_0/StreamingDataflowPartition_1_MVAU_hls_0/inst/grp_Matrix_Vector_Activate_Stream_Batch_fu_60/flow_control_loop_pipe_sequential_init_U/sf_fu_1652_reg[0]_rep__1_3.  Did not re-place instance top_i/StreamingDataflowPartition_1/inst/StreamingDataflowPartition_1_MVAU_hls_0/StreamingDataflowPartition_1_MVAU_hls_0/inst/grp_Matrix_Vector_Activate_Stream_Batch_fu_60/flow_control_loop_pipe_sequential_init_U/sf_fu_1652[4]_i_2/O
INFO: [Physopt 32-662] Processed net top_i/StreamingDataflowPartition_1/inst/StreamingDataflowPartition_1_MVAU_hls_0/StreamingDataflowPartition_1_MVAU_hls_0/inst/grp_Matrix_Vector_Activate_Stream_Batch_fu_60/flow_control_loop_pipe_sequential_init_U/nf_1_fu_4800.  Did not re-place instance top_i/StreamingDataflowPartition_1/inst/StreamingDataflowPartition_1_MVAU_hls_0/StreamingDataflowPartition_1_MVAU_hls_0/inst/grp_Matrix_Vector_Activate_Stream_Batch_fu_60/flow_control_loop_pipe_sequential_init_U/sf_fu_1652[31]_i_1/O
INFO: [Physopt 32-662] Processed net top_i/StreamingDataflowPartition_1/inst/StreamingDataflowPartition_1_MVAU_hls_0/StreamingDataflowPartition_1_MVAU_hls_0/inst/grp_Matrix_Vector_Activate_Stream_Batch_fu_60/flow_control_loop_pipe_sequential_init_U/sf_fu_1652[31]_i_4_n_3.  Did not re-place instance top_i/StreamingDataflowPartition_1/inst/StreamingDataflowPartition_1_MVAU_hls_0/StreamingDataflowPartition_1_MVAU_hls_0/inst/grp_Matrix_Vector_Activate_Stream_Batch_fu_60/flow_control_loop_pipe_sequential_init_U/sf_fu_1652[31]_i_4/O
INFO: [Physopt 32-662] Processed net top_i/StreamingDataflowPartition_1/inst/StreamingDataflowPartition_1_MVAU_hls_0/StreamingDataflowPartition_1_MVAU_hls_0/inst/grp_Matrix_Vector_Activate_Stream_Batch_fu_60/nf_1_fu_4800_reg_n_3_[16].  Did not re-place instance top_i/StreamingDataflowPartition_1/inst/StreamingDataflowPartition_1_MVAU_hls_0/StreamingDataflowPartition_1_MVAU_hls_0/inst/grp_Matrix_Vector_Activate_Stream_Batch_fu_60/nf_1_fu_4800_reg[16]/Q
INFO: [Physopt 32-662] Processed net top_i/StreamingDataflowPartition_1/inst/StreamingDataflowPartition_1_MVAU_hls_0/StreamingDataflowPartition_1_MVAU_hls_0/inst/grp_Matrix_Vector_Activate_Stream_Batch_fu_60/flow_control_loop_pipe_sequential_init_U/sf_fu_1652[31]_i_11_n_3.  Did not re-place instance top_i/StreamingDataflowPartition_1/inst/StreamingDataflowPartition_1_MVAU_hls_0/StreamingDataflowPartition_1_MVAU_hls_0/inst/grp_Matrix_Vector_Activate_Stream_Batch_fu_60/flow_control_loop_pipe_sequential_init_U/sf_fu_1652[31]_i_11/O
INFO: [Physopt 32-662] Processed net top_i/StreamingDataflowPartition_1/inst/StreamingDataflowPartition_1_MVAU_hls_0/StreamingDataflowPartition_1_MVAU_hls_0/inst/grp_Matrix_Vector_Activate_Stream_Batch_fu_60/nf_1_fu_4800_reg_n_3_[1].  Did not re-place instance top_i/StreamingDataflowPartition_1/inst/StreamingDataflowPartition_1_MVAU_hls_0/StreamingDataflowPartition_1_MVAU_hls_0/inst/grp_Matrix_Vector_Activate_Stream_Batch_fu_60/nf_1_fu_4800_reg[1]/Q
INFO: [Physopt 32-662] Processed net top_i/StreamingDataflowPartition_1/inst/StreamingDataflowPartition_1_MVAU_hls_0/StreamingDataflowPartition_1_MVAU_hls_0/inst/grp_Matrix_Vector_Activate_Stream_Batch_fu_60/nf_1_fu_4800_reg_n_3_[5].  Did not re-place instance top_i/StreamingDataflowPartition_1/inst/StreamingDataflowPartition_1_MVAU_hls_0/StreamingDataflowPartition_1_MVAU_hls_0/inst/grp_Matrix_Vector_Activate_Stream_Batch_fu_60/nf_1_fu_4800_reg[5]/Q
INFO: [Physopt 32-662] Processed net top_i/StreamingDataflowPartition_1/inst/StreamingDataflowPartition_1_MVAU_hls_0/StreamingDataflowPartition_1_MVAU_hls_0/inst/grp_Matrix_Vector_Activate_Stream_Batch_fu_60/nf_1_fu_4800_reg_n_3_[6].  Did not re-place instance top_i/StreamingDataflowPartition_1/inst/StreamingDataflowPartition_1_MVAU_hls_0/StreamingDataflowPartition_1_MVAU_hls_0/inst/grp_Matrix_Vector_Activate_Stream_Batch_fu_60/nf_1_fu_4800_reg[6]/Q
INFO: [Physopt 32-662] Processed net top_i/StreamingDataflowPartition_1/inst/StreamingDataflowPartition_1_MVAU_hls_0/StreamingDataflowPartition_1_MVAU_hls_0/inst/grp_Matrix_Vector_Activate_Stream_Batch_fu_60/nf_1_fu_4800_reg_n_3_[8].  Did not re-place instance top_i/StreamingDataflowPartition_1/inst/StreamingDataflowPartition_1_MVAU_hls_0/StreamingDataflowPartition_1_MVAU_hls_0/inst/grp_Matrix_Vector_Activate_Stream_Batch_fu_60/nf_1_fu_4800_reg[8]/Q
INFO: [Physopt 32-662] Processed net top_i/StreamingDataflowPartition_1/inst/StreamingDataflowPartition_1_MVAU_hls_0/StreamingDataflowPartition_1_MVAU_hls_0/inst/grp_Matrix_Vector_Activate_Stream_Batch_fu_60/nf_1_fu_4800_reg_n_3_[9].  Did not re-place instance top_i/StreamingDataflowPartition_1/inst/StreamingDataflowPartition_1_MVAU_hls_0/StreamingDataflowPartition_1_MVAU_hls_0/inst/grp_Matrix_Vector_Activate_Stream_Batch_fu_60/nf_1_fu_4800_reg[9]/Q
INFO: [Physopt 32-662] Processed net top_i/StreamingDataflowPartition_1/inst/StreamingDataflowPartition_1_MVAU_hls_0/StreamingDataflowPartition_1_MVAU_hls_0/inst/grp_Matrix_Vector_Activate_Stream_Batch_fu_60/nf_1_fu_4800_reg_n_3_[17].  Did not re-place instance top_i/StreamingDataflowPartition_1/inst/StreamingDataflowPartition_1_MVAU_hls_0/StreamingDataflowPartition_1_MVAU_hls_0/inst/grp_Matrix_Vector_Activate_Stream_Batch_fu_60/nf_1_fu_4800_reg[17]/Q
INFO: [Physopt 32-662] Processed net top_i/StreamingDataflowPartition_1/inst/StreamingDataflowPartition_1_MVAU_hls_0/StreamingDataflowPartition_1_MVAU_hls_0/inst/grp_Matrix_Vector_Activate_Stream_Batch_fu_60/nf_1_fu_4800_reg_n_3_[19].  Did not re-place instance top_i/StreamingDataflowPartition_1/inst/StreamingDataflowPartition_1_MVAU_hls_0/StreamingDataflowPartition_1_MVAU_hls_0/inst/grp_Matrix_Vector_Activate_Stream_Batch_fu_60/nf_1_fu_4800_reg[19]/Q
INFO: [Physopt 32-662] Processed net top_i/StreamingDataflowPartition_1/inst/StreamingDataflowPartition_1_MVAU_hls_0/StreamingDataflowPartition_1_MVAU_hls_0/inst/grp_Matrix_Vector_Activate_Stream_Batch_fu_60/nf_1_fu_4800_reg_n_3_[20].  Did not re-place instance top_i/StreamingDataflowPartition_1/inst/StreamingDataflowPartition_1_MVAU_hls_0/StreamingDataflowPartition_1_MVAU_hls_0/inst/grp_Matrix_Vector_Activate_Stream_Batch_fu_60/nf_1_fu_4800_reg[20]/Q
INFO: [Physopt 32-662] Processed net top_i/StreamingDataflowPartition_1/inst/StreamingDataflowPartition_1_MVAU_hls_0/StreamingDataflowPartition_1_MVAU_hls_0/inst/grp_Matrix_Vector_Activate_Stream_Batch_fu_60/flow_control_loop_pipe_sequential_init_U/icmp_ln290_fu_14505_p2.  Did not re-place instance top_i/StreamingDataflowPartition_1/inst/StreamingDataflowPartition_1_MVAU_hls_0/StreamingDataflowPartition_1_MVAU_hls_0/inst/grp_Matrix_Vector_Activate_Stream_Batch_fu_60/flow_control_loop_pipe_sequential_init_U/icmp_ln290_reg_19761[0]_i_1/O
INFO: [Physopt 32-662] Processed net top_i/StreamingDataflowPartition_1/inst/StreamingDataflowPartition_1_MVAU_hls_0/StreamingDataflowPartition_1_MVAU_hls_0/inst/grp_Matrix_Vector_Activate_Stream_Batch_fu_60/flow_control_loop_pipe_sequential_init_U/sf_fu_1652[31]_i_5_n_3.  Did not re-place instance top_i/StreamingDataflowPartition_1/inst/StreamingDataflowPartition_1_MVAU_hls_0/StreamingDataflowPartition_1_MVAU_hls_0/inst/grp_Matrix_Vector_Activate_Stream_Batch_fu_60/flow_control_loop_pipe_sequential_init_U/sf_fu_1652[31]_i_5/O
INFO: [Physopt 32-662] Processed net top_i/StreamingDataflowPartition_1/inst/StreamingDataflowPartition_1_MVAU_hls_0/StreamingDataflowPartition_1_MVAU_hls_0/inst/grp_Matrix_Vector_Activate_Stream_Batch_fu_60/flow_control_loop_pipe_sequential_init_U/sf_fu_1652[31]_i_12_n_3.  Did not re-place instance top_i/StreamingDataflowPartition_1/inst/StreamingDataflowPartition_1_MVAU_hls_0/StreamingDataflowPartition_1_MVAU_hls_0/inst/grp_Matrix_Vector_Activate_Stream_Batch_fu_60/flow_control_loop_pipe_sequential_init_U/sf_fu_1652[31]_i_12/O
INFO: [Physopt 32-662] Processed net top_i/StreamingDataflowPartition_1/inst/StreamingDataflowPartition_1_MVAU_hls_0/StreamingDataflowPartition_1_MVAU_hls_0/inst/grp_Matrix_Vector_Activate_Stream_Batch_fu_60/flow_control_loop_pipe_sequential_init_U/sf_fu_1652[31]_i_7_n_3.  Did not re-place instance top_i/StreamingDataflowPartition_1/inst/StreamingDataflowPartition_1_MVAU_hls_0/StreamingDataflowPartition_1_MVAU_hls_0/inst/grp_Matrix_Vector_Activate_Stream_Batch_fu_60/flow_control_loop_pipe_sequential_init_U/sf_fu_1652[31]_i_7/O
INFO: [Physopt 32-662] Processed net top_i/StreamingDataflowPartition_1/inst/StreamingDataflowPartition_1_MVAU_hls_0/StreamingDataflowPartition_1_MVAU_hls_0/inst/grp_Matrix_Vector_Activate_Stream_Batch_fu_60/flow_control_loop_pipe_sequential_init_U/sf_fu_1652[31]_i_14_n_3.  Did not re-place instance top_i/StreamingDataflowPartition_1/inst/StreamingDataflowPartition_1_MVAU_hls_0/StreamingDataflowPartition_1_MVAU_hls_0/inst/grp_Matrix_Vector_Activate_Stream_Batch_fu_60/flow_control_loop_pipe_sequential_init_U/sf_fu_1652[31]_i_14/O
INFO: [Physopt 32-662] Processed net top_i/StreamingDataflowPartition_1/inst/StreamingDataflowPartition_1_MVAU_hls_0/StreamingDataflowPartition_1_MVAU_hls_0/inst/grp_Matrix_Vector_Activate_Stream_Batch_fu_60/sparsemux_1569_10_8_1_1_U1/D[7].  Did not re-place instance top_i/StreamingDataflowPartition_1/inst/StreamingDataflowPartition_1_MVAU_hls_0/StreamingDataflowPartition_1_MVAU_hls_0/inst/grp_Matrix_Vector_Activate_Stream_Batch_fu_60/sparsemux_1569_10_8_1_1_U1/tmp_reg_19741[7]_i_1/O
INFO: [Physopt 32-662] Processed net top_i/StreamingDataflowPartition_1/inst/StreamingDataflowPartition_1_MVAU_hls_0/StreamingDataflowPartition_1_MVAU_hls_0/inst/grp_Matrix_Vector_Activate_Stream_Batch_fu_60/nf_1_fu_4800_reg_n_3_[15].  Did not re-place instance top_i/StreamingDataflowPartition_1/inst/StreamingDataflowPartition_1_MVAU_hls_0/StreamingDataflowPartition_1_MVAU_hls_0/inst/grp_Matrix_Vector_Activate_Stream_Batch_fu_60/nf_1_fu_4800_reg[15]/Q
INFO: [Physopt 32-662] Processed net top_i/StreamingDataflowPartition_1/inst/StreamingDataflowPartition_1_MVAU_hls_0/StreamingDataflowPartition_1_MVAU_hls_0/inst/grp_Matrix_Vector_Activate_Stream_Batch_fu_60/nf_1_fu_4800_reg_n_3_[22].  Did not re-place instance top_i/StreamingDataflowPartition_1/inst/StreamingDataflowPartition_1_MVAU_hls_0/StreamingDataflowPartition_1_MVAU_hls_0/inst/grp_Matrix_Vector_Activate_Stream_Batch_fu_60/nf_1_fu_4800_reg[22]/Q
INFO: [Physopt 32-662] Processed net top_i/StreamingDataflowPartition_1/inst/StreamingDataflowPartition_1_MVAU_hls_0/StreamingDataflowPartition_1_MVAU_hls_0/inst/grp_Matrix_Vector_Activate_Stream_Batch_fu_60/nf_1_fu_4800_reg_n_3_[23].  Did not re-place instance top_i/StreamingDataflowPartition_1/inst/StreamingDataflowPartition_1_MVAU_hls_0/StreamingDataflowPartition_1_MVAU_hls_0/inst/grp_Matrix_Vector_Activate_Stream_Batch_fu_60/nf_1_fu_4800_reg[23]/Q
INFO: [Physopt 32-662] Processed net top_i/StreamingDataflowPartition_1/inst/StreamingDataflowPartition_1_MVAU_hls_0/StreamingDataflowPartition_1_MVAU_hls_0/inst/grp_Matrix_Vector_Activate_Stream_Batch_fu_60/nf_1_fu_4800_reg_n_3_[24].  Did not re-place instance top_i/StreamingDataflowPartition_1/inst/StreamingDataflowPartition_1_MVAU_hls_0/StreamingDataflowPartition_1_MVAU_hls_0/inst/grp_Matrix_Vector_Activate_Stream_Batch_fu_60/nf_1_fu_4800_reg[24]/Q
INFO: [Physopt 32-662] Processed net top_i/StreamingDataflowPartition_1/inst/StreamingDataflowPartition_1_MVAU_hls_0/StreamingDataflowPartition_1_MVAU_hls_0/inst/grp_Matrix_Vector_Activate_Stream_Batch_fu_60/nf_1_fu_4800_reg_n_3_[2].  Did not re-place instance top_i/StreamingDataflowPartition_1/inst/StreamingDataflowPartition_1_MVAU_hls_0/StreamingDataflowPartition_1_MVAU_hls_0/inst/grp_Matrix_Vector_Activate_Stream_Batch_fu_60/nf_1_fu_4800_reg[2]/Q
INFO: [Physopt 32-662] Processed net top_i/StreamingDataflowPartition_1/inst/StreamingDataflowPartition_1_MVAU_hls_0/StreamingDataflowPartition_1_MVAU_hls_0/inst/grp_Matrix_Vector_Activate_Stream_Batch_fu_60/nf_1_fu_4800_reg_n_3_[3].  Did not re-place instance top_i/StreamingDataflowPartition_1/inst/StreamingDataflowPartition_1_MVAU_hls_0/StreamingDataflowPartition_1_MVAU_hls_0/inst/grp_Matrix_Vector_Activate_Stream_Batch_fu_60/nf_1_fu_4800_reg[3]/Q
INFO: [Physopt 32-662] Processed net top_i/StreamingDataflowPartition_1/inst/StreamingDataflowPartition_1_MVAU_hls_0/StreamingDataflowPartition_1_MVAU_hls_0/inst/grp_Matrix_Vector_Activate_Stream_Batch_fu_60/nf_1_fu_4800_reg_n_3_[4].  Did not re-place instance top_i/StreamingDataflowPartition_1/inst/StreamingDataflowPartition_1_MVAU_hls_0/StreamingDataflowPartition_1_MVAU_hls_0/inst/grp_Matrix_Vector_Activate_Stream_Batch_fu_60/nf_1_fu_4800_reg[4]/Q
INFO: [Physopt 32-662] Processed net top_i/StreamingDataflowPartition_1/inst/StreamingDataflowPartition_1_MVAU_hls_0/StreamingDataflowPartition_1_MVAU_hls_0/inst/grp_Matrix_Vector_Activate_Stream_Batch_fu_60/nf_1_fu_4800_reg_n_3_[21].  Did not re-place instance top_i/StreamingDataflowPartition_1/inst/StreamingDataflowPartition_1_MVAU_hls_0/StreamingDataflowPartition_1_MVAU_hls_0/inst/grp_Matrix_Vector_Activate_Stream_Batch_fu_60/nf_1_fu_4800_reg[21]/Q
INFO: [Physopt 32-662] Processed net top_i/StreamingDataflowPartition_1/inst/StreamingDataflowPartition_1_MVAU_hls_0/StreamingDataflowPartition_1_MVAU_hls_0/inst/grp_Matrix_Vector_Activate_Stream_Batch_fu_60/nf_1_fu_4800_reg_n_3_[26].  Did not re-place instance top_i/StreamingDataflowPartition_1/inst/StreamingDataflowPartition_1_MVAU_hls_0/StreamingDataflowPartition_1_MVAU_hls_0/inst/grp_Matrix_Vector_Activate_Stream_Batch_fu_60/nf_1_fu_4800_reg[26]/Q
INFO: [Physopt 32-662] Processed net top_i/StreamingDataflowPartition_1/inst/StreamingDataflowPartition_1_MVAU_hls_0/StreamingDataflowPartition_1_MVAU_hls_0/inst/grp_Matrix_Vector_Activate_Stream_Batch_fu_60/nf_1_fu_4800_reg_n_3_[27].  Did not re-place instance top_i/StreamingDataflowPartition_1/inst/StreamingDataflowPartition_1_MVAU_hls_0/StreamingDataflowPartition_1_MVAU_hls_0/inst/grp_Matrix_Vector_Activate_Stream_Batch_fu_60/nf_1_fu_4800_reg[27]/Q
INFO: [Physopt 32-662] Processed net top_i/StreamingDataflowPartition_1/inst/StreamingDataflowPartition_1_MVAU_hls_0/StreamingDataflowPartition_1_MVAU_hls_0/inst/grp_Matrix_Vector_Activate_Stream_Batch_fu_60/nf_1_fu_4800_reg_n_3_[28].  Did not re-place instance top_i/StreamingDataflowPartition_1/inst/StreamingDataflowPartition_1_MVAU_hls_0/StreamingDataflowPartition_1_MVAU_hls_0/inst/grp_Matrix_Vector_Activate_Stream_Batch_fu_60/nf_1_fu_4800_reg[28]/Q
INFO: [Physopt 32-662] Processed net top_i/StreamingDataflowPartition_1/inst/StreamingDataflowPartition_1_MVAU_hls_0/StreamingDataflowPartition_1_MVAU_hls_0/inst/grp_Matrix_Vector_Activate_Stream_Batch_fu_60/nf_1_fu_4800_reg_n_3_[13].  Did not re-place instance top_i/StreamingDataflowPartition_1/inst/StreamingDataflowPartition_1_MVAU_hls_0/StreamingDataflowPartition_1_MVAU_hls_0/inst/grp_Matrix_Vector_Activate_Stream_Batch_fu_60/nf_1_fu_4800_reg[13]/Q
INFO: [Physopt 32-662] Processed net top_i/StreamingDataflowPartition_1/inst/StreamingDataflowPartition_1_MVAU_hls_0/StreamingDataflowPartition_1_MVAU_hls_0/inst/grp_Matrix_Vector_Activate_Stream_Batch_fu_60/nf_1_fu_4800_reg_n_3_[14].  Did not re-place instance top_i/StreamingDataflowPartition_1/inst/StreamingDataflowPartition_1_MVAU_hls_0/StreamingDataflowPartition_1_MVAU_hls_0/inst/grp_Matrix_Vector_Activate_Stream_Batch_fu_60/nf_1_fu_4800_reg[14]/Q
INFO: [Physopt 32-662] Processed net top_i/StreamingDataflowPartition_1/inst/StreamingDataflowPartition_1_MVAU_hls_0/StreamingDataflowPartition_1_MVAU_hls_0/inst/grp_Matrix_Vector_Activate_Stream_Batch_fu_60/nf_1_fu_4800_reg_n_3_[18].  Did not re-place instance top_i/StreamingDataflowPartition_1/inst/StreamingDataflowPartition_1_MVAU_hls_0/StreamingDataflowPartition_1_MVAU_hls_0/inst/grp_Matrix_Vector_Activate_Stream_Batch_fu_60/nf_1_fu_4800_reg[18]/Q
INFO: [Physopt 32-662] Processed net top_i/StreamingDataflowPartition_1/inst/StreamingDataflowPartition_1_MVAU_hls_0/StreamingDataflowPartition_1_MVAU_hls_0/inst/grp_Matrix_Vector_Activate_Stream_Batch_fu_60/nf_1_fu_4800_reg_n_3_[25].  Did not re-place instance top_i/StreamingDataflowPartition_1/inst/StreamingDataflowPartition_1_MVAU_hls_0/StreamingDataflowPartition_1_MVAU_hls_0/inst/grp_Matrix_Vector_Activate_Stream_Batch_fu_60/nf_1_fu_4800_reg[25]/Q
INFO: [Physopt 32-662] Processed net top_i/StreamingDataflowPartition_1/inst/StreamingDataflowPartition_1_MVAU_hls_0/StreamingDataflowPartition_1_MVAU_hls_0/inst/grp_Matrix_Vector_Activate_Stream_Batch_fu_60/nf_1_fu_4800_reg_n_3_[29].  Did not re-place instance top_i/StreamingDataflowPartition_1/inst/StreamingDataflowPartition_1_MVAU_hls_0/StreamingDataflowPartition_1_MVAU_hls_0/inst/grp_Matrix_Vector_Activate_Stream_Batch_fu_60/nf_1_fu_4800_reg[29]/Q
INFO: [Physopt 32-662] Processed net top_i/StreamingDataflowPartition_1/inst/StreamingDataflowPartition_1_MVAU_hls_0/StreamingDataflowPartition_1_MVAU_hls_0/inst/grp_Matrix_Vector_Activate_Stream_Batch_fu_60/nf_1_fu_4800_reg_n_3_[30].  Did not re-place instance top_i/StreamingDataflowPartition_1/inst/StreamingDataflowPartition_1_MVAU_hls_0/StreamingDataflowPartition_1_MVAU_hls_0/inst/grp_Matrix_Vector_Activate_Stream_Batch_fu_60/nf_1_fu_4800_reg[30]/Q
INFO: [Physopt 32-662] Processed net top_i/StreamingDataflowPartition_1/inst/StreamingDataflowPartition_1_MVAU_hls_0/StreamingDataflowPartition_1_MVAU_hls_0/inst/grp_Matrix_Vector_Activate_Stream_Batch_fu_60/nf_1_fu_4800_reg_n_3_[31].  Did not re-place instance top_i/StreamingDataflowPartition_1/inst/StreamingDataflowPartition_1_MVAU_hls_0/StreamingDataflowPartition_1_MVAU_hls_0/inst/grp_Matrix_Vector_Activate_Stream_Batch_fu_60/nf_1_fu_4800_reg[31]/Q
INFO: [Physopt 32-662] Processed net top_i/StreamingDataflowPartition_1/inst/StreamingDataflowPartition_1_MVAU_hls_0/StreamingDataflowPartition_1_MVAU_hls_0/inst/grp_Matrix_Vector_Activate_Stream_Batch_fu_60/flow_control_loop_pipe_sequential_init_U/sf_fu_1652[31]_i_6_n_3.  Did not re-place instance top_i/StreamingDataflowPartition_1/inst/StreamingDataflowPartition_1_MVAU_hls_0/StreamingDataflowPartition_1_MVAU_hls_0/inst/grp_Matrix_Vector_Activate_Stream_Batch_fu_60/flow_control_loop_pipe_sequential_init_U/sf_fu_1652[31]_i_6/O
INFO: [Physopt 32-662] Processed net top_i/StreamingDataflowPartition_1/inst/StreamingDataflowPartition_1_MVAU_hls_0/StreamingDataflowPartition_1_MVAU_hls_0/inst/grp_Matrix_Vector_Activate_Stream_Batch_fu_60/flow_control_loop_pipe_sequential_init_U/sf_fu_1652[31]_i_13_n_3.  Did not re-place instance top_i/StreamingDataflowPartition_1/inst/StreamingDataflowPartition_1_MVAU_hls_0/StreamingDataflowPartition_1_MVAU_hls_0/inst/grp_Matrix_Vector_Activate_Stream_Batch_fu_60/flow_control_loop_pipe_sequential_init_U/sf_fu_1652[31]_i_13/O
INFO: [Physopt 32-662] Processed net top_i/StreamingDataflowPartition_1/inst/StreamingDataflowPartition_1_MVAU_hls_0/StreamingDataflowPartition_1_MVAU_hls_0/inst/grp_Matrix_Vector_Activate_Stream_Batch_fu_60/sparsemux_1569_10_8_1_1_U1/D[6].  Did not re-place instance top_i/StreamingDataflowPartition_1/inst/StreamingDataflowPartition_1_MVAU_hls_0/StreamingDataflowPartition_1_MVAU_hls_0/inst/grp_Matrix_Vector_Activate_Stream_Batch_fu_60/sparsemux_1569_10_8_1_1_U1/tmp_reg_19741[6]_i_1/O
INFO: [Physopt 32-662] Processed net top_i/StreamingDataflowPartition_1/inst/StreamingDataflowPartition_1_MVAU_hls_0/StreamingDataflowPartition_1_MVAU_hls_0/inst/grp_Matrix_Vector_Activate_Stream_Batch_fu_60/sparsemux_1569_10_8_1_1_U1/D[5].  Did not re-place instance top_i/StreamingDataflowPartition_1/inst/StreamingDataflowPartition_1_MVAU_hls_0/StreamingDataflowPartition_1_MVAU_hls_0/inst/grp_Matrix_Vector_Activate_Stream_Batch_fu_60/sparsemux_1569_10_8_1_1_U1/tmp_reg_19741[5]_i_1/O
INFO: [Physopt 32-662] Processed net top_i/StreamingDataflowPartition_1/inst/StreamingDataflowPartition_1_MVAU_hls_0/StreamingDataflowPartition_1_MVAU_hls_0/inst/grp_Matrix_Vector_Activate_Stream_Batch_fu_60/flow_control_loop_pipe_sequential_init_U/inputBuf_783_fu_4796[7]_i_7_0[0].  Did not re-place instance top_i/StreamingDataflowPartition_1/inst/StreamingDataflowPartition_1_MVAU_hls_0/StreamingDataflowPartition_1_MVAU_hls_0/inst/grp_Matrix_Vector_Activate_Stream_Batch_fu_60/flow_control_loop_pipe_sequential_init_U/inputBuf_783_fu_4796[7]_i_1/O
INFO: [Physopt 32-662] Processed net top_i/StreamingDataflowPartition_1/inst/StreamingDataflowPartition_1_MVAU_hls_0/StreamingDataflowPartition_1_MVAU_hls_0/inst/grp_Matrix_Vector_Activate_Stream_Batch_fu_60/flow_control_loop_pipe_sequential_init_U/inputBuf_400_fu_3264[7]_i_2_n_3_repN.  Did not re-place instance top_i/StreamingDataflowPartition_1/inst/StreamingDataflowPartition_1_MVAU_hls_0/StreamingDataflowPartition_1_MVAU_hls_0/inst/grp_Matrix_Vector_Activate_Stream_Batch_fu_60/flow_control_loop_pipe_sequential_init_U/inputBuf_400_fu_3264[7]_i_2_replica/O
INFO: [Physopt 32-662] Processed net top_i/StreamingDataflowPartition_1/inst/StreamingDataflowPartition_1_MVAU_hls_0/StreamingDataflowPartition_1_MVAU_hls_0/inst/grp_Matrix_Vector_Activate_Stream_Batch_fu_60/flow_control_loop_pipe_sequential_init_U/inputBuf_783_fu_4796[7]_i_2_n_3.  Did not re-place instance top_i/StreamingDataflowPartition_1/inst/StreamingDataflowPartition_1_MVAU_hls_0/StreamingDataflowPartition_1_MVAU_hls_0/inst/grp_Matrix_Vector_Activate_Stream_Batch_fu_60/flow_control_loop_pipe_sequential_init_U/inputBuf_783_fu_4796[7]_i_2/O
INFO: [Physopt 32-662] Processed net top_i/StreamingDataflowPartition_1/inst/StreamingDataflowPartition_1_MVAU_hls_0/StreamingDataflowPartition_1_MVAU_hls_0/inst/grp_Matrix_Vector_Activate_Stream_Batch_fu_60/flow_control_loop_pipe_sequential_init_U/inputBuf_783_fu_4796[7]_i_44_n_3.  Did not re-place instance top_i/StreamingDataflowPartition_1/inst/StreamingDataflowPartition_1_MVAU_hls_0/StreamingDataflowPartition_1_MVAU_hls_0/inst/grp_Matrix_Vector_Activate_Stream_Batch_fu_60/flow_control_loop_pipe_sequential_init_U/inputBuf_783_fu_4796[7]_i_44/O
INFO: [Physopt 32-662] Processed net top_i/StreamingDataflowPartition_1/inst/StreamingDataflowPartition_1_MVAU_hls_0/StreamingDataflowPartition_1_MVAU_hls_0/inst/grp_Matrix_Vector_Activate_Stream_Batch_fu_60/flow_control_loop_pipe_sequential_init_U/inputBuf_783_fu_4796[7]_i_8_n_3.  Did not re-place instance top_i/StreamingDataflowPartition_1/inst/StreamingDataflowPartition_1_MVAU_hls_0/StreamingDataflowPartition_1_MVAU_hls_0/inst/grp_Matrix_Vector_Activate_Stream_Batch_fu_60/flow_control_loop_pipe_sequential_init_U/inputBuf_783_fu_4796[7]_i_8/O
INFO: [Physopt 32-662] Processed net top_i/StreamingDataflowPartition_1/inst/StreamingDataflowPartition_1_MVAU_hls_0/StreamingDataflowPartition_1_MVAU_hls_0/inst/grp_Matrix_Vector_Activate_Stream_Batch_fu_60/sf_fu_1652_reg_n_3_[5].  Did not re-place instance top_i/StreamingDataflowPartition_1/inst/StreamingDataflowPartition_1_MVAU_hls_0/StreamingDataflowPartition_1_MVAU_hls_0/inst/grp_Matrix_Vector_Activate_Stream_Batch_fu_60/sf_fu_1652_reg[5]/Q
INFO: [Physopt 32-662] Processed net top_i/StreamingDataflowPartition_1/inst/StreamingDataflowPartition_1_MVAU_hls_0/StreamingDataflowPartition_1_MVAU_hls_0/inst/grp_Matrix_Vector_Activate_Stream_Batch_fu_60/flow_control_loop_pipe_sequential_init_U/inputBuf_783_fu_4796[7]_i_172_n_3.  Did not re-place instance top_i/StreamingDataflowPartition_1/inst/StreamingDataflowPartition_1_MVAU_hls_0/StreamingDataflowPartition_1_MVAU_hls_0/inst/grp_Matrix_Vector_Activate_Stream_Batch_fu_60/flow_control_loop_pipe_sequential_init_U/inputBuf_783_fu_4796[7]_i_172/O
INFO: [Physopt 32-662] Processed net top_i/StreamingDataflowPartition_1/inst/StreamingDataflowPartition_1_MVAU_hls_0/StreamingDataflowPartition_1_MVAU_hls_0/inst/grp_Matrix_Vector_Activate_Stream_Batch_fu_60/flow_control_loop_pipe_sequential_init_U/inputBuf_783_fu_4796[7]_i_26_n_3.  Did not re-place instance top_i/StreamingDataflowPartition_1/inst/StreamingDataflowPartition_1_MVAU_hls_0/StreamingDataflowPartition_1_MVAU_hls_0/inst/grp_Matrix_Vector_Activate_Stream_Batch_fu_60/flow_control_loop_pipe_sequential_init_U/inputBuf_783_fu_4796[7]_i_26/O
INFO: [Physopt 32-662] Processed net top_i/StreamingDataflowPartition_1/inst/StreamingDataflowPartition_1_MVAU_hls_0/StreamingDataflowPartition_1_MVAU_hls_0/inst/grp_Matrix_Vector_Activate_Stream_Batch_fu_60/flow_control_loop_pipe_sequential_init_U/inputBuf_783_fu_4796[7]_i_5_n_3.  Did not re-place instance top_i/StreamingDataflowPartition_1/inst/StreamingDataflowPartition_1_MVAU_hls_0/StreamingDataflowPartition_1_MVAU_hls_0/inst/grp_Matrix_Vector_Activate_Stream_Batch_fu_60/flow_control_loop_pipe_sequential_init_U/inputBuf_783_fu_4796[7]_i_5/O
INFO: [Physopt 32-662] Processed net top_i/StreamingDataflowPartition_1/inst/StreamingDataflowPartition_1_MVAU_hls_0/StreamingDataflowPartition_1_MVAU_hls_0/inst/grp_Matrix_Vector_Activate_Stream_Batch_fu_60/flow_control_loop_pipe_sequential_init_U/inputBuf_783_fu_4796[7]_i_94_n_3.  Did not re-place instance top_i/StreamingDataflowPartition_1/inst/StreamingDataflowPartition_1_MVAU_hls_0/StreamingDataflowPartition_1_MVAU_hls_0/inst/grp_Matrix_Vector_Activate_Stream_Batch_fu_60/flow_control_loop_pipe_sequential_init_U/inputBuf_783_fu_4796[7]_i_94/O
INFO: [Physopt 32-662] Processed net top_i/StreamingDataflowPartition_1/inst/StreamingDataflowPartition_1_MVAU_hls_0/StreamingDataflowPartition_1_MVAU_hls_0/inst/grp_Matrix_Vector_Activate_Stream_Batch_fu_60/sparsemux_1569_10_8_1_1_U1/D[4].  Did not re-place instance top_i/StreamingDataflowPartition_1/inst/StreamingDataflowPartition_1_MVAU_hls_0/StreamingDataflowPartition_1_MVAU_hls_0/inst/grp_Matrix_Vector_Activate_Stream_Batch_fu_60/sparsemux_1569_10_8_1_1_U1/tmp_reg_19741[4]_i_1/O
INFO: [Physopt 32-662] Processed net top_i/StreamingDataflowPartition_1/inst/StreamingDataflowPartition_1_MVAU_hls_1/StreamingDataflowPartition_1_MVAU_hls_1/inst/grp_Matrix_Vector_Activate_Stream_Batch_fu_60/nf_1_fu_1630_reg_n_3_[0].  Did not re-place instance top_i/StreamingDataflowPartition_1/inst/StreamingDataflowPartition_1_MVAU_hls_1/StreamingDataflowPartition_1_MVAU_hls_1/inst/grp_Matrix_Vector_Activate_Stream_Batch_fu_60/nf_1_fu_1630_reg[0]/Q
INFO: [Physopt 32-662] Processed net top_i/StreamingDataflowPartition_1/inst/StreamingDataflowPartition_1_MVAU_hls_1/StreamingDataflowPartition_1_MVAU_hls_1/inst/grp_Matrix_Vector_Activate_Stream_Batch_fu_60/nf_1_fu_1630_reg_n_3_[18].  Did not re-place instance top_i/StreamingDataflowPartition_1/inst/StreamingDataflowPartition_1_MVAU_hls_1/StreamingDataflowPartition_1_MVAU_hls_1/inst/grp_Matrix_Vector_Activate_Stream_Batch_fu_60/nf_1_fu_1630_reg[18]/Q
INFO: [Physopt 32-662] Processed net top_i/StreamingDataflowPartition_1/inst/StreamingDataflowPartition_1_MVAU_hls_1/StreamingDataflowPartition_1_MVAU_hls_1/inst/grp_Matrix_Vector_Activate_Stream_Batch_fu_60/nf_1_fu_1630_reg_n_3_[19].  Did not re-place instance top_i/StreamingDataflowPartition_1/inst/StreamingDataflowPartition_1_MVAU_hls_1/StreamingDataflowPartition_1_MVAU_hls_1/inst/grp_Matrix_Vector_Activate_Stream_Batch_fu_60/nf_1_fu_1630_reg[19]/Q
INFO: [Physopt 32-662] Processed net top_i/StreamingDataflowPartition_1/inst/StreamingDataflowPartition_1_MVAU_hls_1/StreamingDataflowPartition_1_MVAU_hls_1/inst/grp_Matrix_Vector_Activate_Stream_Batch_fu_60/nf_1_fu_1630_reg_n_3_[20].  Did not re-place instance top_i/StreamingDataflowPartition_1/inst/StreamingDataflowPartition_1_MVAU_hls_1/StreamingDataflowPartition_1_MVAU_hls_1/inst/grp_Matrix_Vector_Activate_Stream_Batch_fu_60/nf_1_fu_1630_reg[20]/Q
INFO: [Physopt 32-662] Processed net top_i/StreamingDataflowPartition_1/inst/StreamingDataflowPartition_1_MVAU_hls_1/StreamingDataflowPartition_1_MVAU_hls_1/inst/grp_Matrix_Vector_Activate_Stream_Batch_fu_60/flow_control_loop_pipe_sequential_init_U/nf_1_fu_1630[31]_i_2_n_3.  Did not re-place instance top_i/StreamingDataflowPartition_1/inst/StreamingDataflowPartition_1_MVAU_hls_1/StreamingDataflowPartition_1_MVAU_hls_1/inst/grp_Matrix_Vector_Activate_Stream_Batch_fu_60/flow_control_loop_pipe_sequential_init_U/nf_1_fu_1630[31]_i_2/O
INFO: [Physopt 32-662] Processed net top_i/StreamingDataflowPartition_1/inst/StreamingDataflowPartition_1_MVAU_hls_1/StreamingDataflowPartition_1_MVAU_hls_1/inst/grp_Matrix_Vector_Activate_Stream_Batch_fu_60/flow_control_loop_pipe_sequential_init_U/nf_1_fu_1630[31]_i_3_n_3.  Did not re-place instance top_i/StreamingDataflowPartition_1/inst/StreamingDataflowPartition_1_MVAU_hls_1/StreamingDataflowPartition_1_MVAU_hls_1/inst/grp_Matrix_Vector_Activate_Stream_Batch_fu_60/flow_control_loop_pipe_sequential_init_U/nf_1_fu_1630[31]_i_3/O
INFO: [Physopt 32-662] Processed net top_i/StreamingDataflowPartition_1/inst/StreamingDataflowPartition_1_MVAU_hls_1/StreamingDataflowPartition_1_MVAU_hls_1/inst/grp_Matrix_Vector_Activate_Stream_Batch_fu_60/flow_control_loop_pipe_sequential_init_U/nf_1_fu_1630[31]_i_7_n_3.  Did not re-place instance top_i/StreamingDataflowPartition_1/inst/StreamingDataflowPartition_1_MVAU_hls_1/StreamingDataflowPartition_1_MVAU_hls_1/inst/grp_Matrix_Vector_Activate_Stream_Batch_fu_60/flow_control_loop_pipe_sequential_init_U/nf_1_fu_1630[31]_i_7/O
INFO: [Physopt 32-662] Processed net top_i/StreamingDataflowPartition_1/inst/StreamingDataflowPartition_1_MVAU_hls_0/StreamingDataflowPartition_1_MVAU_hls_0/inst/grp_Matrix_Vector_Activate_Stream_Batch_fu_60/sf_fu_1652_reg_n_3_[6].  Did not re-place instance top_i/StreamingDataflowPartition_1/inst/StreamingDataflowPartition_1_MVAU_hls_0/StreamingDataflowPartition_1_MVAU_hls_0/inst/grp_Matrix_Vector_Activate_Stream_Batch_fu_60/sf_fu_1652_reg[6]/Q
INFO: [Physopt 32-662] Processed net top_i/StreamingDataflowPartition_1/inst/StreamingDataflowPartition_1_MVAU_hls_0/StreamingDataflowPartition_1_MVAU_hls_0/inst/grp_Matrix_Vector_Activate_Stream_Batch_fu_60/sparsemux_1569_10_8_1_1_U1/D[1].  Did not re-place instance top_i/StreamingDataflowPartition_1/inst/StreamingDataflowPartition_1_MVAU_hls_0/StreamingDataflowPartition_1_MVAU_hls_0/inst/grp_Matrix_Vector_Activate_Stream_Batch_fu_60/sparsemux_1569_10_8_1_1_U1/tmp_reg_19741[1]_i_1/O
INFO: [Physopt 32-662] Processed net top_i/StreamingDataflowPartition_1/inst/StreamingDataflowPartition_1_MVAU_hls_0/StreamingDataflowPartition_1_MVAU_hls_0/inst/grp_Matrix_Vector_Activate_Stream_Batch_fu_60/flow_control_loop_pipe_sequential_init_U/inputBuf_400_fu_3264[7]_i_3_n_3_repN.  Did not re-place instance top_i/StreamingDataflowPartition_1/inst/StreamingDataflowPartition_1_MVAU_hls_0/StreamingDataflowPartition_1_MVAU_hls_0/inst/grp_Matrix_Vector_Activate_Stream_Batch_fu_60/flow_control_loop_pipe_sequential_init_U/inputBuf_400_fu_3264[7]_i_3_replica/O
INFO: [Physopt 32-662] Processed net top_i/StreamingDataflowPartition_1/inst/StreamingDataflowPartition_1_MVAU_hls_0/StreamingDataflowPartition_1_MVAU_hls_0/inst/grp_Matrix_Vector_Activate_Stream_Batch_fu_60/flow_control_loop_pipe_sequential_init_U/inputBuf_783_fu_4796[7]_i_106_n_3.  Did not re-place instance top_i/StreamingDataflowPartition_1/inst/StreamingDataflowPartition_1_MVAU_hls_0/StreamingDataflowPartition_1_MVAU_hls_0/inst/grp_Matrix_Vector_Activate_Stream_Batch_fu_60/flow_control_loop_pipe_sequential_init_U/inputBuf_783_fu_4796[7]_i_106/O
INFO: [Physopt 32-662] Processed net top_i/StreamingDataflowPartition_1/inst/StreamingDataflowPartition_1_MVAU_hls_0/StreamingDataflowPartition_1_MVAU_hls_0/inst/grp_Matrix_Vector_Activate_Stream_Batch_fu_60/flow_control_loop_pipe_sequential_init_U/inputBuf_783_fu_4796[7]_i_177_n_3.  Did not re-place instance top_i/StreamingDataflowPartition_1/inst/StreamingDataflowPartition_1_MVAU_hls_0/StreamingDataflowPartition_1_MVAU_hls_0/inst/grp_Matrix_Vector_Activate_Stream_Batch_fu_60/flow_control_loop_pipe_sequential_init_U/inputBuf_783_fu_4796[7]_i_177/O
INFO: [Physopt 32-662] Processed net top_i/StreamingDataflowPartition_1/inst/StreamingDataflowPartition_1_MVAU_hls_0/StreamingDataflowPartition_1_MVAU_hls_0/inst/grp_Matrix_Vector_Activate_Stream_Batch_fu_60/flow_control_loop_pipe_sequential_init_U/inputBuf_783_fu_4796[7]_i_32_n_3.  Did not re-place instance top_i/StreamingDataflowPartition_1/inst/StreamingDataflowPartition_1_MVAU_hls_0/StreamingDataflowPartition_1_MVAU_hls_0/inst/grp_Matrix_Vector_Activate_Stream_Batch_fu_60/flow_control_loop_pipe_sequential_init_U/inputBuf_783_fu_4796[7]_i_32/O
INFO: [Physopt 32-662] Processed net top_i/StreamingDataflowPartition_1/inst/StreamingDataflowPartition_1_MVAU_hls_0/StreamingDataflowPartition_1_MVAU_hls_0/inst/grp_Matrix_Vector_Activate_Stream_Batch_fu_60/flow_control_loop_pipe_sequential_init_U/inputBuf_783_fu_4796[7]_i_6_n_3.  Did not re-place instance top_i/StreamingDataflowPartition_1/inst/StreamingDataflowPartition_1_MVAU_hls_0/StreamingDataflowPartition_1_MVAU_hls_0/inst/grp_Matrix_Vector_Activate_Stream_Batch_fu_60/flow_control_loop_pipe_sequential_init_U/inputBuf_783_fu_4796[7]_i_6/O
INFO: [Physopt 32-661] Optimized 2 nets.  Re-placed 7 instances.
INFO: [Physopt 32-775] End 1 Pass. Optimized 2 nets or cells. Created 0 new cell, deleted 0 existing cell and moved 7 existing cells
INFO: [Physopt 32-619] Estimated Timing Summary | WNS=-1.810 | TNS=-7143.661 |
Netlist sorting complete. Time (s): cpu = 00:00:00.09 ; elapsed = 00:00:00.01 . Memory (MB): peak = 3620.988 ; gain = 0.000 ; free physical = 3010 ; free virtual = 11912
Phase 30 Multi Cell Placement Optimization | Checksum: 1ed6f88e3

Time (s): cpu = 00:45:08 ; elapsed = 00:10:34 . Memory (MB): peak = 3620.988 ; gain = 0.000 ; free physical = 3001 ; free virtual = 11911

Phase 31 SLR Crossing Optimization
Phase 31 SLR Crossing Optimization | Checksum: 1ed6f88e3

Time (s): cpu = 00:45:09 ; elapsed = 00:10:35 . Memory (MB): peak = 3620.988 ; gain = 0.000 ; free physical = 2990 ; free virtual = 11928

Phase 32 Critical Path Optimization
INFO: [Physopt 32-619] Estimated Timing Summary | WNS=-1.810 | TNS=-7143.661 |
INFO: [Physopt 32-702] Processed net top_i/StreamingDataflowPartition_1/inst/StreamingDataflowPartition_1_MVAU_hls_0/StreamingDataflowPartition_1_MVAU_hls_0/inst/grp_Matrix_Vector_Activate_Stream_Batch_fu_60/nf_1_fu_4800_reg_n_3_[16]. Optimizations did not improve timing on the net.
INFO: [Physopt 32-702] Processed net top_i/zynq_ps/inst/FCLK_CLK_unbuffered[0]. Optimizations did not improve timing on the net.
INFO: [Physopt 32-702] Processed net top_i/StreamingDataflowPartition_1/inst/StreamingDataflowPartition_1_MVAU_hls_0/StreamingDataflowPartition_1_MVAU_hls_0/inst/grp_Matrix_Vector_Activate_Stream_Batch_fu_60/flow_control_loop_pipe_sequential_init_U/nf_1_fu_4800. Optimizations did not improve timing on the net.
INFO: [Physopt 32-134] Processed net top_i/StreamingDataflowPartition_1/inst/StreamingDataflowPartition_1_MVAU_hls_0/StreamingDataflowPartition_1_MVAU_hls_0/inst/grp_Matrix_Vector_Activate_Stream_Batch_fu_60/flow_control_loop_pipe_sequential_init_U/sf_fu_1652[31]_i_4_n_3. Rewiring did not optimize the net.
INFO: [Physopt 32-702] Processed net top_i/StreamingDataflowPartition_1/inst/StreamingDataflowPartition_1_MVAU_hls_0/StreamingDataflowPartition_1_MVAU_hls_0/inst/grp_Matrix_Vector_Activate_Stream_Batch_fu_60/flow_control_loop_pipe_sequential_init_U/sf_fu_1652[31]_i_4_n_3. Optimizations did not improve timing on the net.
INFO: [Physopt 32-710] Processed net top_i/StreamingDataflowPartition_1/inst/StreamingDataflowPartition_1_MVAU_hls_0/StreamingDataflowPartition_1_MVAU_hls_0/inst/grp_Matrix_Vector_Activate_Stream_Batch_fu_60/flow_control_loop_pipe_sequential_init_U/sf_fu_1652[31]_i_4_n_3. Critical path length was reduced through logic transformation on cell top_i/StreamingDataflowPartition_1/inst/StreamingDataflowPartition_1_MVAU_hls_0/StreamingDataflowPartition_1_MVAU_hls_0/inst/grp_Matrix_Vector_Activate_Stream_Batch_fu_60/flow_control_loop_pipe_sequential_init_U/sf_fu_1652[31]_i_4_comp.
INFO: [Physopt 32-735] Processed net top_i/StreamingDataflowPartition_1/inst/StreamingDataflowPartition_1_MVAU_hls_0/StreamingDataflowPartition_1_MVAU_hls_0/inst/grp_Matrix_Vector_Activate_Stream_Batch_fu_60/flow_control_loop_pipe_sequential_init_U/sf_fu_1652[31]_i_11_n_3. Optimization improves timing on the net.
INFO: [Physopt 32-619] Estimated Timing Summary | WNS=-1.805 | TNS=-7143.161 |
INFO: [Physopt 32-608] Optimized 1 net.  Swapped 20 pins.
INFO: [Physopt 32-735] Processed net top_i/StreamingDataflowPartition_1/inst/StreamingDataflowPartition_1_MVAU_hls_0/StreamingDataflowPartition_1_MVAU_hls_0/inst/grp_Matrix_Vector_Activate_Stream_Batch_fu_60/flow_control_loop_pipe_sequential_init_U/sf_fu_1652[31]_i_11_n_3. Optimization improves timing on the net.
INFO: [Physopt 32-619] Estimated Timing Summary | WNS=-1.781 | TNS=-7140.783 |
INFO: [Physopt 32-702] Processed net top_i/StreamingDataflowPartition_1/inst/StreamingDataflowPartition_1_MVAU_hls_0/StreamingDataflowPartition_1_MVAU_hls_0/inst/grp_Matrix_Vector_Activate_Stream_Batch_fu_60/flow_control_loop_pipe_sequential_init_U/sf_fu_1652_reg[31][22]. Optimizations did not improve timing on the net.
INFO: [Physopt 32-702] Processed net top_i/StreamingDataflowPartition_1/inst/StreamingDataflowPartition_1_MVAU_hls_0/StreamingDataflowPartition_1_MVAU_hls_0/inst/grp_Matrix_Vector_Activate_Stream_Batch_fu_60/flow_control_loop_pipe_sequential_init_U/sf_fu_1652_reg[20]_i_1_n_3. Optimizations did not improve timing on the net.
INFO: [Physopt 32-702] Processed net top_i/StreamingDataflowPartition_1/inst/StreamingDataflowPartition_1_MVAU_hls_0/StreamingDataflowPartition_1_MVAU_hls_0/inst/grp_Matrix_Vector_Activate_Stream_Batch_fu_60/flow_control_loop_pipe_sequential_init_U/sf_fu_1652_reg[16]_i_1_n_3. Optimizations did not improve timing on the net.
INFO: [Physopt 32-702] Processed net top_i/StreamingDataflowPartition_1/inst/StreamingDataflowPartition_1_MVAU_hls_0/StreamingDataflowPartition_1_MVAU_hls_0/inst/grp_Matrix_Vector_Activate_Stream_Batch_fu_60/flow_control_loop_pipe_sequential_init_U/sf_fu_1652_reg[12]_i_1_n_3. Optimizations did not improve timing on the net.
INFO: [Physopt 32-702] Processed net top_i/StreamingDataflowPartition_1/inst/StreamingDataflowPartition_1_MVAU_hls_0/StreamingDataflowPartition_1_MVAU_hls_0/inst/grp_Matrix_Vector_Activate_Stream_Batch_fu_60/flow_control_loop_pipe_sequential_init_U/sf_fu_1652_reg[8]_i_1_n_3. Optimizations did not improve timing on the net.
INFO: [Physopt 32-702] Processed net top_i/StreamingDataflowPartition_1/inst/StreamingDataflowPartition_1_MVAU_hls_0/StreamingDataflowPartition_1_MVAU_hls_0/inst/grp_Matrix_Vector_Activate_Stream_Batch_fu_60/flow_control_loop_pipe_sequential_init_U/sf_fu_1652_reg[4]_i_1_n_3. Optimizations did not improve timing on the net.
INFO: [Physopt 32-702] Processed net top_i/StreamingDataflowPartition_1/inst/StreamingDataflowPartition_1_MVAU_hls_0/StreamingDataflowPartition_1_MVAU_hls_0/inst/grp_Matrix_Vector_Activate_Stream_Batch_fu_60/flow_control_loop_pipe_sequential_init_U/sf_fu_1652_reg[0]_rep__1_3. Optimizations did not improve timing on the net.
INFO: [Physopt 32-702] Processed net top_i/StreamingDataflowPartition_1/inst/StreamingDataflowPartition_1_MVAU_hls_0/StreamingDataflowPartition_1_MVAU_hls_0/inst/grp_Matrix_Vector_Activate_Stream_Batch_fu_60/flow_control_loop_pipe_sequential_init_U/SR[0]. Optimizations did not improve timing on the net.
INFO: [Physopt 32-702] Processed net top_i/StreamingDataflowPartition_1/inst/StreamingDataflowPartition_1_MVAU_hls_0/StreamingDataflowPartition_1_MVAU_hls_0/inst/grp_Matrix_Vector_Activate_Stream_Batch_fu_60/sf_fu_1652_reg[0]_rep__1_n_3. Optimizations did not improve timing on the net.
INFO: [Physopt 32-702] Processed net top_i/StreamingDataflowPartition_1/inst/StreamingDataflowPartition_1_MVAU_hls_0/StreamingDataflowPartition_1_MVAU_hls_0/inst/grp_Matrix_Vector_Activate_Stream_Batch_fu_60/nf_1_fu_4800_reg_n_3_[16]. Optimizations did not improve timing on the net.
INFO: [Physopt 32-702] Processed net top_i/zynq_ps/inst/FCLK_CLK_unbuffered[0]. Optimizations did not improve timing on the net.
INFO: [Physopt 32-702] Processed net top_i/StreamingDataflowPartition_1/inst/StreamingDataflowPartition_1_MVAU_hls_0/StreamingDataflowPartition_1_MVAU_hls_0/inst/grp_Matrix_Vector_Activate_Stream_Batch_fu_60/flow_control_loop_pipe_sequential_init_U/nf_1_fu_4800. Optimizations did not improve timing on the net.
INFO: [Physopt 32-702] Processed net top_i/StreamingDataflowPartition_1/inst/StreamingDataflowPartition_1_MVAU_hls_0/StreamingDataflowPartition_1_MVAU_hls_0/inst/grp_Matrix_Vector_Activate_Stream_Batch_fu_60/flow_control_loop_pipe_sequential_init_U/sf_fu_1652[31]_i_4_n_3. Optimizations did not improve timing on the net.
INFO: [Physopt 32-702] Processed net top_i/StreamingDataflowPartition_1/inst/StreamingDataflowPartition_1_MVAU_hls_0/StreamingDataflowPartition_1_MVAU_hls_0/inst/grp_Matrix_Vector_Activate_Stream_Batch_fu_60/flow_control_loop_pipe_sequential_init_U/sf_fu_1652_reg[31][22]. Optimizations did not improve timing on the net.
INFO: [Physopt 32-702] Processed net top_i/StreamingDataflowPartition_1/inst/StreamingDataflowPartition_1_MVAU_hls_0/StreamingDataflowPartition_1_MVAU_hls_0/inst/grp_Matrix_Vector_Activate_Stream_Batch_fu_60/flow_control_loop_pipe_sequential_init_U/sf_fu_1652_reg[0]_rep__1_3. Optimizations did not improve timing on the net.
INFO: [Physopt 32-702] Processed net top_i/StreamingDataflowPartition_1/inst/StreamingDataflowPartition_1_MVAU_hls_0/StreamingDataflowPartition_1_MVAU_hls_0/inst/grp_Matrix_Vector_Activate_Stream_Batch_fu_60/flow_control_loop_pipe_sequential_init_U/SR[0]. Optimizations did not improve timing on the net.
INFO: [Physopt 32-702] Processed net top_i/StreamingDataflowPartition_1/inst/StreamingDataflowPartition_1_MVAU_hls_0/StreamingDataflowPartition_1_MVAU_hls_0/inst/grp_Matrix_Vector_Activate_Stream_Batch_fu_60/sf_fu_1652_reg[0]_rep__1_n_3. Optimizations did not improve timing on the net.
INFO: [Physopt 32-619] Estimated Timing Summary | WNS=-1.781 | TNS=-7140.783 |
Netlist sorting complete. Time (s): cpu = 00:00:00.06 ; elapsed = 00:00:00.07 . Memory (MB): peak = 3620.988 ; gain = 0.000 ; free physical = 3239 ; free virtual = 12062
Phase 32 Critical Path Optimization | Checksum: 1ed6f88e3

Time (s): cpu = 00:46:19 ; elapsed = 00:10:51 . Memory (MB): peak = 3620.988 ; gain = 0.000 ; free physical = 3239 ; free virtual = 12062

Phase 33 Critical Path Optimization
INFO: [Physopt 32-619] Estimated Timing Summary | WNS=-1.781 | TNS=-7140.783 |
INFO: [Physopt 32-702] Processed net top_i/StreamingDataflowPartition_1/inst/StreamingDataflowPartition_1_MVAU_hls_0/StreamingDataflowPartition_1_MVAU_hls_0/inst/grp_Matrix_Vector_Activate_Stream_Batch_fu_60/nf_1_fu_4800_reg_n_3_[16]. Optimizations did not improve timing on the net.
INFO: [Physopt 32-702] Processed net top_i/zynq_ps/inst/FCLK_CLK_unbuffered[0]. Optimizations did not improve timing on the net.
INFO: [Physopt 32-702] Processed net top_i/StreamingDataflowPartition_1/inst/StreamingDataflowPartition_1_MVAU_hls_0/StreamingDataflowPartition_1_MVAU_hls_0/inst/grp_Matrix_Vector_Activate_Stream_Batch_fu_60/flow_control_loop_pipe_sequential_init_U/nf_1_fu_4800. Optimizations did not improve timing on the net.
INFO: [Physopt 32-134] Processed net top_i/StreamingDataflowPartition_1/inst/StreamingDataflowPartition_1_MVAU_hls_0/StreamingDataflowPartition_1_MVAU_hls_0/inst/grp_Matrix_Vector_Activate_Stream_Batch_fu_60/flow_control_loop_pipe_sequential_init_U/sf_fu_1652[31]_i_4_n_3. Rewiring did not optimize the net.
INFO: [Physopt 32-702] Processed net top_i/StreamingDataflowPartition_1/inst/StreamingDataflowPartition_1_MVAU_hls_0/StreamingDataflowPartition_1_MVAU_hls_0/inst/grp_Matrix_Vector_Activate_Stream_Batch_fu_60/flow_control_loop_pipe_sequential_init_U/sf_fu_1652[31]_i_4_n_3. Optimizations did not improve timing on the net.
INFO: [Physopt 32-702] Processed net top_i/StreamingDataflowPartition_1/inst/StreamingDataflowPartition_1_MVAU_hls_0/StreamingDataflowPartition_1_MVAU_hls_0/inst/grp_Matrix_Vector_Activate_Stream_Batch_fu_60/flow_control_loop_pipe_sequential_init_U/sf_fu_1652_reg[31][22]. Optimizations did not improve timing on the net.
INFO: [Physopt 32-702] Processed net top_i/StreamingDataflowPartition_1/inst/StreamingDataflowPartition_1_MVAU_hls_0/StreamingDataflowPartition_1_MVAU_hls_0/inst/grp_Matrix_Vector_Activate_Stream_Batch_fu_60/flow_control_loop_pipe_sequential_init_U/sf_fu_1652_reg[20]_i_1_n_3. Optimizations did not improve timing on the net.
INFO: [Physopt 32-702] Processed net top_i/StreamingDataflowPartition_1/inst/StreamingDataflowPartition_1_MVAU_hls_0/StreamingDataflowPartition_1_MVAU_hls_0/inst/grp_Matrix_Vector_Activate_Stream_Batch_fu_60/flow_control_loop_pipe_sequential_init_U/sf_fu_1652_reg[16]_i_1_n_3. Optimizations did not improve timing on the net.
INFO: [Physopt 32-702] Processed net top_i/StreamingDataflowPartition_1/inst/StreamingDataflowPartition_1_MVAU_hls_0/StreamingDataflowPartition_1_MVAU_hls_0/inst/grp_Matrix_Vector_Activate_Stream_Batch_fu_60/flow_control_loop_pipe_sequential_init_U/sf_fu_1652_reg[12]_i_1_n_3. Optimizations did not improve timing on the net.
INFO: [Physopt 32-702] Processed net top_i/StreamingDataflowPartition_1/inst/StreamingDataflowPartition_1_MVAU_hls_0/StreamingDataflowPartition_1_MVAU_hls_0/inst/grp_Matrix_Vector_Activate_Stream_Batch_fu_60/flow_control_loop_pipe_sequential_init_U/sf_fu_1652_reg[8]_i_1_n_3. Optimizations did not improve timing on the net.
INFO: [Physopt 32-702] Processed net top_i/StreamingDataflowPartition_1/inst/StreamingDataflowPartition_1_MVAU_hls_0/StreamingDataflowPartition_1_MVAU_hls_0/inst/grp_Matrix_Vector_Activate_Stream_Batch_fu_60/flow_control_loop_pipe_sequential_init_U/sf_fu_1652_reg[4]_i_1_n_3. Optimizations did not improve timing on the net.
INFO: [Physopt 32-702] Processed net top_i/StreamingDataflowPartition_1/inst/StreamingDataflowPartition_1_MVAU_hls_0/StreamingDataflowPartition_1_MVAU_hls_0/inst/grp_Matrix_Vector_Activate_Stream_Batch_fu_60/flow_control_loop_pipe_sequential_init_U/sf_fu_1652_reg[0]_rep__1_3. Optimizations did not improve timing on the net.
INFO: [Physopt 32-702] Processed net top_i/StreamingDataflowPartition_1/inst/StreamingDataflowPartition_1_MVAU_hls_0/StreamingDataflowPartition_1_MVAU_hls_0/inst/grp_Matrix_Vector_Activate_Stream_Batch_fu_60/flow_control_loop_pipe_sequential_init_U/SR[0]. Optimizations did not improve timing on the net.
INFO: [Physopt 32-702] Processed net top_i/StreamingDataflowPartition_1/inst/StreamingDataflowPartition_1_MVAU_hls_0/StreamingDataflowPartition_1_MVAU_hls_0/inst/grp_Matrix_Vector_Activate_Stream_Batch_fu_60/sf_fu_1652_reg[0]_rep__1_n_3. Optimizations did not improve timing on the net.
INFO: [Physopt 32-702] Processed net top_i/StreamingDataflowPartition_1/inst/StreamingDataflowPartition_1_MVAU_hls_0/StreamingDataflowPartition_1_MVAU_hls_0/inst/grp_Matrix_Vector_Activate_Stream_Batch_fu_60/nf_1_fu_4800_reg_n_3_[16]. Optimizations did not improve timing on the net.
INFO: [Physopt 32-702] Processed net top_i/zynq_ps/inst/FCLK_CLK_unbuffered[0]. Optimizations did not improve timing on the net.
INFO: [Physopt 32-702] Processed net top_i/StreamingDataflowPartition_1/inst/StreamingDataflowPartition_1_MVAU_hls_0/StreamingDataflowPartition_1_MVAU_hls_0/inst/grp_Matrix_Vector_Activate_Stream_Batch_fu_60/flow_control_loop_pipe_sequential_init_U/nf_1_fu_4800. Optimizations did not improve timing on the net.
INFO: [Physopt 32-702] Processed net top_i/StreamingDataflowPartition_1/inst/StreamingDataflowPartition_1_MVAU_hls_0/StreamingDataflowPartition_1_MVAU_hls_0/inst/grp_Matrix_Vector_Activate_Stream_Batch_fu_60/flow_control_loop_pipe_sequential_init_U/sf_fu_1652[31]_i_4_n_3. Optimizations did not improve timing on the net.
INFO: [Physopt 32-702] Processed net top_i/StreamingDataflowPartition_1/inst/StreamingDataflowPartition_1_MVAU_hls_0/StreamingDataflowPartition_1_MVAU_hls_0/inst/grp_Matrix_Vector_Activate_Stream_Batch_fu_60/flow_control_loop_pipe_sequential_init_U/sf_fu_1652_reg[31][22]. Optimizations did not improve timing on the net.
INFO: [Physopt 32-702] Processed net top_i/StreamingDataflowPartition_1/inst/StreamingDataflowPartition_1_MVAU_hls_0/StreamingDataflowPartition_1_MVAU_hls_0/inst/grp_Matrix_Vector_Activate_Stream_Batch_fu_60/flow_control_loop_pipe_sequential_init_U/sf_fu_1652_reg[0]_rep__1_3. Optimizations did not improve timing on the net.
INFO: [Physopt 32-702] Processed net top_i/StreamingDataflowPartition_1/inst/StreamingDataflowPartition_1_MVAU_hls_0/StreamingDataflowPartition_1_MVAU_hls_0/inst/grp_Matrix_Vector_Activate_Stream_Batch_fu_60/flow_control_loop_pipe_sequential_init_U/SR[0]. Optimizations did not improve timing on the net.
INFO: [Physopt 32-702] Processed net top_i/StreamingDataflowPartition_1/inst/StreamingDataflowPartition_1_MVAU_hls_0/StreamingDataflowPartition_1_MVAU_hls_0/inst/grp_Matrix_Vector_Activate_Stream_Batch_fu_60/sf_fu_1652_reg[0]_rep__1_n_3. Optimizations did not improve timing on the net.
INFO: [Physopt 32-619] Estimated Timing Summary | WNS=-1.781 | TNS=-7140.783 |
Netlist sorting complete. Time (s): cpu = 00:00:00.05 ; elapsed = 00:00:00.06 . Memory (MB): peak = 3620.988 ; gain = 0.000 ; free physical = 3091 ; free virtual = 12041
Phase 33 Critical Path Optimization | Checksum: 1ed6f88e3

Time (s): cpu = 00:47:21 ; elapsed = 00:11:05 . Memory (MB): peak = 3620.988 ; gain = 0.000 ; free physical = 3091 ; free virtual = 12041

Phase 34 BRAM Enable Optimization
Phase 34 BRAM Enable Optimization | Checksum: 1ed6f88e3

Time (s): cpu = 00:47:21 ; elapsed = 00:11:05 . Memory (MB): peak = 3620.988 ; gain = 0.000 ; free physical = 3091 ; free virtual = 12041
INFO: [Physopt 32-960] Skip hold-fix as initial WHS does not violate hold threshold 250 ps
Netlist sorting complete. Time (s): cpu = 00:00:00.01 ; elapsed = 00:00:00.01 . Memory (MB): peak = 3620.988 ; gain = 0.000 ; free physical = 3091 ; free virtual = 12043
INFO: [Physopt 32-603] Post Physical Optimization Timing Summary | WNS=-1.781 | TNS=-7140.783 |

Summary of Physical Synthesis Optimizations
============================================


----------------------------------------------------------------------------------------------------------------------------------------------------------------------
|  Optimization            |  WNS Gain (ns)  |  TNS Gain (ns)  |  Added Cells  |  Removed Cells  |  Optimized Cells/Nets  |  Dont Touch  |  Iterations  |  Elapsed   |
----------------------------------------------------------------------------------------------------------------------------------------------------------------------
|  Fanout                  |          0.000  |        166.236  |           23  |              0  |                     4  |           0  |           3  |  00:01:36  |
|  Single Cell Placement   |          0.000  |       1081.039  |            0  |              0  |                   157  |           0  |           4  |  00:02:30  |
|  Multi Cell Placement    |          0.000  |          2.537  |            0  |              0  |                    24  |           0  |           4  |  00:03:03  |
|  Rewire                  |          0.000  |        202.294  |            8  |              0  |                    18  |           0  |           3  |  00:00:24  |
|  Critical Cell           |          0.000  |        -17.446  |           63  |              0  |                    38  |           0  |           3  |  00:02:30  |
|  SLR Crossing            |          0.000  |          0.000  |            0  |              0  |                     0  |           0  |           3  |  00:00:00  |
|  DSP Register            |          0.000  |          0.000  |            0  |              0  |                     0  |           0  |           2  |  00:00:00  |
|  BRAM Register           |          0.000  |          0.000  |            0  |              0  |                     0  |           0  |           2  |  00:00:00  |
|  URAM Register           |          0.000  |          0.000  |            0  |              0  |                     0  |           0  |           2  |  00:00:00  |
|  Shift Register          |          0.000  |          0.000  |            0  |              0  |                     0  |           0  |           2  |  00:00:00  |
|  Critical Pin            |          0.041  |          7.753  |            0  |              0  |                    20  |           0  |           1  |  00:00:01  |
|  Very High Fanout        |          0.000  |          0.040  |            3  |              0  |                     2  |           1  |           1  |  00:00:09  |
|  BRAM Enable             |          0.000  |          0.000  |            0  |              0  |                     0  |           0  |           1  |  00:00:00  |
|  Critical Path           |          0.029  |          2.878  |            0  |              0  |                     2  |           0  |           2  |  00:00:31  |
|  Total                   |          0.070  |       1445.331  |           97  |              0  |                   265  |           1  |          33  |  00:10:44  |
----------------------------------------------------------------------------------------------------------------------------------------------------------------------


Netlist sorting complete. Time (s): cpu = 00:00:00.01 ; elapsed = 00:00:00.01 . Memory (MB): peak = 3620.988 ; gain = 0.000 ; free physical = 3067 ; free virtual = 12036
Ending Physical Synthesis Task | Checksum: 1f3e2f585

Time (s): cpu = 00:47:23 ; elapsed = 00:11:07 . Memory (MB): peak = 3620.988 ; gain = 0.000 ; free physical = 3074 ; free virtual = 12041
INFO: [Common 17-83] Releasing license: Implementation
1762 Infos, 201 Warnings, 0 Critical Warnings and 0 Errors encountered.
phys_opt_design completed successfully
phys_opt_design: Time (s): cpu = 00:47:46 ; elapsed = 00:11:14 . Memory (MB): peak = 3620.988 ; gain = 0.000 ; free physical = 3073 ; free virtual = 12043
INFO: [Timing 38-480] Writing timing data to binary archive.
Write ShapeDB Complete: Time (s): cpu = 00:00:00.8 ; elapsed = 00:00:00.17 . Memory (MB): peak = 3620.988 ; gain = 0.000 ; free physical = 3105 ; free virtual = 12046
Wrote PlaceDB: Time (s): cpu = 00:00:12 ; elapsed = 00:00:04 . Memory (MB): peak = 3620.988 ; gain = 0.000 ; free physical = 3025 ; free virtual = 12004
Wrote PulsedLatchDB: Time (s): cpu = 00:00:00 ; elapsed = 00:00:00.01 . Memory (MB): peak = 3620.988 ; gain = 0.000 ; free physical = 3025 ; free virtual = 12004
Writing XDEF routing.
Writing XDEF routing logical nets.
Writing XDEF routing special nets.
Wrote RouteStorage: Time (s): cpu = 00:00:00.41 ; elapsed = 00:00:00.15 . Memory (MB): peak = 3620.988 ; gain = 0.000 ; free physical = 3019 ; free virtual = 12006
Wrote Netlist Cache: Time (s): cpu = 00:00:00.17 ; elapsed = 00:00:00.07 . Memory (MB): peak = 3620.988 ; gain = 0.000 ; free physical = 2999 ; free virtual = 11995
Wrote Device Cache: Time (s): cpu = 00:00:00.03 ; elapsed = 00:00:00.01 . Memory (MB): peak = 3620.988 ; gain = 0.000 ; free physical = 3002 ; free virtual = 11992
Write Physdb Complete: Time (s): cpu = 00:00:13 ; elapsed = 00:00:04 . Memory (MB): peak = 3620.988 ; gain = 0.000 ; free physical = 2995 ; free virtual = 11986
INFO: [Common 17-1381] The checkpoint '/tmp/finn_dev_root/vivado_zynq_proj_9n5w7zv_/finn_zynq_link.runs/impl_1/top_wrapper_physopt.dcp' has been generated.
write_checkpoint: Time (s): cpu = 00:00:24 ; elapsed = 00:00:12 . Memory (MB): peak = 3640.762 ; gain = 19.773 ; free physical = 3108 ; free virtual = 11971
Command: route_design -directive NoTimingRelaxation
Attempting to get a license for feature 'Implementation' and/or device 'xc7z020'
INFO: [Common 17-349] Got license for feature 'Implementation' and/or device 'xc7z020'
INFO: [DRC 23-27] Running DRC with 8 threads
INFO: [Vivado_Tcl 4-198] DRC finished with 0 Errors
INFO: [Vivado_Tcl 4-199] Please refer to the DRC report (report_drc) for more information.
Running DRC as a precondition to command route_design
INFO: [DRC 23-27] Running DRC with 8 threads
INFO: [Vivado_Tcl 4-198] DRC finished with 0 Errors
INFO: [Vivado_Tcl 4-199] Please refer to the DRC report (report_drc) for more information.


Starting Routing Task
INFO: [Route 35-270] Using Router directive 'NoTimingRelaxation'.
INFO: [Route 35-254] Multithreading enabled for route_design using a maximum of 8 CPUs

Phase 1 Build RT Design
Checksum: PlaceDB: a6d3a861 ConstDB: 0 ShapeSum: 6e3cc4f9 RouteDB: 0
Post Restoration Checksum: NetGraph: 1049771c | NumContArr: 222e2311 | Constraints: c2a8fa9d | Timing: c2a8fa9d
Phase 1 Build RT Design | Checksum: 1b7c98f67

Time (s): cpu = 00:01:12 ; elapsed = 00:00:48 . Memory (MB): peak = 3696.031 ; gain = 20.484 ; free physical = 2992 ; free virtual = 11906

Phase 2 Router Initialization

Phase 2.1 Fix Topology Constraints
Phase 2.1 Fix Topology Constraints | Checksum: 1b7c98f67

Time (s): cpu = 00:01:13 ; elapsed = 00:00:49 . Memory (MB): peak = 3697.031 ; gain = 21.484 ; free physical = 2963 ; free virtual = 11912

Phase 2.2 Pre Route Cleanup
Phase 2.2 Pre Route Cleanup | Checksum: 1b7c98f67

Time (s): cpu = 00:01:13 ; elapsed = 00:00:49 . Memory (MB): peak = 3697.031 ; gain = 21.484 ; free physical = 2961 ; free virtual = 11912
 Number of Nodes with overlaps = 0

Phase 2.3 Update Timing
Phase 2.3 Update Timing | Checksum: 20dfda47c

Time (s): cpu = 00:01:53 ; elapsed = 00:01:04 . Memory (MB): peak = 3730.047 ; gain = 54.500 ; free physical = 2927 ; free virtual = 11896
INFO: [Route 35-416] Intermediate Timing Summary | WNS=-1.625 | TNS=-5091.172| WHS=-0.236 | THS=-446.172|


Phase 2.4 Update Timing for Bus Skew

Phase 2.4.1 Update Timing
Phase 2.4.1 Update Timing | Checksum: 2712d6f45

Time (s): cpu = 00:02:20 ; elapsed = 00:01:12 . Memory (MB): peak = 3740.047 ; gain = 64.500 ; free physical = 2936 ; free virtual = 11897
INFO: [Route 35-416] Intermediate Timing Summary | WNS=-1.625 | TNS=-4598.290| WHS=N/A    | THS=N/A    |

Phase 2.4 Update Timing for Bus Skew | Checksum: 234bfa2c7

Time (s): cpu = 00:02:20 ; elapsed = 00:01:12 . Memory (MB): peak = 3756.047 ; gain = 80.500 ; free physical = 2930 ; free virtual = 11904

Router Utilization Summary
  Global Vertical Routing Utilization    = 0 %
  Global Horizontal Routing Utilization  = 0 %
  Routable Net Status*
  *Does not include unroutable nets such as driverless and loadless.
  Run report_route_status for detailed report.
  Number of Failed Nets               = 32963
    (Failed Nets is the sum of unrouted and partially routed nets)
  Number of Unrouted Nets             = 32963
  Number of Partially Routed Nets     = 0
  Number of Node Overlaps             = 0

Phase 2 Router Initialization | Checksum: 1e7cd622c

Time (s): cpu = 00:02:22 ; elapsed = 00:01:13 . Memory (MB): peak = 3756.047 ; gain = 80.500 ; free physical = 2868 ; free virtual = 11885

Phase 3 Initial Routing

Phase 3.1 Global Routing
Phase 3.1 Global Routing | Checksum: 1e7cd622c

Time (s): cpu = 00:02:22 ; elapsed = 00:01:13 . Memory (MB): peak = 3756.047 ; gain = 80.500 ; free physical = 2867 ; free virtual = 11885

Phase 3.2 Initial Net Routing
Phase 3.2 Initial Net Routing | Checksum: 26548709c

Time (s): cpu = 00:02:59 ; elapsed = 00:01:24 . Memory (MB): peak = 3779.047 ; gain = 103.500 ; free physical = 2979 ; free virtual = 11856
Phase 3 Initial Routing | Checksum: 26548709c

Time (s): cpu = 00:03:00 ; elapsed = 00:01:24 . Memory (MB): peak = 3779.047 ; gain = 103.500 ; free physical = 2974 ; free virtual = 11854

Phase 4 Rip-up And Reroute

Phase 4.1 Global Iteration 0
 Number of Nodes with overlaps = 9120
 Number of Nodes with overlaps = 4107
 Number of Nodes with overlaps = 2264
 Number of Nodes with overlaps = 1268
 Number of Nodes with overlaps = 461
 Number of Nodes with overlaps = 271
 Number of Nodes with overlaps = 128
 Number of Nodes with overlaps = 73
INFO: [Route 35-416] Intermediate Timing Summary | WNS=-2.193 | TNS=-13066.840| WHS=N/A    | THS=N/A    |

WARNING: [Route 35-447] Congestion is preventing the router from routing all nets. The router will prioritize the successful completion of routing all nets over timing optimizations.
Phase 4.1 Global Iteration 0 | Checksum: 30ef0659b

Time (s): cpu = 00:13:28 ; elapsed = 00:05:02 . Memory (MB): peak = 3792.047 ; gain = 116.500 ; free physical = 2970 ; free virtual = 11872

Phase 4.2 Global Iteration 1
 Number of Nodes with overlaps = 1450
 Number of Nodes with overlaps = 671
 Number of Nodes with overlaps = 295
 Number of Nodes with overlaps = 115
 Number of Nodes with overlaps = 36
 Number of Nodes with overlaps = 20
 Number of Nodes with overlaps = 6
 Number of Nodes with overlaps = 3
 Number of Nodes with overlaps = 2
 Number of Nodes with overlaps = 2
 Number of Nodes with overlaps = 1
 Number of Nodes with overlaps = 0
INFO: [Route 35-416] Intermediate Timing Summary | WNS=-2.246 | TNS=-12254.380| WHS=N/A    | THS=N/A    |

Phase 4.2 Global Iteration 1 | Checksum: 291c9888a

Time (s): cpu = 00:16:00 ; elapsed = 00:06:12 . Memory (MB): peak = 3792.047 ; gain = 116.500 ; free physical = 2914 ; free virtual = 11802

Phase 4.3 Global Iteration 2
 Number of Nodes with overlaps = 136
 Number of Nodes with overlaps = 202
 Number of Nodes with overlaps = 306
 Number of Nodes with overlaps = 165
 Number of Nodes with overlaps = 104
 Number of Nodes with overlaps = 49
 Number of Nodes with overlaps = 60
 Number of Nodes with overlaps = 51
 Number of Nodes with overlaps = 23
 Number of Nodes with overlaps = 14
 Number of Nodes with overlaps = 3
 Number of Nodes with overlaps = 6
 Number of Nodes with overlaps = 5
 Number of Nodes with overlaps = 0
INFO: [Route 35-416] Intermediate Timing Summary | WNS=-2.206 | TNS=-11103.474| WHS=N/A    | THS=N/A    |

Phase 4.3 Global Iteration 2 | Checksum: 2127143bc

Time (s): cpu = 00:17:59 ; elapsed = 00:07:30 . Memory (MB): peak = 3792.047 ; gain = 116.500 ; free physical = 2889 ; free virtual = 11877

Phase 4.4 Global Iteration 3
 Number of Nodes with overlaps = 1772
 Number of Nodes with overlaps = 689
 Number of Nodes with overlaps = 350
 Number of Nodes with overlaps = 178
 Number of Nodes with overlaps = 92
 Number of Nodes with overlaps = 92
 Number of Nodes with overlaps = 30
 Number of Nodes with overlaps = 25
 Number of Nodes with overlaps = 23
 Number of Nodes with overlaps = 11
 Number of Nodes with overlaps = 15
 Number of Nodes with overlaps = 2
 Number of Nodes with overlaps = 1
 Number of Nodes with overlaps = 3
 Number of Nodes with overlaps = 1
 Number of Nodes with overlaps = 2
 Number of Nodes with overlaps = 5
 Number of Nodes with overlaps = 1
 Number of Nodes with overlaps = 2
 Number of Nodes with overlaps = 1
 Number of Nodes with overlaps = 0
INFO: [Route 35-416] Intermediate Timing Summary | WNS=-2.369 | TNS=-11183.249| WHS=N/A    | THS=N/A    |

Phase 4.4 Global Iteration 3 | Checksum: 27bd3fe41

Time (s): cpu = 00:21:40 ; elapsed = 00:09:34 . Memory (MB): peak = 3792.047 ; gain = 116.500 ; free physical = 2931 ; free virtual = 11897
Phase 4 Rip-up And Reroute | Checksum: 27bd3fe41

Time (s): cpu = 00:21:40 ; elapsed = 00:09:34 . Memory (MB): peak = 3792.047 ; gain = 116.500 ; free physical = 2931 ; free virtual = 11899

Phase 5 Delay and Skew Optimization

Phase 5.1 Delay CleanUp

Phase 5.1.1 Update Timing
Phase 5.1.1 Update Timing | Checksum: 24df3bc4f

Time (s): cpu = 00:21:51 ; elapsed = 00:09:38 . Memory (MB): peak = 3792.047 ; gain = 116.500 ; free physical = 2936 ; free virtual = 11862
INFO: [Route 35-416] Intermediate Timing Summary | WNS=-2.096 | TNS=-10208.629| WHS=N/A    | THS=N/A    |

 Number of Nodes with overlaps = 0
Phase 5.1 Delay CleanUp | Checksum: 2225c5d82

Time (s): cpu = 00:21:54 ; elapsed = 00:09:38 . Memory (MB): peak = 3792.047 ; gain = 116.500 ; free physical = 2909 ; free virtual = 11866

Phase 5.2 Clock Skew Optimization
Phase 5.2 Clock Skew Optimization | Checksum: 2225c5d82

Time (s): cpu = 00:21:54 ; elapsed = 00:09:38 . Memory (MB): peak = 3792.047 ; gain = 116.500 ; free physical = 2905 ; free virtual = 11865
Phase 5 Delay and Skew Optimization | Checksum: 2225c5d82

Time (s): cpu = 00:21:54 ; elapsed = 00:09:39 . Memory (MB): peak = 3792.047 ; gain = 116.500 ; free physical = 2904 ; free virtual = 11864

Phase 6 Post Hold Fix

Phase 6.1 Hold Fix Iter

Phase 6.1.1 Update Timing
Phase 6.1.1 Update Timing | Checksum: 289382a83

Time (s): cpu = 00:22:06 ; elapsed = 00:09:43 . Memory (MB): peak = 3792.047 ; gain = 116.500 ; free physical = 2925 ; free virtual = 11869
INFO: [Route 35-416] Intermediate Timing Summary | WNS=-2.096 | TNS=-10208.264| WHS=0.026  | THS=0.000  |

Phase 6.1 Hold Fix Iter | Checksum: 19cfd761d

Time (s): cpu = 00:22:06 ; elapsed = 00:09:43 . Memory (MB): peak = 3792.047 ; gain = 116.500 ; free physical = 2922 ; free virtual = 11869
Phase 6 Post Hold Fix | Checksum: 19cfd761d

Time (s): cpu = 00:22:06 ; elapsed = 00:09:43 . Memory (MB): peak = 3792.047 ; gain = 116.500 ; free physical = 2919 ; free virtual = 11868

Phase 7 Timing Verification

Phase 7.1 Update Timing
Phase 7.1 Update Timing | Checksum: 224a461dc

Time (s): cpu = 00:22:20 ; elapsed = 00:09:47 . Memory (MB): peak = 3792.047 ; gain = 116.500 ; free physical = 2895 ; free virtual = 11867
INFO: [Route 35-416] Intermediate Timing Summary | WNS=-2.096 | TNS=-10208.288| WHS=N/A    | THS=N/A    |

Phase 7 Timing Verification | Checksum: 224a461dc

Time (s): cpu = 00:22:21 ; elapsed = 00:09:47 . Memory (MB): peak = 3792.047 ; gain = 116.500 ; free physical = 2894 ; free virtual = 11868

Phase 8 Route finalize

Router Utilization Summary
  Global Vertical Routing Utilization    = 9.50409 %
  Global Horizontal Routing Utilization  = 13.9022 %
  Routable Net Status*
  *Does not include unroutable nets such as driverless and loadless.
  Run report_route_status for detailed report.
  Number of Failed Nets               = 0
    (Failed Nets is the sum of unrouted and partially routed nets)
  Number of Unrouted Nets             = 0
  Number of Partially Routed Nets     = 0
  Number of Node Overlaps             = 0


--GLOBAL Congestion:
Utilization threshold used for congestion level computation: 0.85
Congestion Report
North Dir 1x1 Area, Max Cong = 80.1802%, No Congested Regions.
South Dir 1x1 Area, Max Cong = 81.982%, No Congested Regions.
East Dir 1x1 Area, Max Cong = 98.5294%, Congestion bounded by tiles (Lower Left Tile -> Upper Right Tile):
   INT_R_X15Y29 -> INT_R_X15Y29
   INT_R_X17Y27 -> INT_R_X17Y27
   INT_R_X15Y23 -> INT_R_X15Y23
   INT_R_X17Y20 -> INT_R_X17Y20
   INT_R_X15Y19 -> INT_R_X15Y19
West Dir 1x1 Area, Max Cong = 94.1176%, Congestion bounded by tiles (Lower Left Tile -> Upper Right Tile):
   INT_L_X34Y14 -> INT_L_X34Y14
   INT_R_X33Y12 -> INT_R_X33Y12
   INT_R_X35Y12 -> INT_R_X35Y12
   INT_L_X52Y12 -> INT_L_X52Y12
   INT_L_X28Y11 -> INT_L_X28Y11

------------------------------
Reporting congestion hotspots
------------------------------
Direction: North
----------------
Congested clusters found at Level 0
Effective congestion level: 0 Aspect Ratio: 1 Sparse Ratio: 0
Direction: South
----------------
Congested clusters found at Level 0
Effective congestion level: 0 Aspect Ratio: 1 Sparse Ratio: 0
Direction: East
----------------
Congested clusters found at Level 0
Effective congestion level: 2 Aspect Ratio: 0.75 Sparse Ratio: 0.5625
Direction: West
----------------
Congested clusters found at Level 0
Effective congestion level: 1 Aspect Ratio: 0.666667 Sparse Ratio: 1

Phase 8 Route finalize | Checksum: 224a461dc

Time (s): cpu = 00:22:21 ; elapsed = 00:09:48 . Memory (MB): peak = 3792.047 ; gain = 116.500 ; free physical = 2886 ; free virtual = 11869

Phase 9 Verifying routed nets

 Verification completed successfully
Phase 9 Verifying routed nets | Checksum: 224a461dc

Time (s): cpu = 00:22:22 ; elapsed = 00:09:48 . Memory (MB): peak = 3792.047 ; gain = 116.500 ; free physical = 2879 ; free virtual = 11869

Phase 10 Depositing Routes
Phase 10 Depositing Routes | Checksum: 237746831

Time (s): cpu = 00:22:26 ; elapsed = 00:09:50 . Memory (MB): peak = 3792.047 ; gain = 116.500 ; free physical = 2947 ; free virtual = 11906

Phase 11 Incr Placement Change
Netlist sorting complete. Time (s): cpu = 00:00:00.01 ; elapsed = 00:00:00.01 . Memory (MB): peak = 3792.047 ; gain = 0.000 ; free physical = 2952 ; free virtual = 11883
INFO: [Place 30-746] Post Placement Timing Summary WNS=-2.090. For the most accurate timing information please run report_timing.
Ending IncrPlace Task | Checksum: 11b753ffc

Time (s): cpu = 00:01:09 ; elapsed = 00:00:37 . Memory (MB): peak = 3792.047 ; gain = 0.000 ; free physical = 2811 ; free virtual = 11807
Phase 11 Incr Placement Change | Checksum: 11b753ffc

Time (s): cpu = 00:23:37 ; elapsed = 00:10:29 . Memory (MB): peak = 3792.047 ; gain = 116.500 ; free physical = 2818 ; free virtual = 11801

Phase 12 Build RT Design
Checksum: PlaceDB: 7b372131 ConstDB: 0 ShapeSum: 8b2a32c8 RouteDB: 1513ec03
Post Restoration Checksum: NetGraph: d4d009b | NumContArr: 476b1207 | Constraints: c2a8fa9d | Timing: c2a8fa9d
Phase 12 Build RT Design | Checksum: 1da0a07dc

Time (s): cpu = 00:24:01 ; elapsed = 00:10:38 . Memory (MB): peak = 3792.047 ; gain = 116.500 ; free physical = 2877 ; free virtual = 11805

Phase 13 Router Initialization

Phase 13.1 Fix Topology Constraints
Phase 13.1 Fix Topology Constraints | Checksum: 1da0a07dc

Time (s): cpu = 00:24:02 ; elapsed = 00:10:38 . Memory (MB): peak = 3792.047 ; gain = 116.500 ; free physical = 2900 ; free virtual = 11802

Phase 13.2 Pre Route Cleanup
Phase 13.2 Pre Route Cleanup | Checksum: 275278cae

Time (s): cpu = 00:24:03 ; elapsed = 00:10:38 . Memory (MB): peak = 3792.047 ; gain = 116.500 ; free physical = 2885 ; free virtual = 11801
 Number of Nodes with overlaps = 0

Phase 13.3 Update Timing
Phase 13.3 Update Timing | Checksum: 23517dfab

Time (s): cpu = 00:24:43 ; elapsed = 00:10:52 . Memory (MB): peak = 3792.047 ; gain = 116.500 ; free physical = 2803 ; free virtual = 11748
INFO: [Route 35-416] Intermediate Timing Summary | WNS=-2.097 | TNS=-11214.413| WHS=-0.236 | THS=-444.444|


Phase 13.4 Update Timing for Bus Skew

Phase 13.4.1 Update Timing
Phase 13.4.1 Update Timing | Checksum: 24327a367

Time (s): cpu = 00:25:09 ; elapsed = 00:11:00 . Memory (MB): peak = 3792.047 ; gain = 116.500 ; free physical = 2776 ; free virtual = 11717
INFO: [Route 35-416] Intermediate Timing Summary | WNS=-2.097 | TNS=-10362.535| WHS=N/A    | THS=N/A    |

Phase 13.4 Update Timing for Bus Skew | Checksum: 296f7a32c

Time (s): cpu = 00:25:10 ; elapsed = 00:11:00 . Memory (MB): peak = 3798.113 ; gain = 122.566 ; free physical = 2775 ; free virtual = 11724

Router Utilization Summary
  Global Vertical Routing Utilization    = 9.49177 %
  Global Horizontal Routing Utilization  = 13.8881 %
  Routable Net Status*
  *Does not include unroutable nets such as driverless and loadless.
  Run report_route_status for detailed report.
  Number of Failed Nets               = 114
    (Failed Nets is the sum of unrouted and partially routed nets)
  Number of Unrouted Nets             = 29
  Number of Partially Routed Nets     = 85
  Number of Node Overlaps             = 0

Phase 13 Router Initialization | Checksum: 296f7a32c

Time (s): cpu = 00:25:12 ; elapsed = 00:11:01 . Memory (MB): peak = 3798.113 ; gain = 122.566 ; free physical = 2762 ; free virtual = 11737

Phase 14 Initial Routing

Phase 14.1 Global Routing
Phase 14.1 Global Routing | Checksum: 296f7a32c

Time (s): cpu = 00:25:12 ; elapsed = 00:11:01 . Memory (MB): peak = 3798.113 ; gain = 122.566 ; free physical = 2759 ; free virtual = 11739

Phase 14.2 Initial Net Routing
Phase 14.2 Initial Net Routing | Checksum: 2cb3dca5b

Time (s): cpu = 00:25:14 ; elapsed = 00:11:01 . Memory (MB): peak = 3798.113 ; gain = 122.566 ; free physical = 2784 ; free virtual = 11732
Phase 14 Initial Routing | Checksum: 2cb3dca5b

Time (s): cpu = 00:25:14 ; elapsed = 00:11:01 . Memory (MB): peak = 3798.113 ; gain = 122.566 ; free physical = 2780 ; free virtual = 11734

Phase 15 Rip-up And Reroute

Phase 15.1 Global Iteration 0
 Number of Nodes with overlaps = 1826
 Number of Nodes with overlaps = 1244
 Number of Nodes with overlaps = 936
 Number of Nodes with overlaps = 509
 Number of Nodes with overlaps = 328
 Number of Nodes with overlaps = 138
 Number of Nodes with overlaps = 72
 Number of Nodes with overlaps = 33
 Number of Nodes with overlaps = 14
 Number of Nodes with overlaps = 7
 Number of Nodes with overlaps = 4
 Number of Nodes with overlaps = 4
 Number of Nodes with overlaps = 3
 Number of Nodes with overlaps = 2
 Number of Nodes with overlaps = 2
 Number of Nodes with overlaps = 1
 Number of Nodes with overlaps = 0
INFO: [Route 35-416] Intermediate Timing Summary | WNS=-2.275 | TNS=-11871.051| WHS=N/A    | THS=N/A    |

Phase 15.1 Global Iteration 0 | Checksum: 1f2d1b234

Time (s): cpu = 00:28:05 ; elapsed = 00:12:16 . Memory (MB): peak = 3798.113 ; gain = 122.566 ; free physical = 2399 ; free virtual = 11432

Phase 15.2 Global Iteration 1
 Number of Nodes with overlaps = 2253
 Number of Nodes with overlaps = 960
 Number of Nodes with overlaps = 625
 Number of Nodes with overlaps = 250
 Number of Nodes with overlaps = 132
 Number of Nodes with overlaps = 106
 Number of Nodes with overlaps = 74
 Number of Nodes with overlaps = 29
 Number of Nodes with overlaps = 15
 Number of Nodes with overlaps = 7
 Number of Nodes with overlaps = 4
 Number of Nodes with overlaps = 3
 Number of Nodes with overlaps = 2
 Number of Nodes with overlaps = 0
INFO: [Route 35-416] Intermediate Timing Summary | WNS=-2.217 | TNS=-11625.387| WHS=N/A    | THS=N/A    |

Phase 15.2 Global Iteration 1 | Checksum: 2383408d0

Time (s): cpu = 00:31:04 ; elapsed = 00:13:44 . Memory (MB): peak = 3798.113 ; gain = 122.566 ; free physical = 2482 ; free virtual = 11497

Phase 15.3 Global Iteration 2
 Number of Nodes with overlaps = 1844
 Number of Nodes with overlaps = 673
 Number of Nodes with overlaps = 247
 Number of Nodes with overlaps = 126
 Number of Nodes with overlaps = 73
 Number of Nodes with overlaps = 40
 Number of Nodes with overlaps = 22
 Number of Nodes with overlaps = 16
 Number of Nodes with overlaps = 9
 Number of Nodes with overlaps = 19
 Number of Nodes with overlaps = 8
 Number of Nodes with overlaps = 1
 Number of Nodes with overlaps = 10
 Number of Nodes with overlaps = 39
 Number of Nodes with overlaps = 13
 Number of Nodes with overlaps = 12
 Number of Nodes with overlaps = 6
 Number of Nodes with overlaps = 1
 Number of Nodes with overlaps = 0
INFO: [Route 35-416] Intermediate Timing Summary | WNS=-2.351 | TNS=-12648.630| WHS=N/A    | THS=N/A    |

Phase 15.3 Global Iteration 2 | Checksum: 219007b8f

Time (s): cpu = 00:33:48 ; elapsed = 00:15:25 . Memory (MB): peak = 3798.113 ; gain = 122.566 ; free physical = 2770 ; free virtual = 11758
Phase 15 Rip-up And Reroute | Checksum: 219007b8f

Time (s): cpu = 00:33:48 ; elapsed = 00:15:25 . Memory (MB): peak = 3798.113 ; gain = 122.566 ; free physical = 2768 ; free virtual = 11758

Phase 16 Delay and Skew Optimization

Phase 16.1 Delay CleanUp

Phase 16.1.1 Update Timing
Phase 16.1.1 Update Timing | Checksum: 2079b5161

Time (s): cpu = 00:34:00 ; elapsed = 00:15:29 . Memory (MB): peak = 3798.113 ; gain = 122.566 ; free physical = 2715 ; free virtual = 11715
INFO: [Route 35-416] Intermediate Timing Summary | WNS=-2.169 | TNS=-10748.220| WHS=N/A    | THS=N/A    |

 Number of Nodes with overlaps = 0
Phase 16.1 Delay CleanUp | Checksum: 31facc769

Time (s): cpu = 00:34:02 ; elapsed = 00:15:30 . Memory (MB): peak = 3798.113 ; gain = 122.566 ; free physical = 2687 ; free virtual = 11725

Phase 16.2 Clock Skew Optimization
Phase 16.2 Clock Skew Optimization | Checksum: 31facc769

Time (s): cpu = 00:34:02 ; elapsed = 00:15:30 . Memory (MB): peak = 3798.113 ; gain = 122.566 ; free physical = 2686 ; free virtual = 11726
Phase 16 Delay and Skew Optimization | Checksum: 31facc769

Time (s): cpu = 00:34:03 ; elapsed = 00:15:30 . Memory (MB): peak = 3798.113 ; gain = 122.566 ; free physical = 2689 ; free virtual = 11730

Phase 17 Post Hold Fix

Phase 17.1 Hold Fix Iter

Phase 17.1.1 Update Timing
Phase 17.1.1 Update Timing | Checksum: 347f65f55

Time (s): cpu = 00:34:14 ; elapsed = 00:15:34 . Memory (MB): peak = 3798.113 ; gain = 122.566 ; free physical = 2743 ; free virtual = 11733
INFO: [Route 35-416] Intermediate Timing Summary | WNS=-2.152 | TNS=-10660.259| WHS=0.026  | THS=0.000  |

Phase 17.1 Hold Fix Iter | Checksum: 28f553529

Time (s): cpu = 00:34:15 ; elapsed = 00:15:34 . Memory (MB): peak = 3798.113 ; gain = 122.566 ; free physical = 2735 ; free virtual = 11730
Phase 17 Post Hold Fix | Checksum: 28f553529

Time (s): cpu = 00:34:15 ; elapsed = 00:15:34 . Memory (MB): peak = 3798.113 ; gain = 122.566 ; free physical = 2734 ; free virtual = 11730

Phase 18 Timing Verification

Phase 18.1 Update Timing
Phase 18.1 Update Timing | Checksum: 2bbf2c58f

Time (s): cpu = 00:34:29 ; elapsed = 00:15:39 . Memory (MB): peak = 3798.113 ; gain = 122.566 ; free physical = 2714 ; free virtual = 11754
INFO: [Route 35-416] Intermediate Timing Summary | WNS=-2.152 | TNS=-10660.271| WHS=N/A    | THS=N/A    |

Phase 18 Timing Verification | Checksum: 2bbf2c58f

Time (s): cpu = 00:34:29 ; elapsed = 00:15:39 . Memory (MB): peak = 3798.113 ; gain = 122.566 ; free physical = 2712 ; free virtual = 11754

Phase 19 Reset Design
INFO: [Route 35-307] 32978 nets already restored were skipped.
Post Restoration Checksum: NetGraph: ec331a5f | NumContArr: 84446516 | Constraints: c2a8fa9d | Timing: 8f920e09

Phase 19.1 Create Timer
Phase 19.1 Create Timer | Checksum: 2c2b2881b

Time (s): cpu = 00:34:30 ; elapsed = 00:15:39 . Memory (MB): peak = 3798.113 ; gain = 122.566 ; free physical = 2721 ; free virtual = 11753
Phase 19 Reset Design | Checksum: 2c2b2881b

Time (s): cpu = 00:34:43 ; elapsed = 00:15:41 . Memory (MB): peak = 3807.613 ; gain = 132.066 ; free physical = 2653 ; free virtual = 11675

Phase 20 Post Router Timing
INFO: [Route 35-20] Post Routing Timing Summary | WNS=-2.094 | TNS=-10209.571| WHS=0.026  | THS=0.000  |

Phase 20 Post Router Timing | Checksum: 2cb69afa1

Time (s): cpu = 00:35:13 ; elapsed = 00:15:49 . Memory (MB): peak = 3807.613 ; gain = 132.066 ; free physical = 2647 ; free virtual = 11674
WARNING: [Route 35-39] The design did not meet timing requirements. Please run report_timing_summary for detailed reports.
Resolution: Verify that the timing was met or had small violations at all previous steps (synthesis, placement, power_opt, and phys_opt). Run report_timing_summary and analyze individual timing paths.
INFO: [Route 35-253] TNS is the sum of the worst slack violation on every endpoint in the design. Review the paths with the biggest WNS violations in the timing reports and modify your constraints or your design to improve both WNS and TNS.
INFO: [Route 35-16] Router Completed Successfully

Phase 21 Post-Route Event Processing
Phase 21 Post-Route Event Processing | Checksum: 1686b6c67

Time (s): cpu = 00:35:15 ; elapsed = 00:15:51 . Memory (MB): peak = 3807.613 ; gain = 132.066 ; free physical = 2677 ; free virtual = 11695
Ending Routing Task | Checksum: 1686b6c67

Time (s): cpu = 00:35:16 ; elapsed = 00:15:53 . Memory (MB): peak = 3807.613 ; gain = 132.066 ; free physical = 2655 ; free virtual = 11701

Routing Is Done.
INFO: [Common 17-83] Releasing license: Implementation
1796 Infos, 203 Warnings, 0 Critical Warnings and 0 Errors encountered.
route_design completed successfully
route_design: Time (s): cpu = 00:35:25 ; elapsed = 00:15:57 . Memory (MB): peak = 3807.613 ; gain = 166.852 ; free physical = 2663 ; free virtual = 11692
INFO: [runtcl-4] Executing : report_drc -file top_wrapper_drc_routed.rpt -pb top_wrapper_drc_routed.pb -rpx top_wrapper_drc_routed.rpx
Command: report_drc -file top_wrapper_drc_routed.rpt -pb top_wrapper_drc_routed.pb -rpx top_wrapper_drc_routed.rpx
INFO: [IP_Flow 19-1839] IP Catalog is up to date.
INFO: [DRC 23-27] Running DRC with 8 threads
INFO: [Vivado_Tcl 2-168] The results of DRC are in file /tmp/finn_dev_root/vivado_zynq_proj_9n5w7zv_/finn_zynq_link.runs/impl_1/top_wrapper_drc_routed.rpt.
report_drc completed successfully
INFO: [runtcl-4] Executing : report_methodology -file top_wrapper_methodology_drc_routed.rpt -pb top_wrapper_methodology_drc_routed.pb -rpx top_wrapper_methodology_drc_routed.rpx
Command: report_methodology -file top_wrapper_methodology_drc_routed.rpt -pb top_wrapper_methodology_drc_routed.pb -rpx top_wrapper_methodology_drc_routed.rpx
INFO: [Timing 38-35] Done setting XDC timing constraints.
INFO: [DRC 23-133] Running Methodology with 8 threads
INFO: [Vivado_Tcl 2-1520] The results of Report Methodology are in file /tmp/finn_dev_root/vivado_zynq_proj_9n5w7zv_/finn_zynq_link.runs/impl_1/top_wrapper_methodology_drc_routed.rpt.
report_methodology completed successfully
report_methodology: Time (s): cpu = 00:00:59 ; elapsed = 00:00:17 . Memory (MB): peak = 3895.656 ; gain = 0.000 ; free physical = 2710 ; free virtual = 11731
INFO: [runtcl-4] Executing : report_power -file top_wrapper_power_routed.rpt -pb top_wrapper_power_summary_routed.pb -rpx top_wrapper_power_routed.rpx
Command: report_power -file top_wrapper_power_routed.rpt -pb top_wrapper_power_summary_routed.pb -rpx top_wrapper_power_routed.rpx
INFO: [Timing 38-35] Done setting XDC timing constraints.
Running Vector-less Activity Propagation...

Finished Running Vector-less Activity Propagation
1806 Infos, 203 Warnings, 0 Critical Warnings and 0 Errors encountered.
report_power completed successfully
report_power: Time (s): cpu = 00:00:42 ; elapsed = 00:00:15 . Memory (MB): peak = 3935.688 ; gain = 40.031 ; free physical = 2531 ; free virtual = 11650
INFO: [runtcl-4] Executing : report_route_status -file top_wrapper_route_status.rpt -pb top_wrapper_route_status.pb
INFO: [runtcl-4] Executing : report_timing_summary -max_paths 10 -report_unconstrained -file top_wrapper_timing_summary_routed.rpt -pb top_wrapper_timing_summary_routed.pb -rpx top_wrapper_timing_summary_routed.rpx
INFO: [Timing 38-91] UpdateTimingParams: Speed grade: -1, Delay Type: min_max.
INFO: [Timing 38-191] Multithreading enabled for timing update using a maximum of 8 CPUs
WARNING: [Timing 38-436] There are set_bus_skew constraint(s) in this design. Please run report_bus_skew to ensure that bus skew requirements are met.
INFO: [runtcl-4] Executing : report_incremental_reuse -file top_wrapper_incremental_reuse_routed.rpt
INFO: [Vivado_Tcl 4-1062] Incremental flow is disabled. No incremental reuse Info to report.
INFO: [runtcl-4] Executing : report_clock_utilization -file top_wrapper_clock_utilization_routed.rpt
INFO: [runtcl-4] Executing : report_bus_skew -warn_on_violation -file top_wrapper_bus_skew_routed.rpt -pb top_wrapper_bus_skew_routed.pb -rpx top_wrapper_bus_skew_routed.rpx
INFO: [Timing 38-91] UpdateTimingParams: Speed grade: -1, Delay Type: min_max.
INFO: [Timing 38-191] Multithreading enabled for timing update using a maximum of 8 CPUs
INFO: [Timing 38-480] Writing timing data to binary archive.
Write ShapeDB Complete: Time (s): cpu = 00:00:01 ; elapsed = 00:00:00.22 . Memory (MB): peak = 3935.688 ; gain = 0.000 ; free physical = 2520 ; free virtual = 11614
Wrote PlaceDB: Time (s): cpu = 00:00:12 ; elapsed = 00:00:04 . Memory (MB): peak = 3935.688 ; gain = 0.000 ; free physical = 2562 ; free virtual = 11669
Wrote PulsedLatchDB: Time (s): cpu = 00:00:00 ; elapsed = 00:00:00 . Memory (MB): peak = 3935.688 ; gain = 0.000 ; free physical = 2562 ; free virtual = 11669
Writing XDEF routing.
Writing XDEF routing logical nets.
Writing XDEF routing special nets.
Wrote RouteStorage: Time (s): cpu = 00:00:02 ; elapsed = 00:00:00.76 . Memory (MB): peak = 3935.688 ; gain = 0.000 ; free physical = 2525 ; free virtual = 11677
Wrote Netlist Cache: Time (s): cpu = 00:00:00.13 ; elapsed = 00:00:00.06 . Memory (MB): peak = 3935.688 ; gain = 0.000 ; free physical = 2576 ; free virtual = 11677
Wrote Device Cache: Time (s): cpu = 00:00:00.02 ; elapsed = 00:00:00.02 . Memory (MB): peak = 3935.688 ; gain = 0.000 ; free physical = 2576 ; free virtual = 11677
Write Physdb Complete: Time (s): cpu = 00:00:14 ; elapsed = 00:00:05 . Memory (MB): peak = 3935.688 ; gain = 0.000 ; free physical = 2572 ; free virtual = 11676
INFO: [Common 17-1381] The checkpoint '/tmp/finn_dev_root/vivado_zynq_proj_9n5w7zv_/finn_zynq_link.runs/impl_1/top_wrapper_routed.dcp' has been generated.
write_checkpoint: Time (s): cpu = 00:00:20 ; elapsed = 00:00:11 . Memory (MB): peak = 3935.688 ; gain = 0.000 ; free physical = 2559 ; free virtual = 11672
Command: phys_opt_design -directive AggressiveExplore
Attempting to get a license for feature 'Implementation' and/or device 'xc7z020'
INFO: [Common 17-349] Got license for feature 'Implementation' and/or device 'xc7z020'
INFO: [Vivado_Tcl 4-241] Physical synthesis in post route mode 
INFO: [Vivado_Tcl 4-137] Directive used for phys_opt_design is: AggressiveExplore

Starting Initial Update Timing Task

Time (s): cpu = 00:00:26 ; elapsed = 00:00:08 . Memory (MB): peak = 3935.688 ; gain = 0.000 ; free physical = 2592 ; free virtual = 11694
INFO: [Vivado_Tcl 4-1435] PhysOpt_Tcl_Interface Runtime Before Starting Physical Synthesis Task | CPU: 28.78s |  WALL: 9.89s
INFO: [DRC 23-27] Running DRC with 8 threads
INFO: [Vivado_Tcl 4-198] DRC finished with 0 Errors
INFO: [Vivado_Tcl 4-199] Please refer to the DRC report (report_drc) for more information.
Netlist sorting complete. Time (s): cpu = 00:00:00.02 ; elapsed = 00:00:00.02 . Memory (MB): peak = 3935.688 ; gain = 0.000 ; free physical = 2571 ; free virtual = 11702

Starting Physical Synthesis Task

Phase 1 Physical Synthesis Initialization
INFO: [Physopt 32-721] Multithreading enabled for phys_opt_design using a maximum of 8 CPUs
INFO: [Physopt 32-668] Current Timing Summary | WNS=-2.094 | TNS=-10209.573 | WHS=0.026 | THS=0.000 |
Phase 1 Physical Synthesis Initialization | Checksum: 1dd3082e9

Time (s): cpu = 00:00:22 ; elapsed = 00:00:08 . Memory (MB): peak = 3935.688 ; gain = 0.000 ; free physical = 2639 ; free virtual = 11712
WARNING: [Physopt 32-745] Physical Optimization has determined that the magnitude of the negative slack is too large and it is highly unlikely that slack will be improved. Post-Route Physical Optimization is most effective when WNS is above -0.5ns

Phase 2 Critical Path Optimization
INFO: [Physopt 32-668] Current Timing Summary | WNS=-2.094 | TNS=-10209.573 | WHS=0.026 | THS=0.000 |
INFO: [Physopt 32-953] Path group WNS did not improve. Path group: clk_fpga_0. Processed net: top_i/StreamingDataflowPartition_1/inst/StreamingDataflowPartition_1_MVAU_hls_0/StreamingDataflowPartition_1_MVAU_hls_0/inst/grp_Matrix_Vector_Activate_Stream_Batch_fu_60/nf_1_fu_4800_reg_n_3_[17].
INFO: [Physopt 32-953] Path group WNS did not improve. Path group: clk_fpga_0. Processed net: top_i/zynq_ps/inst/FCLK_CLK_unbuffered[0].
INFO: [Physopt 32-608] Optimized 1 net.  Swapped 20 pins.
INFO: [Physopt 32-952] Improved path group WNS = -2.091. Path group: clk_fpga_0. Processed net: top_i/StreamingDataflowPartition_1/inst/StreamingDataflowPartition_1_MVAU_hls_0/StreamingDataflowPartition_1_MVAU_hls_0/inst/grp_Matrix_Vector_Activate_Stream_Batch_fu_60/flow_control_loop_pipe_sequential_init_U/nf_1_fu_4800.
INFO: [Physopt 32-663] Processed net top_i/StreamingDataflowPartition_1/inst/StreamingDataflowPartition_1_MVAU_hls_0/StreamingDataflowPartition_1_MVAU_hls_0/inst/grp_Matrix_Vector_Activate_Stream_Batch_fu_60/inputBuf_783_fu_4796[3].  Re-placed instance top_i/StreamingDataflowPartition_1/inst/StreamingDataflowPartition_1_MVAU_hls_0/StreamingDataflowPartition_1_MVAU_hls_0/inst/grp_Matrix_Vector_Activate_Stream_Batch_fu_60/inputBuf_783_fu_4796_reg[3]
INFO: [Physopt 32-952] Improved path group WNS = -2.091. Path group: clk_fpga_0. Processed net: top_i/StreamingDataflowPartition_1/inst/StreamingDataflowPartition_1_MVAU_hls_0/StreamingDataflowPartition_1_MVAU_hls_0/inst/grp_Matrix_Vector_Activate_Stream_Batch_fu_60/inputBuf_783_fu_4796[3].
INFO: [Physopt 32-953] Path group WNS did not improve. Path group: clk_fpga_0. Processed net: top_i/StreamingDataflowPartition_1/inst/StreamingDataflowPartition_1_MVAU_hls_0/StreamingDataflowPartition_1_MVAU_hls_0/inst/grp_Matrix_Vector_Activate_Stream_Batch_fu_60/inputBuf_783_fu_4796[3].
INFO: [Physopt 32-953] Path group WNS did not improve. Path group: clk_fpga_0. Processed net: top_i/StreamingDataflowPartition_1/inst/StreamingDataflowPartition_1_MVAU_hls_0/StreamingDataflowPartition_1_MVAU_hls_0/inst/grp_Matrix_Vector_Activate_Stream_Batch_fu_60/flow_control_loop_pipe_sequential_init_U/inputBuf_783_fu_4796[7]_i_2_n_3.
INFO: [Physopt 32-953] Path group WNS did not improve. Path group: clk_fpga_0. Processed net: top_i/StreamingDataflowPartition_1/inst/StreamingDataflowPartition_1_MVAU_hls_0/StreamingDataflowPartition_1_MVAU_hls_0/inst/grp_Matrix_Vector_Activate_Stream_Batch_fu_60/flow_control_loop_pipe_sequential_init_U/inputBuf_783_fu_4796[7]_i_10_n_3.
INFO: [Physopt 32-953] Path group WNS did not improve. Path group: clk_fpga_0. Processed net: top_i/StreamingDataflowPartition_1/inst/StreamingDataflowPartition_1_MVAU_hls_0/StreamingDataflowPartition_1_MVAU_hls_0/inst/grp_Matrix_Vector_Activate_Stream_Batch_fu_60/flow_control_loop_pipe_sequential_init_U/inputBuf_783_fu_4796[7]_i_54_n_3.
INFO: [Physopt 32-952] Improved path group WNS = -2.089. Path group: clk_fpga_0. Processed net: top_i/StreamingDataflowPartition_1/inst/StreamingDataflowPartition_1_MVAU_hls_0/StreamingDataflowPartition_1_MVAU_hls_0/inst/grp_Matrix_Vector_Activate_Stream_Batch_fu_60/flow_control_loop_pipe_sequential_init_U/inputBuf_404_fu_3280[7]_i_2_n_3.
INFO: [Physopt 32-608] Optimized 1 net.  Swapped 22 pins.
INFO: [Physopt 32-952] Improved path group WNS = -2.042. Path group: clk_fpga_0. Processed net: top_i/StreamingDataflowPartition_1/inst/StreamingDataflowPartition_1_MVAU_hls_0/StreamingDataflowPartition_1_MVAU_hls_0/inst/grp_Matrix_Vector_Activate_Stream_Batch_fu_60/flow_control_loop_pipe_sequential_init_U/inputBuf_404_fu_3280[7]_i_2_n_3.
INFO: [Physopt 32-608] Optimized 1 net.  Swapped 22 pins.
INFO: [Physopt 32-952] Improved path group WNS = -2.031. Path group: clk_fpga_0. Processed net: top_i/StreamingDataflowPartition_1/inst/StreamingDataflowPartition_1_MVAU_hls_0/StreamingDataflowPartition_1_MVAU_hls_0/inst/grp_Matrix_Vector_Activate_Stream_Batch_fu_60/flow_control_loop_pipe_sequential_init_U/inputBuf_404_fu_3280[7]_i_2_n_3.
INFO: [Physopt 32-953] Path group WNS did not improve. Path group: clk_fpga_0. Processed net: top_i/StreamingDataflowPartition_1/inst/StreamingDataflowPartition_1_MVAU_hls_0/StreamingDataflowPartition_1_MVAU_hls_0/inst/grp_Matrix_Vector_Activate_Stream_Batch_fu_60/flow_control_loop_pipe_sequential_init_U/nf_1_fu_4800.
INFO: [Physopt 32-953] Path group WNS did not improve. Path group: clk_fpga_0. Processed net: top_i/StreamingDataflowPartition_1/inst/StreamingDataflowPartition_1_MVAU_hls_0/StreamingDataflowPartition_1_MVAU_hls_0/inst/grp_Matrix_Vector_Activate_Stream_Batch_fu_60/flow_control_loop_pipe_sequential_init_U/sf_fu_1652[31]_i_5_n_3.
INFO: [Physopt 32-953] Path group WNS did not improve. Path group: clk_fpga_0. Processed net: top_i/StreamingDataflowPartition_1/inst/StreamingDataflowPartition_1_MVAU_hls_0/StreamingDataflowPartition_1_MVAU_hls_0/inst/grp_Matrix_Vector_Activate_Stream_Batch_fu_60/flow_control_loop_pipe_sequential_init_U/sf_fu_1652[31]_i_12_n_3.
INFO: [Physopt 32-953] Path group WNS did not improve. Path group: clk_fpga_0. Processed net: top_i/StreamingDataflowPartition_1/inst/StreamingDataflowPartition_1_MVAU_hls_0/StreamingDataflowPartition_1_MVAU_hls_0/inst/grp_Matrix_Vector_Activate_Stream_Batch_fu_60/flow_control_loop_pipe_sequential_init_U/sf_fu_1652_reg[31][23].
INFO: [Physopt 32-953] Path group WNS did not improve. Path group: clk_fpga_0. Processed net: top_i/StreamingDataflowPartition_1/inst/StreamingDataflowPartition_1_MVAU_hls_0/StreamingDataflowPartition_1_MVAU_hls_0/inst/grp_Matrix_Vector_Activate_Stream_Batch_fu_60/flow_control_loop_pipe_sequential_init_U/sf_fu_1652_reg[0]_rep__1_3.
INFO: [Physopt 32-953] Path group WNS did not improve. Path group: clk_fpga_0. Processed net: top_i/StreamingDataflowPartition_1/inst/StreamingDataflowPartition_1_MVAU_hls_0/StreamingDataflowPartition_1_MVAU_hls_0/inst/grp_Matrix_Vector_Activate_Stream_Batch_fu_60/flow_control_loop_pipe_sequential_init_U/SR[0].
INFO: [Physopt 32-703] Processed net top_i/StreamingDataflowPartition_1/inst/StreamingDataflowPartition_1_MVAU_hls_0/StreamingDataflowPartition_1_MVAU_hls_0/inst/grp_Matrix_Vector_Activate_Stream_Batch_fu_60/sf_fu_1652_reg[0]_rep__1_n_3. Clock skew was adjusted for instance top_i/StreamingDataflowPartition_1/inst/StreamingDataflowPartition_1_MVAU_hls_0/StreamingDataflowPartition_1_MVAU_hls_0/inst/grp_Matrix_Vector_Activate_Stream_Batch_fu_60/sf_fu_1652_reg[0]_rep__1.
INFO: [Physopt 32-952] Improved path group WNS = -2.010. Path group: clk_fpga_0. Processed net: top_i/StreamingDataflowPartition_1/inst/StreamingDataflowPartition_1_MVAU_hls_0/StreamingDataflowPartition_1_MVAU_hls_0/inst/grp_Matrix_Vector_Activate_Stream_Batch_fu_60/sf_fu_1652_reg[0]_rep__1_n_3.
INFO: [Physopt 32-953] Path group WNS did not improve. Path group: clk_fpga_0. Processed net: top_i/StreamingDataflowPartition_1/inst/StreamingDataflowPartition_1_MVAU_hls_0/StreamingDataflowPartition_1_MVAU_hls_0/inst/grp_Matrix_Vector_Activate_Stream_Batch_fu_60/flow_control_loop_pipe_sequential_init_U/inputBuf_783_fu_4796[7]_i_5_n_3.
INFO: [Physopt 32-953] Path group WNS did not improve. Path group: clk_fpga_0. Processed net: top_i/StreamingDataflowPartition_1/inst/StreamingDataflowPartition_1_MVAU_hls_0/StreamingDataflowPartition_1_MVAU_hls_0/inst/grp_Matrix_Vector_Activate_Stream_Batch_fu_60/flow_control_loop_pipe_sequential_init_U/inputBuf_783_fu_4796[7]_i_27_n_3.
INFO: [Physopt 32-953] Path group WNS did not improve. Path group: clk_fpga_0. Processed net: top_i/StreamingDataflowPartition_1/inst/StreamingDataflowPartition_1_MVAU_hls_0/StreamingDataflowPartition_1_MVAU_hls_0/inst/grp_Matrix_Vector_Activate_Stream_Batch_fu_60/flow_control_loop_pipe_sequential_init_U/inputBuf_783_fu_4796[7]_i_95_n_3.
INFO: [Physopt 32-608] Optimized 1 net.  Swapped 21 pins.
INFO: [Physopt 32-952] Improved path group WNS = -1.995. Path group: clk_fpga_0. Processed net: top_i/StreamingDataflowPartition_1/inst/StreamingDataflowPartition_1_MVAU_hls_0/StreamingDataflowPartition_1_MVAU_hls_0/inst/grp_Matrix_Vector_Activate_Stream_Batch_fu_60/flow_control_loop_pipe_sequential_init_U/inputBuf_760_fu_4704[7]_i_2_n_3.
INFO: [Physopt 32-953] Path group WNS did not improve. Path group: clk_fpga_0. Processed net: top_i/StreamingDataflowPartition_1/inst/StreamingDataflowPartition_1_MVAU_hls_0/StreamingDataflowPartition_1_MVAU_hls_0/inst/grp_Matrix_Vector_Activate_Stream_Batch_fu_60/tmp_reg_19741[6].
INFO: [Physopt 32-953] Path group WNS did not improve. Path group: clk_fpga_0. Processed net: top_i/StreamingDataflowPartition_1/inst/StreamingDataflowPartition_1_MVAU_hls_0/StreamingDataflowPartition_1_MVAU_hls_0/inst/grp_Matrix_Vector_Activate_Stream_Batch_fu_60/sparsemux_1569_10_8_1_1_U1/tmp_reg_19741_reg[6]_i_3_n_3.
INFO: [Physopt 32-953] Path group WNS did not improve. Path group: clk_fpga_0. Processed net: top_i/StreamingDataflowPartition_1/inst/StreamingDataflowPartition_1_MVAU_hls_0/StreamingDataflowPartition_1_MVAU_hls_0/inst/grp_Matrix_Vector_Activate_Stream_Batch_fu_60/sparsemux_1569_10_8_1_1_U1/tmp_reg_19741_reg[6]_i_7_n_3.
INFO: [Physopt 32-953] Path group WNS did not improve. Path group: clk_fpga_0. Processed net: top_i/StreamingDataflowPartition_1/inst/StreamingDataflowPartition_1_MVAU_hls_0/StreamingDataflowPartition_1_MVAU_hls_0/inst/grp_Matrix_Vector_Activate_Stream_Batch_fu_60/sparsemux_1569_10_8_1_1_U1/tmp_reg_19741[6]_i_17_n_3.
INFO: [Physopt 32-953] Path group WNS did not improve. Path group: clk_fpga_0. Processed net: top_i/StreamingDataflowPartition_1/inst/StreamingDataflowPartition_1_MVAU_hls_0/StreamingDataflowPartition_1_MVAU_hls_0/inst/grp_Matrix_Vector_Activate_Stream_Batch_fu_60/sparsemux_1569_10_8_1_1_U1/tmp_reg_19741_reg[6]_i_39_n_3.
INFO: [Physopt 32-953] Path group WNS did not improve. Path group: clk_fpga_0. Processed net: top_i/StreamingDataflowPartition_1/inst/StreamingDataflowPartition_1_MVAU_hls_0/StreamingDataflowPartition_1_MVAU_hls_0/inst/grp_Matrix_Vector_Activate_Stream_Batch_fu_60/sparsemux_1569_10_8_1_1_U1/tmp_reg_19741_reg[6]_i_94_n_3.
INFO: [Physopt 32-608] Optimized 1 net.  Swapped 6 pins.
INFO: [Physopt 32-952] Improved path group WNS = -1.990. Path group: clk_fpga_0. Processed net: top_i/StreamingDataflowPartition_1/inst/StreamingDataflowPartition_1_MVAU_hls_0/StreamingDataflowPartition_1_MVAU_hls_0/inst/grp_Matrix_Vector_Activate_Stream_Batch_fu_60/flow_control_loop_pipe_sequential_init_U/sf_fu_1652_reg[2]_7.
INFO: [Physopt 32-608] Optimized 1 net.  Swapped 23 pins.
INFO: [Physopt 32-952] Improved path group WNS = -1.972. Path group: clk_fpga_0. Processed net: top_i/StreamingDataflowPartition_1/inst/StreamingDataflowPartition_1_MVAU_hls_0/StreamingDataflowPartition_1_MVAU_hls_0/inst/grp_Matrix_Vector_Activate_Stream_Batch_fu_60/flow_control_loop_pipe_sequential_init_U/inputBuf_783_fu_4796[7]_i_98_n_3.
INFO: [Physopt 32-663] Processed net top_i/StreamingDataflowPartition_1/inst/StreamingDataflowPartition_1_MVAU_hls_2/StreamingDataflowPartition_1_MVAU_hls_2/inst/grp_Matrix_Vector_Activate_Stream_Batch_fu_60/nf_1_fu_1632_reg_n_3_[0].  Re-placed instance top_i/StreamingDataflowPartition_1/inst/StreamingDataflowPartition_1_MVAU_hls_2/StreamingDataflowPartition_1_MVAU_hls_2/inst/grp_Matrix_Vector_Activate_Stream_Batch_fu_60/nf_1_fu_1632_reg[0]
INFO: [Physopt 32-952] Improved path group WNS = -1.963. Path group: clk_fpga_0. Processed net: top_i/StreamingDataflowPartition_1/inst/StreamingDataflowPartition_1_MVAU_hls_2/StreamingDataflowPartition_1_MVAU_hls_2/inst/grp_Matrix_Vector_Activate_Stream_Batch_fu_60/nf_1_fu_1632_reg_n_3_[0].
INFO: [Physopt 32-703] Processed net top_i/StreamingDataflowPartition_1/inst/StreamingDataflowPartition_1_MVAU_hls_0/StreamingDataflowPartition_1_MVAU_hls_0/inst/grp_Matrix_Vector_Activate_Stream_Batch_fu_60/flow_control_loop_pipe_sequential_init_U/ap_loop_init_int_reg_rep__3_n_3_repN. Clock skew was adjusted for instance top_i/StreamingDataflowPartition_1/inst/StreamingDataflowPartition_1_MVAU_hls_0/StreamingDataflowPartition_1_MVAU_hls_0/inst/grp_Matrix_Vector_Activate_Stream_Batch_fu_60/flow_control_loop_pipe_sequential_init_U/ap_loop_init_int_reg_rep__3_replica.
INFO: [Physopt 32-952] Improved path group WNS = -1.949. Path group: clk_fpga_0. Processed net: top_i/StreamingDataflowPartition_1/inst/StreamingDataflowPartition_1_MVAU_hls_0/StreamingDataflowPartition_1_MVAU_hls_0/inst/grp_Matrix_Vector_Activate_Stream_Batch_fu_60/flow_control_loop_pipe_sequential_init_U/ap_loop_init_int_reg_rep__3_n_3_repN.
INFO: [Physopt 32-953] Path group WNS did not improve. Path group: clk_fpga_0. Processed net: top_i/StreamingDataflowPartition_1/inst/StreamingDataflowPartition_1_MVAU_hls_0/StreamingDataflowPartition_1_MVAU_hls_0/inst/grp_Matrix_Vector_Activate_Stream_Batch_fu_60/flow_control_loop_pipe_sequential_init_U/inputBuf_783_fu_4796[7]_i_9_n_3.
INFO: [Physopt 32-953] Path group WNS did not improve. Path group: clk_fpga_0. Processed net: top_i/StreamingDataflowPartition_1/inst/StreamingDataflowPartition_1_MVAU_hls_0/StreamingDataflowPartition_1_MVAU_hls_0/inst/grp_Matrix_Vector_Activate_Stream_Batch_fu_60/flow_control_loop_pipe_sequential_init_U/inputBuf_783_fu_4796[7]_i_50_n_3.
INFO: [Physopt 32-953] Path group WNS did not improve. Path group: clk_fpga_0. Processed net: top_i/StreamingDataflowPartition_1/inst/StreamingDataflowPartition_1_MVAU_hls_0/StreamingDataflowPartition_1_MVAU_hls_0/inst/grp_Matrix_Vector_Activate_Stream_Batch_fu_60/flow_control_loop_pipe_sequential_init_U/inputBuf_372_fu_3152[7]_i_2_n_3.
INFO: [Physopt 32-953] Path group WNS did not improve. Path group: clk_fpga_0. Processed net: top_i/StreamingDataflowPartition_1/inst/StreamingDataflowPartition_1_MVAU_hls_0/StreamingDataflowPartition_1_MVAU_hls_0/inst/grp_Matrix_Vector_Activate_Stream_Batch_fu_60/flow_control_loop_pipe_sequential_init_U/sf_fu_1652_reg[9][5].
INFO: [Physopt 32-953] Path group WNS did not improve. Path group: clk_fpga_0. Processed net: top_i/StreamingDataflowPartition_1/inst/StreamingDataflowPartition_1_MVAU_hls_0/StreamingDataflowPartition_1_MVAU_hls_0/inst/grp_Matrix_Vector_Activate_Stream_Batch_fu_60/flow_control_loop_pipe_sequential_init_U/inputBuf_783_fu_4796[7]_i_7_0[0].
INFO: [Physopt 32-703] Processed net top_i/StreamingDataflowPartition_1/inst/StreamingDataflowPartition_1_MVAU_hls_0/StreamingDataflowPartition_1_MVAU_hls_0/inst/grp_Matrix_Vector_Activate_Stream_Batch_fu_60_ap_start_reg_repN_1. Clock skew was adjusted for instance top_i/StreamingDataflowPartition_1/inst/StreamingDataflowPartition_1_MVAU_hls_0/StreamingDataflowPartition_1_MVAU_hls_0/inst/grp_Matrix_Vector_Activate_Stream_Batch_fu_60_ap_start_reg_reg_replica_1.
INFO: [Physopt 32-952] Improved path group WNS = -1.908. Path group: clk_fpga_0. Processed net: top_i/StreamingDataflowPartition_1/inst/StreamingDataflowPartition_1_MVAU_hls_0/StreamingDataflowPartition_1_MVAU_hls_0/inst/grp_Matrix_Vector_Activate_Stream_Batch_fu_60_ap_start_reg_repN_1.
INFO: [Physopt 32-953] Path group WNS did not improve. Path group: clk_fpga_0. Processed net: top_i/StreamingDataflowPartition_1/inst/StreamingDataflowPartition_1_MVAU_hls_0/StreamingDataflowPartition_1_MVAU_hls_0/inst/grp_Matrix_Vector_Activate_Stream_Batch_fu_60/flow_control_loop_pipe_sequential_init_U/inputBuf_536_fu_3808[7]_i_2_n_3.
INFO: [Physopt 32-953] Path group WNS did not improve. Path group: clk_fpga_0. Processed net: top_i/StreamingDataflowPartition_1/inst/StreamingDataflowPartition_1_MVAU_hls_0/StreamingDataflowPartition_1_MVAU_hls_0/inst/grp_Matrix_Vector_Activate_Stream_Batch_fu_60/flow_control_loop_pipe_sequential_init_U/sf_fu_1652_reg[9][4].
INFO: [Physopt 32-703] Processed net top_i/StreamingDataflowPartition_1/inst/StreamingDataflowPartition_1_MVAU_hls_0/StreamingDataflowPartition_1_MVAU_hls_0/inst/grp_Matrix_Vector_Activate_Stream_Batch_fu_60/sf_fu_1652_reg_n_3_[5]. Clock skew was adjusted for instance top_i/StreamingDataflowPartition_1/inst/StreamingDataflowPartition_1_MVAU_hls_0/StreamingDataflowPartition_1_MVAU_hls_0/inst/grp_Matrix_Vector_Activate_Stream_Batch_fu_60/sf_fu_1652_reg[5].
INFO: [Physopt 32-952] Improved path group WNS = -1.902. Path group: clk_fpga_0. Processed net: top_i/StreamingDataflowPartition_1/inst/StreamingDataflowPartition_1_MVAU_hls_0/StreamingDataflowPartition_1_MVAU_hls_0/inst/grp_Matrix_Vector_Activate_Stream_Batch_fu_60/sf_fu_1652_reg_n_3_[5].
INFO: [Physopt 32-608] Optimized 1 net.  Swapped 24 pins.
INFO: [Physopt 32-952] Improved path group WNS = -1.897. Path group: clk_fpga_0. Processed net: top_i/StreamingDataflowPartition_1/inst/StreamingDataflowPartition_1_MVAU_hls_0/StreamingDataflowPartition_1_MVAU_hls_0/inst/grp_Matrix_Vector_Activate_Stream_Batch_fu_60/flow_control_loop_pipe_sequential_init_U/inputBuf_783_fu_4796[7]_i_7_n_3.
INFO: [Physopt 32-953] Path group WNS did not improve. Path group: clk_fpga_0. Processed net: top_i/StreamingDataflowPartition_1/inst/StreamingDataflowPartition_1_MVAU_hls_0/StreamingDataflowPartition_1_MVAU_hls_0/inst/grp_Matrix_Vector_Activate_Stream_Batch_fu_60/tmp_reg_19741[7].
INFO: [Physopt 32-953] Path group WNS did not improve. Path group: clk_fpga_0. Processed net: top_i/StreamingDataflowPartition_1/inst/StreamingDataflowPartition_1_MVAU_hls_0/StreamingDataflowPartition_1_MVAU_hls_0/inst/grp_Matrix_Vector_Activate_Stream_Batch_fu_60/sparsemux_1569_10_8_1_1_U1/tmp_reg_19741_reg[7]_i_5_n_3.
INFO: [Physopt 32-953] Path group WNS did not improve. Path group: clk_fpga_0. Processed net: top_i/StreamingDataflowPartition_1/inst/StreamingDataflowPartition_1_MVAU_hls_0/StreamingDataflowPartition_1_MVAU_hls_0/inst/grp_Matrix_Vector_Activate_Stream_Batch_fu_60/sparsemux_1569_10_8_1_1_U1/tmp_reg_19741_reg[7]_i_15_n_3.
INFO: [Physopt 32-608] Optimized 1 net.  Swapped 24 pins.
INFO: [Physopt 32-952] Improved path group WNS = -1.893. Path group: clk_fpga_0. Processed net: top_i/StreamingDataflowPartition_1/inst/StreamingDataflowPartition_1_MVAU_hls_0/StreamingDataflowPartition_1_MVAU_hls_0/inst/grp_Matrix_Vector_Activate_Stream_Batch_fu_60/sparsemux_1569_10_8_1_1_U1/tmp_reg_19741[7]_i_27_n_3.
INFO: [Physopt 32-953] Path group WNS did not improve. Path group: clk_fpga_0. Processed net: top_i/StreamingDataflowPartition_1/inst/StreamingDataflowPartition_1_MVAU_hls_0/StreamingDataflowPartition_1_MVAU_hls_0/inst/grp_Matrix_Vector_Activate_Stream_Batch_fu_60/flow_control_loop_pipe_sequential_init_U/sf_fu_1652[8]_i_4_n_3.
INFO: [Physopt 32-703] Processed net top_i/StreamingDataflowPartition_1/inst/StreamingDataflowPartition_1_MVAU_hls_0/StreamingDataflowPartition_1_MVAU_hls_0/inst/grp_Matrix_Vector_Activate_Stream_Batch_fu_60/sf_fu_1652_reg_n_3_[6]. Clock skew was adjusted for instance top_i/StreamingDataflowPartition_1/inst/StreamingDataflowPartition_1_MVAU_hls_0/StreamingDataflowPartition_1_MVAU_hls_0/inst/grp_Matrix_Vector_Activate_Stream_Batch_fu_60/sf_fu_1652_reg[6].
INFO: [Physopt 32-952] Improved path group WNS = -1.892. Path group: clk_fpga_0. Processed net: top_i/StreamingDataflowPartition_1/inst/StreamingDataflowPartition_1_MVAU_hls_0/StreamingDataflowPartition_1_MVAU_hls_0/inst/grp_Matrix_Vector_Activate_Stream_Batch_fu_60/sf_fu_1652_reg_n_3_[6].
INFO: [Physopt 32-953] Path group WNS did not improve. Path group: clk_fpga_0. Processed net: top_i/StreamingDataflowPartition_1/inst/StreamingDataflowPartition_1_MVAU_hls_0/StreamingDataflowPartition_1_MVAU_hls_0/inst/grp_Matrix_Vector_Activate_Stream_Batch_fu_60/flow_control_loop_pipe_sequential_init_U/sf_fu_1652_reg[2]_7.
INFO: [Physopt 32-953] Path group WNS did not improve. Path group: clk_fpga_0. Processed net: top_i/StreamingDataflowPartition_1/inst/StreamingDataflowPartition_1_MVAU_hls_0/StreamingDataflowPartition_1_MVAU_hls_0/inst/grp_Matrix_Vector_Activate_Stream_Batch_fu_60/sparsemux_1569_10_8_1_1_U1/D[6].
INFO: [Physopt 32-703] Processed net top_i/StreamingDataflowPartition_1/inst/StreamingDataflowPartition_1_MVAU_hls_0/StreamingDataflowPartition_1_MVAU_hls_0/inst/grp_Matrix_Vector_Activate_Stream_Batch_fu_60/flow_control_loop_pipe_sequential_init_U/ap_loop_init_int_reg_rep__2_n_3. Clock skew was adjusted for instance top_i/StreamingDataflowPartition_1/inst/StreamingDataflowPartition_1_MVAU_hls_0/StreamingDataflowPartition_1_MVAU_hls_0/inst/grp_Matrix_Vector_Activate_Stream_Batch_fu_60/flow_control_loop_pipe_sequential_init_U/ap_loop_init_int_reg_rep__2.
INFO: [Physopt 32-952] Improved path group WNS = -1.873. Path group: clk_fpga_0. Processed net: top_i/StreamingDataflowPartition_1/inst/StreamingDataflowPartition_1_MVAU_hls_0/StreamingDataflowPartition_1_MVAU_hls_0/inst/grp_Matrix_Vector_Activate_Stream_Batch_fu_60/flow_control_loop_pipe_sequential_init_U/ap_loop_init_int_reg_rep__2_n_3.
INFO: [Physopt 32-953] Path group WNS did not improve. Path group: clk_fpga_0. Processed net: top_i/StreamingDataflowPartition_1/inst/StreamingDataflowPartition_1_MVAU_hls_0/StreamingDataflowPartition_1_MVAU_hls_0/inst/grp_Matrix_Vector_Activate_Stream_Batch_fu_60/sparsemux_1569_10_8_1_1_U1/tmp_reg_19741[7]_i_27_n_3.
INFO: [Physopt 32-952] Improved path group WNS = -1.848. Path group: clk_fpga_0. Processed net: top_i/StreamingDataflowPartition_1/inst/StreamingDataflowPartition_1_MVAU_hls_0/StreamingDataflowPartition_1_MVAU_hls_0/inst/grp_Matrix_Vector_Activate_Stream_Batch_fu_60/sparsemux_1569_10_8_1_1_U1/tmp_reg_19741_reg[7]_i_67_n_3.
INFO: [Physopt 32-953] Path group WNS did not improve. Path group: clk_fpga_0. Processed net: top_i/StreamingDataflowPartition_1/inst/StreamingDataflowPartition_1_MVAU_hls_0/StreamingDataflowPartition_1_MVAU_hls_0/inst/grp_Matrix_Vector_Activate_Stream_Batch_fu_60/flow_control_loop_pipe_sequential_init_U/inputBuf_168_fu_2336[7]_i_2_n_3.
INFO: [Physopt 32-953] Path group WNS did not improve. Path group: clk_fpga_0. Processed net: top_i/StreamingDataflowPartition_1/inst/StreamingDataflowPartition_1_MVAU_hls_0/StreamingDataflowPartition_1_MVAU_hls_0/inst/grp_Matrix_Vector_Activate_Stream_Batch_fu_60/flow_control_loop_pipe_sequential_init_U/inputBuf_168_fu_2336[7]_i_3_n_3.
INFO: [Physopt 32-953] Path group WNS did not improve. Path group: clk_fpga_0. Processed net: top_i/StreamingDataflowPartition_1/inst/StreamingDataflowPartition_1_MVAU_hls_0/StreamingDataflowPartition_1_MVAU_hls_0/inst/grp_Matrix_Vector_Activate_Stream_Batch_fu_60/flow_control_loop_pipe_sequential_init_U/ap_sig_allocacmp_sf_1[4].
INFO: [Physopt 32-703] Processed net top_i/StreamingDataflowPartition_1/inst/StreamingDataflowPartition_1_MVAU_hls_0/StreamingDataflowPartition_1_MVAU_hls_0/inst/grp_Matrix_Vector_Activate_Stream_Batch_fu_60/sf_fu_1652_reg_n_3_[4]. Clock skew was adjusted for instance top_i/StreamingDataflowPartition_1/inst/StreamingDataflowPartition_1_MVAU_hls_0/StreamingDataflowPartition_1_MVAU_hls_0/inst/grp_Matrix_Vector_Activate_Stream_Batch_fu_60/sf_fu_1652_reg[4].
INFO: [Physopt 32-952] Improved path group WNS = -1.839. Path group: clk_fpga_0. Processed net: top_i/StreamingDataflowPartition_1/inst/StreamingDataflowPartition_1_MVAU_hls_0/StreamingDataflowPartition_1_MVAU_hls_0/inst/grp_Matrix_Vector_Activate_Stream_Batch_fu_60/sf_fu_1652_reg_n_3_[4].
INFO: [Physopt 32-703] Processed net top_i/StreamingDataflowPartition_1/inst/StreamingDataflowPartition_1_MVAU_hls_0/StreamingDataflowPartition_1_MVAU_hls_0/inst/grp_Matrix_Vector_Activate_Stream_Batch_fu_60_ap_start_reg_repN_1. Clock skew was adjusted for instance top_i/StreamingDataflowPartition_1/inst/StreamingDataflowPartition_1_MVAU_hls_0/StreamingDataflowPartition_1_MVAU_hls_0/inst/grp_Matrix_Vector_Activate_Stream_Batch_fu_60_ap_start_reg_reg_replica_1.
INFO: [Physopt 32-952] Improved path group WNS = -1.839. Path group: clk_fpga_0. Processed net: top_i/StreamingDataflowPartition_1/inst/StreamingDataflowPartition_1_MVAU_hls_0/StreamingDataflowPartition_1_MVAU_hls_0/inst/grp_Matrix_Vector_Activate_Stream_Batch_fu_60_ap_start_reg_repN_1.
INFO: [Physopt 32-953] Path group WNS did not improve. Path group: clk_fpga_0. Processed net: top_i/StreamingDataflowPartition_1/inst/StreamingDataflowPartition_1_MVAU_hls_0/StreamingDataflowPartition_1_MVAU_hls_0/inst/grp_Matrix_Vector_Activate_Stream_Batch_fu_60/flow_control_loop_pipe_sequential_init_U/sf_fu_1652[4]_i_6_n_3.
INFO: [Physopt 32-703] Processed net top_i/StreamingDataflowPartition_1/inst/StreamingDataflowPartition_1_MVAU_hls_0/StreamingDataflowPartition_1_MVAU_hls_0/inst/grp_Matrix_Vector_Activate_Stream_Batch_fu_60/sf_fu_1652_reg_n_3_[1]. Clock skew was adjusted for instance top_i/StreamingDataflowPartition_1/inst/StreamingDataflowPartition_1_MVAU_hls_0/StreamingDataflowPartition_1_MVAU_hls_0/inst/grp_Matrix_Vector_Activate_Stream_Batch_fu_60/sf_fu_1652_reg[1].
INFO: [Physopt 32-952] Improved path group WNS = -1.827. Path group: clk_fpga_0. Processed net: top_i/StreamingDataflowPartition_1/inst/StreamingDataflowPartition_1_MVAU_hls_0/StreamingDataflowPartition_1_MVAU_hls_0/inst/grp_Matrix_Vector_Activate_Stream_Batch_fu_60/sf_fu_1652_reg_n_3_[1].
INFO: [Physopt 32-663] Processed net top_i/StreamingDataflowPartition_1/inst/StreamingDataflowPartition_1_MVAU_hls_1/StreamingDataflowPartition_1_MVAU_hls_1/inst/grp_Matrix_Vector_Activate_Stream_Batch_fu_60/nf_1_fu_1630_reg_n_3_[0].  Re-placed instance top_i/StreamingDataflowPartition_1/inst/StreamingDataflowPartition_1_MVAU_hls_1/StreamingDataflowPartition_1_MVAU_hls_1/inst/grp_Matrix_Vector_Activate_Stream_Batch_fu_60/nf_1_fu_1630_reg[0]
INFO: [Physopt 32-952] Improved path group WNS = -1.821. Path group: clk_fpga_0. Processed net: top_i/StreamingDataflowPartition_1/inst/StreamingDataflowPartition_1_MVAU_hls_1/StreamingDataflowPartition_1_MVAU_hls_1/inst/grp_Matrix_Vector_Activate_Stream_Batch_fu_60/nf_1_fu_1630_reg_n_3_[0].
INFO: [Physopt 32-703] Processed net top_i/StreamingDataflowPartition_1/inst/StreamingDataflowPartition_1_MVAU_hls_0/StreamingDataflowPartition_1_MVAU_hls_0/inst/grp_Matrix_Vector_Activate_Stream_Batch_fu_60/sf_fu_1652_reg[0]_rep__1_n_3. Clock skew was adjusted for instance top_i/StreamingDataflowPartition_1/inst/StreamingDataflowPartition_1_MVAU_hls_0/StreamingDataflowPartition_1_MVAU_hls_0/inst/grp_Matrix_Vector_Activate_Stream_Batch_fu_60/sf_fu_1652_reg[0]_rep__1.
INFO: [Physopt 32-952] Improved path group WNS = -1.814. Path group: clk_fpga_0. Processed net: top_i/StreamingDataflowPartition_1/inst/StreamingDataflowPartition_1_MVAU_hls_0/StreamingDataflowPartition_1_MVAU_hls_0/inst/grp_Matrix_Vector_Activate_Stream_Batch_fu_60/sf_fu_1652_reg[0]_rep__1_n_3.
INFO: [Physopt 32-953] Path group WNS did not improve. Path group: clk_fpga_0. Processed net: top_i/StreamingDataflowPartition_1/inst/StreamingDataflowPartition_1_MVAU_hls_0/StreamingDataflowPartition_1_MVAU_hls_0/inst/grp_Matrix_Vector_Activate_Stream_Batch_fu_60/tmp_reg_19741[1].
INFO: [Physopt 32-953] Path group WNS did not improve. Path group: clk_fpga_0. Processed net: top_i/StreamingDataflowPartition_1/inst/StreamingDataflowPartition_1_MVAU_hls_0/StreamingDataflowPartition_1_MVAU_hls_0/inst/grp_Matrix_Vector_Activate_Stream_Batch_fu_60/sparsemux_1569_10_8_1_1_U1/tmp_reg_19741_reg[1]_i_4_n_3.
INFO: [Physopt 32-953] Path group WNS did not improve. Path group: clk_fpga_0. Processed net: top_i/StreamingDataflowPartition_1/inst/StreamingDataflowPartition_1_MVAU_hls_0/StreamingDataflowPartition_1_MVAU_hls_0/inst/grp_Matrix_Vector_Activate_Stream_Batch_fu_60/sparsemux_1569_10_8_1_1_U1/tmp_reg_19741_reg[1]_i_9_n_3.
INFO: [Physopt 32-608] Optimized 1 net.  Swapped 24 pins.
INFO: [Physopt 32-952] Improved path group WNS = -1.811. Path group: clk_fpga_0. Processed net: top_i/StreamingDataflowPartition_1/inst/StreamingDataflowPartition_1_MVAU_hls_0/StreamingDataflowPartition_1_MVAU_hls_0/inst/grp_Matrix_Vector_Activate_Stream_Batch_fu_60/sparsemux_1569_10_8_1_1_U1/tmp_reg_19741[1]_i_20_n_3.
INFO: [Physopt 32-953] Path group WNS did not improve. Path group: clk_fpga_0. Processed net: top_i/StreamingDataflowPartition_1/inst/StreamingDataflowPartition_1_MVAU_hls_2/StreamingDataflowPartition_1_MVAU_hls_2/inst/grp_Matrix_Vector_Activate_Stream_Batch_fu_60/nf_1_fu_1632_reg_n_3_[0].
INFO: [Physopt 32-953] Path group WNS did not improve. Path group: clk_fpga_0. Processed net: top_i/StreamingDataflowPartition_1/inst/StreamingDataflowPartition_1_MVAU_hls_2/StreamingDataflowPartition_1_MVAU_hls_2/inst/grp_Matrix_Vector_Activate_Stream_Batch_fu_60/flow_control_loop_pipe_sequential_init_U/nf_1_fu_1632[31]_i_2_n_3.
INFO: [Physopt 32-953] Path group WNS did not improve. Path group: clk_fpga_0. Processed net: top_i/StreamingDataflowPartition_1/inst/StreamingDataflowPartition_1_MVAU_hls_2/StreamingDataflowPartition_1_MVAU_hls_2/inst/grp_Matrix_Vector_Activate_Stream_Batch_fu_60/flow_control_loop_pipe_sequential_init_U/nf_1_fu_1632[31]_i_3_n_3.
INFO: [Physopt 32-710] Processed net top_i/StreamingDataflowPartition_1/inst/StreamingDataflowPartition_1_MVAU_hls_2/StreamingDataflowPartition_1_MVAU_hls_2/inst/grp_Matrix_Vector_Activate_Stream_Batch_fu_60/flow_control_loop_pipe_sequential_init_U/nf_1_fu_1632[31]_i_3_n_3. Critical path length was reduced through logic transformation on cell top_i/StreamingDataflowPartition_1/inst/StreamingDataflowPartition_1_MVAU_hls_2/StreamingDataflowPartition_1_MVAU_hls_2/inst/grp_Matrix_Vector_Activate_Stream_Batch_fu_60/flow_control_loop_pipe_sequential_init_U/nf_1_fu_1632[31]_i_3_comp.
INFO: [Physopt 32-952] Improved path group WNS = -1.810. Path group: clk_fpga_0. Processed net: top_i/StreamingDataflowPartition_1/inst/StreamingDataflowPartition_1_MVAU_hls_2/StreamingDataflowPartition_1_MVAU_hls_2/inst/grp_Matrix_Vector_Activate_Stream_Batch_fu_60/flow_control_loop_pipe_sequential_init_U/nf_1_fu_1632[31]_i_7_n_3.
INFO: [Physopt 32-953] Path group WNS did not improve. Path group: clk_fpga_0. Processed net: top_i/StreamingDataflowPartition_1/inst/StreamingDataflowPartition_1_MVAU_hls_0/StreamingDataflowPartition_1_MVAU_hls_0/inst/grp_Matrix_Vector_Activate_Stream_Batch_fu_60/flow_control_loop_pipe_sequential_init_U/sf_fu_1652[4]_i_5_n_3.
INFO: [Physopt 32-703] Processed net top_i/StreamingDataflowPartition_1/inst/StreamingDataflowPartition_1_MVAU_hls_0/StreamingDataflowPartition_1_MVAU_hls_0/inst/grp_Matrix_Vector_Activate_Stream_Batch_fu_60/sf_fu_1652_reg_n_3_[2]. Clock skew was adjusted for instance top_i/StreamingDataflowPartition_1/inst/StreamingDataflowPartition_1_MVAU_hls_0/StreamingDataflowPartition_1_MVAU_hls_0/inst/grp_Matrix_Vector_Activate_Stream_Batch_fu_60/sf_fu_1652_reg[2].
INFO: [Physopt 32-952] Improved path group WNS = -1.801. Path group: clk_fpga_0. Processed net: top_i/StreamingDataflowPartition_1/inst/StreamingDataflowPartition_1_MVAU_hls_0/StreamingDataflowPartition_1_MVAU_hls_0/inst/grp_Matrix_Vector_Activate_Stream_Batch_fu_60/sf_fu_1652_reg_n_3_[2].
INFO: [Physopt 32-953] Path group WNS did not improve. Path group: clk_fpga_0. Processed net: top_i/StreamingDataflowPartition_1/inst/StreamingDataflowPartition_1_MVAU_hls_1/StreamingDataflowPartition_1_MVAU_hls_1/inst/grp_Matrix_Vector_Activate_Stream_Batch_fu_60/nf_1_fu_1630_reg_n_3_[0].
INFO: [Physopt 32-710] Processed net top_i/StreamingDataflowPartition_1/inst/StreamingDataflowPartition_1_MVAU_hls_1/StreamingDataflowPartition_1_MVAU_hls_1/inst/grp_Matrix_Vector_Activate_Stream_Batch_fu_60/flow_control_loop_pipe_sequential_init_U/grp_Matrix_Vector_Activate_Stream_Batch_fu_60_ap_start_reg_reg_1[0]. Critical path length was reduced through logic transformation on cell top_i/StreamingDataflowPartition_1/inst/StreamingDataflowPartition_1_MVAU_hls_1/StreamingDataflowPartition_1_MVAU_hls_1/inst/grp_Matrix_Vector_Activate_Stream_Batch_fu_60/flow_control_loop_pipe_sequential_init_U/nf_1_fu_1630[31]_i_1_comp.
INFO: [Physopt 32-952] Improved path group WNS = -1.799. Path group: clk_fpga_0. Processed net: top_i/StreamingDataflowPartition_1/inst/StreamingDataflowPartition_1_MVAU_hls_1/StreamingDataflowPartition_1_MVAU_hls_1/inst/grp_Matrix_Vector_Activate_Stream_Batch_fu_60/flow_control_loop_pipe_sequential_init_U/icmp_ln290_fu_5003_p2.
INFO: [Physopt 32-703] Processed net top_i/StreamingDataflowPartition_1/inst/StreamingDataflowPartition_1_MVAU_hls_0/StreamingDataflowPartition_1_MVAU_hls_0/inst/grp_Matrix_Vector_Activate_Stream_Batch_fu_60/sf_fu_1652_reg_n_3_[5]. Clock skew was adjusted for instance top_i/StreamingDataflowPartition_1/inst/StreamingDataflowPartition_1_MVAU_hls_0/StreamingDataflowPartition_1_MVAU_hls_0/inst/grp_Matrix_Vector_Activate_Stream_Batch_fu_60/sf_fu_1652_reg[5].
INFO: [Physopt 32-952] Improved path group WNS = -1.795. Path group: clk_fpga_0. Processed net: top_i/StreamingDataflowPartition_1/inst/StreamingDataflowPartition_1_MVAU_hls_0/StreamingDataflowPartition_1_MVAU_hls_0/inst/grp_Matrix_Vector_Activate_Stream_Batch_fu_60/sf_fu_1652_reg_n_3_[5].
INFO: [Physopt 32-710] Processed net top_i/StreamingDataflowPartition_1/inst/StreamingDataflowPartition_1_MVAU_hls_2/StreamingDataflowPartition_1_MVAU_hls_2/inst/grp_Matrix_Vector_Activate_Stream_Batch_fu_60/flow_control_loop_pipe_sequential_init_U/nf_1_fu_1632[31]_i_2_n_3. Critical path length was reduced through logic transformation on cell top_i/StreamingDataflowPartition_1/inst/StreamingDataflowPartition_1_MVAU_hls_2/StreamingDataflowPartition_1_MVAU_hls_2/inst/grp_Matrix_Vector_Activate_Stream_Batch_fu_60/flow_control_loop_pipe_sequential_init_U/nf_1_fu_1632[31]_i_2_comp.
INFO: [Physopt 32-952] Improved path group WNS = -1.788. Path group: clk_fpga_0. Processed net: top_i/StreamingDataflowPartition_1/inst/StreamingDataflowPartition_1_MVAU_hls_2/StreamingDataflowPartition_1_MVAU_hls_2/inst/grp_Matrix_Vector_Activate_Stream_Batch_fu_60/flow_control_loop_pipe_sequential_init_U/nf_1_fu_1632[31]_i_5_n_3.
INFO: [Physopt 32-608] Optimized 1 net.  Swapped 10 pins.
INFO: [Physopt 32-952] Improved path group WNS = -1.786. Path group: clk_fpga_0. Processed net: top_i/StreamingDataflowPartition_1/inst/StreamingDataflowPartition_1_MVAU_hls_1/StreamingDataflowPartition_1_MVAU_hls_1/inst/grp_Matrix_Vector_Activate_Stream_Batch_fu_60/flow_control_loop_pipe_sequential_init_U/nf_1_fu_1630[31]_i_2_n_3.
INFO: [Physopt 32-953] Path group WNS did not improve. Path group: clk_fpga_0. Processed net: top_i/StreamingDataflowPartition_1/inst/StreamingDataflowPartition_1_MVAU_hls_0/StreamingDataflowPartition_1_MVAU_hls_0/inst/grp_Matrix_Vector_Activate_Stream_Batch_fu_60/flow_control_loop_pipe_sequential_init_U/inputBuf_404_fu_3280[7]_i_2_n_3.
INFO: [Physopt 32-953] Path group WNS did not improve. Path group: clk_fpga_0. Processed net: top_i/StreamingDataflowPartition_1/inst/StreamingDataflowPartition_1_MVAU_hls_0/StreamingDataflowPartition_1_MVAU_hls_0/inst/grp_Matrix_Vector_Activate_Stream_Batch_fu_60/flow_control_loop_pipe_sequential_init_U/inputBuf_68_fu_1936[7]_i_4_n_3.
INFO: [Physopt 32-703] Processed net top_i/StreamingDataflowPartition_1/inst/StreamingDataflowPartition_1_MVAU_hls_0/StreamingDataflowPartition_1_MVAU_hls_0/inst/grp_Matrix_Vector_Activate_Stream_Batch_fu_60/sf_fu_1652_reg_n_3_[3]. Clock skew was adjusted for instance top_i/StreamingDataflowPartition_1/inst/StreamingDataflowPartition_1_MVAU_hls_0/StreamingDataflowPartition_1_MVAU_hls_0/inst/grp_Matrix_Vector_Activate_Stream_Batch_fu_60/sf_fu_1652_reg[3].
INFO: [Physopt 32-952] Improved path group WNS = -1.778. Path group: clk_fpga_0. Processed net: top_i/StreamingDataflowPartition_1/inst/StreamingDataflowPartition_1_MVAU_hls_0/StreamingDataflowPartition_1_MVAU_hls_0/inst/grp_Matrix_Vector_Activate_Stream_Batch_fu_60/sf_fu_1652_reg_n_3_[3].
INFO: [Physopt 32-703] Processed net top_i/StreamingDataflowPartition_1/inst/StreamingDataflowPartition_1_MVAU_hls_0/StreamingDataflowPartition_1_MVAU_hls_0/inst/grp_Matrix_Vector_Activate_Stream_Batch_fu_60/flow_control_loop_pipe_sequential_init_U/ap_loop_init_int_reg_rep__3_n_3_repN. Clock skew was adjusted for instance top_i/StreamingDataflowPartition_1/inst/StreamingDataflowPartition_1_MVAU_hls_0/StreamingDataflowPartition_1_MVAU_hls_0/inst/grp_Matrix_Vector_Activate_Stream_Batch_fu_60/flow_control_loop_pipe_sequential_init_U/ap_loop_init_int_reg_rep__3_replica.
INFO: [Physopt 32-952] Improved path group WNS = -1.773. Path group: clk_fpga_0. Processed net: top_i/StreamingDataflowPartition_1/inst/StreamingDataflowPartition_1_MVAU_hls_0/StreamingDataflowPartition_1_MVAU_hls_0/inst/grp_Matrix_Vector_Activate_Stream_Batch_fu_60/flow_control_loop_pipe_sequential_init_U/ap_loop_init_int_reg_rep__3_n_3_repN.
INFO: [Physopt 32-953] Path group WNS did not improve. Path group: clk_fpga_0. Processed net: top_i/StreamingDataflowPartition_1/inst/StreamingDataflowPartition_1_MVAU_hls_0/StreamingDataflowPartition_1_MVAU_hls_0/inst/grp_Matrix_Vector_Activate_Stream_Batch_fu_60/flow_control_loop_pipe_sequential_init_U/nf_1_fu_4800[31]_i_3_n_3.
INFO: [Physopt 32-953] Path group WNS did not improve. Path group: clk_fpga_0. Processed net: top_i/StreamingDataflowPartition_1/inst/StreamingDataflowPartition_1_MVAU_hls_0/StreamingDataflowPartition_1_MVAU_hls_0/inst/grp_Matrix_Vector_Activate_Stream_Batch_fu_60/flow_control_loop_pipe_sequential_init_U/nf_1_fu_4800[31]_i_7_n_3.
INFO: [Physopt 32-953] Path group WNS did not improve. Path group: clk_fpga_0. Processed net: top_i/StreamingDataflowPartition_1/inst/StreamingDataflowPartition_1_MVAU_hls_0/StreamingDataflowPartition_1_MVAU_hls_0/inst/grp_Matrix_Vector_Activate_Stream_Batch_fu_60/flow_control_loop_pipe_sequential_init_U/nf_1_fu_4800[31]_i_11_n_3.
INFO: [Physopt 32-953] Path group WNS did not improve. Path group: clk_fpga_0. Processed net: top_i/StreamingDataflowPartition_1/inst/StreamingDataflowPartition_1_MVAU_hls_0/StreamingDataflowPartition_1_MVAU_hls_0/inst/grp_Matrix_Vector_Activate_Stream_Batch_fu_60/flow_control_loop_pipe_sequential_init_U/D[13].
INFO: [Physopt 32-608] Optimized 1 net.  Swapped 14 pins.
INFO: [Physopt 32-952] Improved path group WNS = -1.767. Path group: clk_fpga_0. Processed net: top_i/StreamingDataflowPartition_1/inst/StreamingDataflowPartition_1_MVAU_hls_0/StreamingDataflowPartition_1_MVAU_hls_0/inst/grp_Matrix_Vector_Activate_Stream_Batch_fu_60/flow_control_loop_pipe_sequential_init_U/nf_1_fu_4800[8]_i_5_n_3.
INFO: [Physopt 32-710] Processed net top_i/StreamingDataflowPartition_1/inst/StreamingDataflowPartition_1_MVAU_hls_1/StreamingDataflowPartition_1_MVAU_hls_1/inst/grp_Matrix_Vector_Activate_Stream_Batch_fu_60/flow_control_loop_pipe_sequential_init_U/grp_Matrix_Vector_Activate_Stream_Batch_fu_60_ap_start_reg_reg_1[0]. Critical path length was reduced through logic transformation on cell top_i/StreamingDataflowPartition_1/inst/StreamingDataflowPartition_1_MVAU_hls_1/StreamingDataflowPartition_1_MVAU_hls_1/inst/grp_Matrix_Vector_Activate_Stream_Batch_fu_60/flow_control_loop_pipe_sequential_init_U/nf_1_fu_1630[31]_i_1_comp_1.
INFO: [Physopt 32-952] Improved path group WNS = -1.765. Path group: clk_fpga_0. Processed net: top_i/StreamingDataflowPartition_1/inst/StreamingDataflowPartition_1_MVAU_hls_1/StreamingDataflowPartition_1_MVAU_hls_1/inst/grp_Matrix_Vector_Activate_Stream_Batch_fu_60/flow_control_loop_pipe_sequential_init_U/icmp_ln290_fu_5003_p2.
INFO: [Physopt 32-953] Path group WNS did not improve. Path group: clk_fpga_0. Processed net: top_i/StreamingDataflowPartition_1/inst/StreamingDataflowPartition_1_MVAU_hls_0/StreamingDataflowPartition_1_MVAU_hls_0/inst/grp_Matrix_Vector_Activate_Stream_Batch_fu_60/flow_control_loop_pipe_sequential_init_U/inputBuf_632_fu_4192[7]_i_2_n_3.
INFO: [Physopt 32-953] Path group WNS did not improve. Path group: clk_fpga_0. Processed net: top_i/StreamingDataflowPartition_1/inst/StreamingDataflowPartition_1_MVAU_hls_0/StreamingDataflowPartition_1_MVAU_hls_0/inst/grp_Matrix_Vector_Activate_Stream_Batch_fu_60/flow_control_loop_pipe_sequential_init_U/inputBuf_fu_1664[7]_i_5_n_3.
INFO: [Physopt 32-703] Processed net top_i/StreamingDataflowPartition_1/inst/StreamingDataflowPartition_1_MVAU_hls_0/StreamingDataflowPartition_1_MVAU_hls_0/inst/grp_Matrix_Vector_Activate_Stream_Batch_fu_60/flow_control_loop_pipe_sequential_init_U/ap_loop_init_int_reg_rep__2_n_3. Clock skew was adjusted for instance top_i/StreamingDataflowPartition_1/inst/StreamingDataflowPartition_1_MVAU_hls_0/StreamingDataflowPartition_1_MVAU_hls_0/inst/grp_Matrix_Vector_Activate_Stream_Batch_fu_60/flow_control_loop_pipe_sequential_init_U/ap_loop_init_int_reg_rep__2.
INFO: [Physopt 32-952] Improved path group WNS = -1.749. Path group: clk_fpga_0. Processed net: top_i/StreamingDataflowPartition_1/inst/StreamingDataflowPartition_1_MVAU_hls_0/StreamingDataflowPartition_1_MVAU_hls_0/inst/grp_Matrix_Vector_Activate_Stream_Batch_fu_60/flow_control_loop_pipe_sequential_init_U/ap_loop_init_int_reg_rep__2_n_3.
INFO: [Physopt 32-953] Path group WNS did not improve. Path group: clk_fpga_0. Processed net: top_i/StreamingDataflowPartition_1/inst/StreamingDataflowPartition_1_MVAU_hls_0/StreamingDataflowPartition_1_MVAU_hls_0/inst/grp_Matrix_Vector_Activate_Stream_Batch_fu_60/flow_control_loop_pipe_sequential_init_U/nf_1_fu_4800_reg[7][0].
INFO: [Physopt 32-703] Processed net top_i/StreamingDataflowPartition_1/inst/StreamingDataflowPartition_1_MVAU_hls_0/StreamingDataflowPartition_1_MVAU_hls_0/inst/grp_Matrix_Vector_Activate_Stream_Batch_fu_60/flow_control_loop_pipe_sequential_init_U/ap_loop_init_int_reg_rep__1_n_3. Clock skew was adjusted for instance top_i/StreamingDataflowPartition_1/inst/StreamingDataflowPartition_1_MVAU_hls_0/StreamingDataflowPartition_1_MVAU_hls_0/inst/grp_Matrix_Vector_Activate_Stream_Batch_fu_60/flow_control_loop_pipe_sequential_init_U/ap_loop_init_int_reg_rep__1.
INFO: [Physopt 32-952] Improved path group WNS = -1.738. Path group: clk_fpga_0. Processed net: top_i/StreamingDataflowPartition_1/inst/StreamingDataflowPartition_1_MVAU_hls_0/StreamingDataflowPartition_1_MVAU_hls_0/inst/grp_Matrix_Vector_Activate_Stream_Batch_fu_60/flow_control_loop_pipe_sequential_init_U/ap_loop_init_int_reg_rep__1_n_3.
INFO: [Physopt 32-703] Processed net top_i/StreamingDataflowPartition_1/inst/StreamingDataflowPartition_1_MVAU_hls_0/StreamingDataflowPartition_1_MVAU_hls_0/inst/grp_Matrix_Vector_Activate_Stream_Batch_fu_60/sf_fu_1652_reg_n_3_[4]. Clock skew was adjusted for instance top_i/StreamingDataflowPartition_1/inst/StreamingDataflowPartition_1_MVAU_hls_0/StreamingDataflowPartition_1_MVAU_hls_0/inst/grp_Matrix_Vector_Activate_Stream_Batch_fu_60/sf_fu_1652_reg[4].
INFO: [Physopt 32-952] Improved path group WNS = -1.713. Path group: clk_fpga_0. Processed net: top_i/StreamingDataflowPartition_1/inst/StreamingDataflowPartition_1_MVAU_hls_0/StreamingDataflowPartition_1_MVAU_hls_0/inst/grp_Matrix_Vector_Activate_Stream_Batch_fu_60/sf_fu_1652_reg_n_3_[4].
INFO: [Physopt 32-663] Processed net top_i/StreamingDataflowPartition_1/inst/StreamingDataflowPartition_1_MVAU_hls_0/StreamingDataflowPartition_1_MVAU_hls_0/inst/grp_Matrix_Vector_Activate_Stream_Batch_fu_60/nf_1_fu_4800_reg_n_3_[0].  Re-placed instance top_i/StreamingDataflowPartition_1/inst/StreamingDataflowPartition_1_MVAU_hls_0/StreamingDataflowPartition_1_MVAU_hls_0/inst/grp_Matrix_Vector_Activate_Stream_Batch_fu_60/nf_1_fu_4800_reg[0]
INFO: [Physopt 32-952] Improved path group WNS = -1.709. Path group: clk_fpga_0. Processed net: top_i/StreamingDataflowPartition_1/inst/StreamingDataflowPartition_1_MVAU_hls_0/StreamingDataflowPartition_1_MVAU_hls_0/inst/grp_Matrix_Vector_Activate_Stream_Batch_fu_60/nf_1_fu_4800_reg_n_3_[0].
INFO: [Physopt 32-953] Path group WNS did not improve. Path group: clk_fpga_0. Processed net: top_i/StreamingDataflowPartition_1/inst/StreamingDataflowPartition_1_MVAU_hls_1/StreamingDataflowPartition_1_MVAU_hls_1/inst/grp_Matrix_Vector_Activate_Stream_Batch_fu_60/flow_control_loop_pipe_sequential_init_U/nf_1_fu_1630[31]_i_2_n_3.
INFO: [Physopt 32-710] Processed net top_i/StreamingDataflowPartition_1/inst/StreamingDataflowPartition_1_MVAU_hls_1/StreamingDataflowPartition_1_MVAU_hls_1/inst/grp_Matrix_Vector_Activate_Stream_Batch_fu_60/flow_control_loop_pipe_sequential_init_U/nf_1_fu_1630[31]_i_2_n_3. Critical path length was reduced through logic transformation on cell top_i/StreamingDataflowPartition_1/inst/StreamingDataflowPartition_1_MVAU_hls_1/StreamingDataflowPartition_1_MVAU_hls_1/inst/grp_Matrix_Vector_Activate_Stream_Batch_fu_60/flow_control_loop_pipe_sequential_init_U/nf_1_fu_1630[31]_i_2_comp.
INFO: [Physopt 32-952] Improved path group WNS = -1.705. Path group: clk_fpga_0. Processed net: top_i/StreamingDataflowPartition_1/inst/StreamingDataflowPartition_1_MVAU_hls_1/StreamingDataflowPartition_1_MVAU_hls_1/inst/grp_Matrix_Vector_Activate_Stream_Batch_fu_60/nf_1_fu_1630[31]_i_4_n_3.
INFO: [Physopt 32-663] Processed net top_i/idma0/inst/StreamingDataflowPartition_0_IODMA_hls_0/inst/StreamingDataWidthConverter_Batch_64u_8u_98u_U0/grp_StreamingDataWidthConverter_Batch_64u_8u_98u_Pipeline_VITIS_LOOP_526_1_fu_46/o_fu_48_reg_n_0_[1].  Re-placed instance top_i/idma0/inst/StreamingDataflowPartition_0_IODMA_hls_0/inst/StreamingDataWidthConverter_Batch_64u_8u_98u_U0/grp_StreamingDataWidthConverter_Batch_64u_8u_98u_Pipeline_VITIS_LOOP_526_1_fu_46/o_fu_48_reg[1]
INFO: [Physopt 32-952] Improved path group WNS = -1.705. Path group: clk_fpga_0. Processed net: top_i/idma0/inst/StreamingDataflowPartition_0_IODMA_hls_0/inst/StreamingDataWidthConverter_Batch_64u_8u_98u_U0/grp_StreamingDataWidthConverter_Batch_64u_8u_98u_Pipeline_VITIS_LOOP_526_1_fu_46/o_fu_48_reg_n_0_[1].
INFO: [Physopt 32-663] Processed net top_i/idma0/inst/StreamingDataflowPartition_0_IODMA_hls_0/inst/StreamingDataWidthConverter_Batch_64u_8u_98u_U0/grp_StreamingDataWidthConverter_Batch_64u_8u_98u_Pipeline_VITIS_LOOP_526_1_fu_46/o_fu_48_reg_n_0_[2].  Re-placed instance top_i/idma0/inst/StreamingDataflowPartition_0_IODMA_hls_0/inst/StreamingDataWidthConverter_Batch_64u_8u_98u_U0/grp_StreamingDataWidthConverter_Batch_64u_8u_98u_Pipeline_VITIS_LOOP_526_1_fu_46/o_fu_48_reg[2]
INFO: [Physopt 32-952] Improved path group WNS = -1.705. Path group: clk_fpga_0. Processed net: top_i/idma0/inst/StreamingDataflowPartition_0_IODMA_hls_0/inst/StreamingDataWidthConverter_Batch_64u_8u_98u_U0/grp_StreamingDataWidthConverter_Batch_64u_8u_98u_Pipeline_VITIS_LOOP_526_1_fu_46/o_fu_48_reg_n_0_[2].
INFO: [Physopt 32-663] Processed net top_i/idma0/inst/StreamingDataflowPartition_0_IODMA_hls_0/inst/StreamingDataWidthConverter_Batch_64u_8u_98u_U0/grp_StreamingDataWidthConverter_Batch_64u_8u_98u_Pipeline_VITIS_LOOP_526_1_fu_46/o_fu_48_reg_n_0_[3].  Re-placed instance top_i/idma0/inst/StreamingDataflowPartition_0_IODMA_hls_0/inst/StreamingDataWidthConverter_Batch_64u_8u_98u_U0/grp_StreamingDataWidthConverter_Batch_64u_8u_98u_Pipeline_VITIS_LOOP_526_1_fu_46/o_fu_48_reg[3]
INFO: [Physopt 32-952] Improved path group WNS = -1.705. Path group: clk_fpga_0. Processed net: top_i/idma0/inst/StreamingDataflowPartition_0_IODMA_hls_0/inst/StreamingDataWidthConverter_Batch_64u_8u_98u_U0/grp_StreamingDataWidthConverter_Batch_64u_8u_98u_Pipeline_VITIS_LOOP_526_1_fu_46/o_fu_48_reg_n_0_[3].
INFO: [Physopt 32-953] Path group WNS did not improve. Path group: clk_fpga_0. Processed net: top_i/idma0/inst/StreamingDataflowPartition_0_IODMA_hls_0/inst/StreamingDataWidthConverter_Batch_64u_8u_98u_U0/grp_StreamingDataWidthConverter_Batch_64u_8u_98u_Pipeline_VITIS_LOOP_526_1_fu_46/o_fu_48_reg_n_0_[4].
INFO: [Physopt 32-663] Processed net top_i/idma0/inst/StreamingDataflowPartition_0_IODMA_hls_0/inst/StreamingDataWidthConverter_Batch_64u_8u_98u_U0/grp_StreamingDataWidthConverter_Batch_64u_8u_98u_Pipeline_VITIS_LOOP_526_1_fu_46/flow_control_loop_pipe_sequential_init_U/o_fu_48[31]_i_4_n_0.  Re-placed instance top_i/idma0/inst/StreamingDataflowPartition_0_IODMA_hls_0/inst/StreamingDataWidthConverter_Batch_64u_8u_98u_U0/grp_StreamingDataWidthConverter_Batch_64u_8u_98u_Pipeline_VITIS_LOOP_526_1_fu_46/flow_control_loop_pipe_sequential_init_U/o_fu_48[31]_i_4
INFO: [Physopt 32-952] Improved path group WNS = -1.703. Path group: clk_fpga_0. Processed net: top_i/idma0/inst/StreamingDataflowPartition_0_IODMA_hls_0/inst/StreamingDataWidthConverter_Batch_64u_8u_98u_U0/grp_StreamingDataWidthConverter_Batch_64u_8u_98u_Pipeline_VITIS_LOOP_526_1_fu_46/flow_control_loop_pipe_sequential_init_U/o_fu_48[31]_i_4_n_0.
INFO: [Physopt 32-953] Path group WNS did not improve. Path group: clk_fpga_0. Processed net: top_i/StreamingDataflowPartition_1/inst/StreamingDataflowPartition_1_MVAU_hls_0/StreamingDataflowPartition_1_MVAU_hls_0/inst/grp_Matrix_Vector_Activate_Stream_Batch_fu_60/nf_1_fu_4800_reg_n_3_[0].
INFO: [Physopt 32-953] Path group WNS did not improve. Path group: clk_fpga_0. Processed net: top_i/StreamingDataflowPartition_1/inst/StreamingDataflowPartition_1_MVAU_hls_0/StreamingDataflowPartition_1_MVAU_hls_0/inst/grp_Matrix_Vector_Activate_Stream_Batch_fu_60/nf_1_fu_4800_reg_n_3_[17].
INFO: [Physopt 32-953] Path group WNS did not improve. Path group: clk_fpga_0. Processed net: top_i/zynq_ps/inst/FCLK_CLK_unbuffered[0].
INFO: [Physopt 32-953] Path group WNS did not improve. Path group: clk_fpga_0. Processed net: top_i/StreamingDataflowPartition_1/inst/StreamingDataflowPartition_1_MVAU_hls_0/StreamingDataflowPartition_1_MVAU_hls_0/inst/grp_Matrix_Vector_Activate_Stream_Batch_fu_60/flow_control_loop_pipe_sequential_init_U/nf_1_fu_4800[31]_i_3_n_3.
INFO: [Physopt 32-953] Path group WNS did not improve. Path group: clk_fpga_0. Processed net: top_i/StreamingDataflowPartition_1/inst/StreamingDataflowPartition_1_MVAU_hls_0/StreamingDataflowPartition_1_MVAU_hls_0/inst/grp_Matrix_Vector_Activate_Stream_Batch_fu_60/flow_control_loop_pipe_sequential_init_U/nf_1_fu_4800[31]_i_7_n_3.
INFO: [Physopt 32-953] Path group WNS did not improve. Path group: clk_fpga_0. Processed net: top_i/StreamingDataflowPartition_1/inst/StreamingDataflowPartition_1_MVAU_hls_0/StreamingDataflowPartition_1_MVAU_hls_0/inst/grp_Matrix_Vector_Activate_Stream_Batch_fu_60/flow_control_loop_pipe_sequential_init_U/nf_1_fu_4800[31]_i_11_n_3.
INFO: [Physopt 32-953] Path group WNS did not improve. Path group: clk_fpga_0. Processed net: top_i/StreamingDataflowPartition_1/inst/StreamingDataflowPartition_1_MVAU_hls_0/StreamingDataflowPartition_1_MVAU_hls_0/inst/grp_Matrix_Vector_Activate_Stream_Batch_fu_60/flow_control_loop_pipe_sequential_init_U/D[13].
INFO: [Physopt 32-953] Path group WNS did not improve. Path group: clk_fpga_0. Processed net: top_i/StreamingDataflowPartition_1/inst/StreamingDataflowPartition_1_MVAU_hls_0/StreamingDataflowPartition_1_MVAU_hls_0/inst/grp_Matrix_Vector_Activate_Stream_Batch_fu_60/flow_control_loop_pipe_sequential_init_U/nf_1_fu_4800_reg[7][0].
INFO: [Physopt 32-953] Path group WNS did not improve. Path group: clk_fpga_0. Processed net: top_i/StreamingDataflowPartition_1/inst/StreamingDataflowPartition_1_MVAU_hls_0/StreamingDataflowPartition_1_MVAU_hls_0/inst/grp_Matrix_Vector_Activate_Stream_Batch_fu_60/flow_control_loop_pipe_sequential_init_U/SR[0].
INFO: [Physopt 32-953] Path group WNS did not improve. Path group: clk_fpga_0. Processed net: top_i/StreamingDataflowPartition_1/inst/StreamingDataflowPartition_1_MVAU_hls_0/StreamingDataflowPartition_1_MVAU_hls_0/inst/grp_Matrix_Vector_Activate_Stream_Batch_fu_60/nf_1_fu_4800_reg_n_3_[0].
INFO: [Physopt 32-668] Current Timing Summary | WNS=-1.703 | TNS=-8948.752 | WHS=0.026 | THS=0.000 |
Netlist sorting complete. Time (s): cpu = 00:00:00.06 ; elapsed = 00:00:00.06 . Memory (MB): peak = 3935.688 ; gain = 0.000 ; free physical = 2791 ; free virtual = 11970
Phase 2 Critical Path Optimization | Checksum: 1dd3082e9

Time (s): cpu = 00:15:57 ; elapsed = 00:11:05 . Memory (MB): peak = 3935.688 ; gain = 0.000 ; free physical = 2791 ; free virtual = 11970

Phase 3 Hold Fix Optimization
INFO: [Physopt 32-668] Current Timing Summary | WNS=-1.703 | TNS=-8948.752 | WHS=0.026 | THS=0.000 |
INFO: [Physopt 32-66] No high hold slack nets found for hold slack optimization.
INFO: [Physopt 32-668] Current Timing Summary | WNS=-1.703 | TNS=-8948.752 | WHS=0.026 | THS=0.000 |
Phase 3 Hold Fix Optimization | Checksum: 1dd3082e9

Time (s): cpu = 00:15:58 ; elapsed = 00:11:06 . Memory (MB): peak = 3935.688 ; gain = 0.000 ; free physical = 2785 ; free virtual = 11963
Netlist sorting complete. Time (s): cpu = 00:00:00.01 ; elapsed = 00:00:00.01 . Memory (MB): peak = 3935.688 ; gain = 0.000 ; free physical = 2785 ; free virtual = 11963
INFO: [Physopt 32-669] Post Physical Optimization Timing Summary | WNS=-1.703 | TNS=-8948.752 | WHS=0.026 | THS=0.000 |

Summary of Physical Synthesis Optimizations
============================================


-------------------------------------------------------------------------------------------------------------------------------------------------------------
|  Optimization   |  WNS Gain (ns)  |  TNS Gain (ns)  |  Added Cells  |  Removed Cells  |  Optimized Cells/Nets  |  Dont Touch  |  Iterations  |  Elapsed   |
-------------------------------------------------------------------------------------------------------------------------------------------------------------
|  Critical Path  |          0.391  |       1260.821  |            0  |              0  |                    43  |           0  |           1  |  00:10:56  |
-------------------------------------------------------------------------------------------------------------------------------------------------------------


Summary of Hold Fix Optimizations
=================================


--------------------------------------------------------------------------------------------------------------------------------------------------------------
|  Optimization               |  WHS Gain (ns)  |  THS Gain (ns)  |  Added LUTs  |  Added FFs  |  Optimized Nets  |  Dont Touch  |  Iterations  |  Elapsed   |
--------------------------------------------------------------------------------------------------------------------------------------------------------------
|  LUT1 and ZHOLD Insertion   |          0.000  |          0.000  |           0  |          0  |               0  |           0  |           0  |  00:00:00  |
|  Total                      |          0.000  |          0.000  |           0  |          0  |               0  |           0  |           0  |  00:00:00  |
--------------------------------------------------------------------------------------------------------------------------------------------------------------


Netlist sorting complete. Time (s): cpu = 00:00:00.01 ; elapsed = 00:00:00.01 . Memory (MB): peak = 3935.688 ; gain = 0.000 ; free physical = 2785 ; free virtual = 11963
Ending Physical Synthesis Task | Checksum: fa1b7c9a

Time (s): cpu = 00:16:00 ; elapsed = 00:11:08 . Memory (MB): peak = 3935.688 ; gain = 0.000 ; free physical = 2784 ; free virtual = 11963
INFO: [Common 17-83] Releasing license: Implementation
173 Infos, 1 Warnings, 0 Critical Warnings and 0 Errors encountered.
phys_opt_design completed successfully
phys_opt_design: Time (s): cpu = 00:16:29 ; elapsed = 00:11:19 . Memory (MB): peak = 3935.688 ; gain = 0.000 ; free physical = 2783 ; free virtual = 11961
INFO: [runtcl-4] Executing : report_timing_summary -max_paths 10 -report_unconstrained -warn_on_violation -file top_wrapper_timing_summary_postroute_physopted.rpt -pb top_wrapper_timing_summary_postroute_physopted.pb -rpx top_wrapper_timing_summary_postroute_physopted.rpx
INFO: [Timing 38-91] UpdateTimingParams: Speed grade: -1, Delay Type: min_max.
INFO: [Timing 38-191] Multithreading enabled for timing update using a maximum of 8 CPUs
CRITICAL WARNING: [Timing 38-282] The design failed to meet the timing requirements. Please see the timing summary report for details on the timing violations.
WARNING: [Timing 38-436] There are set_bus_skew constraint(s) in this design. Please run report_bus_skew to ensure that bus skew requirements are met.
report_timing_summary: Time (s): cpu = 00:00:31 ; elapsed = 00:00:09 . Memory (MB): peak = 3935.688 ; gain = 0.000 ; free physical = 2810 ; free virtual = 11990
INFO: [runtcl-4] Executing : report_bus_skew -warn_on_violation -file top_wrapper_bus_skew_postroute_physopted.rpt -pb top_wrapper_bus_skew_postroute_physopted.pb -rpx top_wrapper_bus_skew_postroute_physopted.rpx
INFO: [Timing 38-91] UpdateTimingParams: Speed grade: -1, Delay Type: min_max.
INFO: [Timing 38-191] Multithreading enabled for timing update using a maximum of 8 CPUs
INFO: [Timing 38-480] Writing timing data to binary archive.
Write ShapeDB Complete: Time (s): cpu = 00:00:00.97 ; elapsed = 00:00:00.21 . Memory (MB): peak = 3958.004 ; gain = 0.000 ; free physical = 2798 ; free virtual = 11988
Wrote PlaceDB: Time (s): cpu = 00:00:12 ; elapsed = 00:00:04 . Memory (MB): peak = 3958.004 ; gain = 0.000 ; free physical = 2775 ; free virtual = 12006
Wrote PulsedLatchDB: Time (s): cpu = 00:00:00 ; elapsed = 00:00:00 . Memory (MB): peak = 3958.004 ; gain = 0.000 ; free physical = 2775 ; free virtual = 12006
Writing XDEF routing.
Writing XDEF routing logical nets.
Writing XDEF routing special nets.
Wrote RouteStorage: Time (s): cpu = 00:00:02 ; elapsed = 00:00:00.79 . Memory (MB): peak = 3958.004 ; gain = 0.000 ; free physical = 2773 ; free virtual = 12010
Wrote Netlist Cache: Time (s): cpu = 00:00:00.13 ; elapsed = 00:00:00.07 . Memory (MB): peak = 3958.004 ; gain = 0.000 ; free physical = 2769 ; free virtual = 12010
Wrote Device Cache: Time (s): cpu = 00:00:00.03 ; elapsed = 00:00:00.02 . Memory (MB): peak = 3958.004 ; gain = 0.000 ; free physical = 2769 ; free virtual = 12010
Write Physdb Complete: Time (s): cpu = 00:00:14 ; elapsed = 00:00:05 . Memory (MB): peak = 3958.004 ; gain = 0.000 ; free physical = 2768 ; free virtual = 12010
INFO: [Common 17-1381] The checkpoint '/tmp/finn_dev_root/vivado_zynq_proj_9n5w7zv_/finn_zynq_link.runs/impl_1/top_wrapper_postroute_physopt.dcp' has been generated.
write_checkpoint: Time (s): cpu = 00:00:28 ; elapsed = 00:00:14 . Memory (MB): peak = 3982.016 ; gain = 46.328 ; free physical = 2735 ; free virtual = 11937
INFO: [Memdata 28-167] Found XPM memory block top_i/smartconnect_0/inst/s01_nodes/s01_w_node/inst/inst_mi_handler/gen_normal_area.inst_fifo_node_payld/gen_xpm_memory_fifo.inst_fifo/gen_mem_rep[0].inst_xpm_memory/xpm_memory_base_inst with a P_MEMORY_PRIMITIVE property set to distributed. A value of block is required. You will not be able to use the updatemem program to update the bitstream with new data for the top_i/smartconnect_0/inst/s01_nodes/s01_w_node/inst/inst_mi_handler/gen_normal_area.inst_fifo_node_payld/gen_xpm_memory_fifo.inst_fifo/gen_mem_rep[0].inst_xpm_memory/xpm_memory_base_inst block.
INFO: [Memdata 28-167] Found XPM memory block top_i/smartconnect_0/inst/s01_nodes/s01_w_node/inst/inst_mi_handler/gen_normal_area.gen_fifo_req.inst_fifo_req/gen_xpm_memory_fifo.inst_fifo/gen_mem_rep[0].inst_xpm_memory/xpm_memory_base_inst with a P_MEMORY_PRIMITIVE property set to distributed. A value of block is required. You will not be able to use the updatemem program to update the bitstream with new data for the top_i/smartconnect_0/inst/s01_nodes/s01_w_node/inst/inst_mi_handler/gen_normal_area.gen_fifo_req.inst_fifo_req/gen_xpm_memory_fifo.inst_fifo/gen_mem_rep[0].inst_xpm_memory/xpm_memory_base_inst block.
INFO: [Memdata 28-167] Found XPM memory block top_i/smartconnect_0/inst/s01_nodes/s01_r_node/inst/inst_mi_handler/gen_normal_area.inst_fifo_node_payld/gen_xpm_memory_fifo.inst_fifo/gen_mem_rep[0].inst_xpm_memory/xpm_memory_base_inst with a P_MEMORY_PRIMITIVE property set to distributed. A value of block is required. You will not be able to use the updatemem program to update the bitstream with new data for the top_i/smartconnect_0/inst/s01_nodes/s01_r_node/inst/inst_mi_handler/gen_normal_area.inst_fifo_node_payld/gen_xpm_memory_fifo.inst_fifo/gen_mem_rep[0].inst_xpm_memory/xpm_memory_base_inst block.
INFO: [Memdata 28-167] Found XPM memory block top_i/smartconnect_0/inst/s01_nodes/s01_aw_node/inst/inst_mi_handler/gen_normal_area.inst_fifo_node_payld/gen_xpm_memory_fifo.inst_fifo/gen_mem_rep[0].inst_xpm_memory/xpm_memory_base_inst with a P_MEMORY_PRIMITIVE property set to distributed. A value of block is required. You will not be able to use the updatemem program to update the bitstream with new data for the top_i/smartconnect_0/inst/s01_nodes/s01_aw_node/inst/inst_mi_handler/gen_normal_area.inst_fifo_node_payld/gen_xpm_memory_fifo.inst_fifo/gen_mem_rep[0].inst_xpm_memory/xpm_memory_base_inst block.
INFO: [Memdata 28-167] Found XPM memory block top_i/smartconnect_0/inst/s01_nodes/s01_ar_node/inst/inst_mi_handler/gen_normal_area.inst_fifo_node_payld/gen_xpm_memory_fifo.inst_fifo/gen_mem_rep[0].inst_xpm_memory/xpm_memory_base_inst with a P_MEMORY_PRIMITIVE property set to distributed. A value of block is required. You will not be able to use the updatemem program to update the bitstream with new data for the top_i/smartconnect_0/inst/s01_nodes/s01_ar_node/inst/inst_mi_handler/gen_normal_area.inst_fifo_node_payld/gen_xpm_memory_fifo.inst_fifo/gen_mem_rep[0].inst_xpm_memory/xpm_memory_base_inst block.
INFO: [Memdata 28-167] Found XPM memory block top_i/smartconnect_0/inst/s00_nodes/s00_w_node/inst/inst_mi_handler/gen_normal_area.inst_fifo_node_payld/gen_xpm_memory_fifo.inst_fifo/gen_mem_rep[0].inst_xpm_memory/xpm_memory_base_inst with a P_MEMORY_PRIMITIVE property set to distributed. A value of block is required. You will not be able to use the updatemem program to update the bitstream with new data for the top_i/smartconnect_0/inst/s00_nodes/s00_w_node/inst/inst_mi_handler/gen_normal_area.inst_fifo_node_payld/gen_xpm_memory_fifo.inst_fifo/gen_mem_rep[0].inst_xpm_memory/xpm_memory_base_inst block.
INFO: [Memdata 28-167] Found XPM memory block top_i/smartconnect_0/inst/s00_nodes/s00_w_node/inst/inst_mi_handler/gen_normal_area.gen_fifo_req.inst_fifo_req/gen_xpm_memory_fifo.inst_fifo/gen_mem_rep[0].inst_xpm_memory/xpm_memory_base_inst with a P_MEMORY_PRIMITIVE property set to distributed. A value of block is required. You will not be able to use the updatemem program to update the bitstream with new data for the top_i/smartconnect_0/inst/s00_nodes/s00_w_node/inst/inst_mi_handler/gen_normal_area.gen_fifo_req.inst_fifo_req/gen_xpm_memory_fifo.inst_fifo/gen_mem_rep[0].inst_xpm_memory/xpm_memory_base_inst block.
INFO: [Memdata 28-167] Found XPM memory block top_i/smartconnect_0/inst/s00_nodes/s00_r_node/inst/inst_mi_handler/gen_normal_area.inst_fifo_node_payld/gen_xpm_memory_fifo.inst_fifo/gen_mem_rep[0].inst_xpm_memory/xpm_memory_base_inst with a P_MEMORY_PRIMITIVE property set to distributed. A value of block is required. You will not be able to use the updatemem program to update the bitstream with new data for the top_i/smartconnect_0/inst/s00_nodes/s00_r_node/inst/inst_mi_handler/gen_normal_area.inst_fifo_node_payld/gen_xpm_memory_fifo.inst_fifo/gen_mem_rep[0].inst_xpm_memory/xpm_memory_base_inst block.
INFO: [Memdata 28-167] Found XPM memory block top_i/smartconnect_0/inst/s00_nodes/s00_aw_node/inst/inst_mi_handler/gen_normal_area.inst_fifo_node_payld/gen_xpm_memory_fifo.inst_fifo/gen_mem_rep[0].inst_xpm_memory/xpm_memory_base_inst with a P_MEMORY_PRIMITIVE property set to distributed. A value of block is required. You will not be able to use the updatemem program to update the bitstream with new data for the top_i/smartconnect_0/inst/s00_nodes/s00_aw_node/inst/inst_mi_handler/gen_normal_area.inst_fifo_node_payld/gen_xpm_memory_fifo.inst_fifo/gen_mem_rep[0].inst_xpm_memory/xpm_memory_base_inst block.
INFO: [Memdata 28-167] Found XPM memory block top_i/smartconnect_0/inst/s00_nodes/s00_ar_node/inst/inst_mi_handler/gen_normal_area.inst_fifo_node_payld/gen_xpm_memory_fifo.inst_fifo/gen_mem_rep[0].inst_xpm_memory/xpm_memory_base_inst with a P_MEMORY_PRIMITIVE property set to distributed. A value of block is required. You will not be able to use the updatemem program to update the bitstream with new data for the top_i/smartconnect_0/inst/s00_nodes/s00_ar_node/inst/inst_mi_handler/gen_normal_area.inst_fifo_node_payld/gen_xpm_memory_fifo.inst_fifo/gen_mem_rep[0].inst_xpm_memory/xpm_memory_base_inst block.
INFO: [Memdata 28-167] Found XPM memory block top_i/smartconnect_0/inst/m00_nodes/m00_w_node/inst/inst_si_handler/gen_si_handler.gen_request_fifos.gen_req_fifo[1].inst_req_fifo/gen_xpm_memory_fifo.inst_fifo/gen_mem_rep[0].inst_xpm_memory/xpm_memory_base_inst with a P_MEMORY_PRIMITIVE property set to distributed. A value of block is required. You will not be able to use the updatemem program to update the bitstream with new data for the top_i/smartconnect_0/inst/m00_nodes/m00_w_node/inst/inst_si_handler/gen_si_handler.gen_request_fifos.gen_req_fifo[1].inst_req_fifo/gen_xpm_memory_fifo.inst_fifo/gen_mem_rep[0].inst_xpm_memory/xpm_memory_base_inst block.
INFO: [Memdata 28-167] Found XPM memory block top_i/smartconnect_0/inst/m00_nodes/m00_w_node/inst/inst_si_handler/gen_si_handler.gen_request_fifos.gen_req_fifo[0].inst_req_fifo/gen_xpm_memory_fifo.inst_fifo/gen_mem_rep[0].inst_xpm_memory/xpm_memory_base_inst with a P_MEMORY_PRIMITIVE property set to distributed. A value of block is required. You will not be able to use the updatemem program to update the bitstream with new data for the top_i/smartconnect_0/inst/m00_nodes/m00_w_node/inst/inst_si_handler/gen_si_handler.gen_request_fifos.gen_req_fifo[0].inst_req_fifo/gen_xpm_memory_fifo.inst_fifo/gen_mem_rep[0].inst_xpm_memory/xpm_memory_base_inst block.
INFO: [Memdata 28-167] Found XPM memory block top_i/smartconnect_0/inst/m00_nodes/m00_w_node/inst/inst_mi_handler/gen_normal_area.inst_fifo_node_payld/gen_xpm_memory_fifo.inst_fifo/gen_mem_rep[0].inst_xpm_memory/xpm_memory_base_inst with a P_MEMORY_PRIMITIVE property set to distributed. A value of block is required. You will not be able to use the updatemem program to update the bitstream with new data for the top_i/smartconnect_0/inst/m00_nodes/m00_w_node/inst/inst_mi_handler/gen_normal_area.inst_fifo_node_payld/gen_xpm_memory_fifo.inst_fifo/gen_mem_rep[0].inst_xpm_memory/xpm_memory_base_inst block.
INFO: [Memdata 28-167] Found XPM memory block top_i/smartconnect_0/inst/m00_nodes/m00_r_node/inst/inst_mi_handler/gen_normal_area.inst_fifo_node_payld/gen_xpm_memory_fifo.inst_fifo/gen_mem_rep[0].inst_xpm_memory/xpm_memory_base_inst with a P_MEMORY_PRIMITIVE property set to distributed. A value of block is required. You will not be able to use the updatemem program to update the bitstream with new data for the top_i/smartconnect_0/inst/m00_nodes/m00_r_node/inst/inst_mi_handler/gen_normal_area.inst_fifo_node_payld/gen_xpm_memory_fifo.inst_fifo/gen_mem_rep[0].inst_xpm_memory/xpm_memory_base_inst block.
INFO: [Memdata 28-167] Found XPM memory block top_i/smartconnect_0/inst/m00_nodes/m00_r_node/inst/inst_mi_handler/gen_normal_area.gen_fifo_req.inst_fifo_req/gen_xpm_memory_fifo.inst_fifo/gen_mem_rep[0].inst_xpm_memory/xpm_memory_base_inst with a P_MEMORY_PRIMITIVE property set to distributed. A value of block is required. You will not be able to use the updatemem program to update the bitstream with new data for the top_i/smartconnect_0/inst/m00_nodes/m00_r_node/inst/inst_mi_handler/gen_normal_area.gen_fifo_req.inst_fifo_req/gen_xpm_memory_fifo.inst_fifo/gen_mem_rep[0].inst_xpm_memory/xpm_memory_base_inst block.
INFO: [Memdata 28-167] Found XPM memory block top_i/smartconnect_0/inst/m00_nodes/m00_b_node/inst/inst_mi_handler/gen_normal_area.gen_fifo_req.inst_fifo_req/gen_xpm_memory_fifo.inst_fifo/gen_mem_rep[0].inst_xpm_memory/xpm_memory_base_inst with a P_MEMORY_PRIMITIVE property set to distributed. A value of block is required. You will not be able to use the updatemem program to update the bitstream with new data for the top_i/smartconnect_0/inst/m00_nodes/m00_b_node/inst/inst_mi_handler/gen_normal_area.gen_fifo_req.inst_fifo_req/gen_xpm_memory_fifo.inst_fifo/gen_mem_rep[0].inst_xpm_memory/xpm_memory_base_inst block.
INFO: [Memdata 28-167] Found XPM memory block top_i/smartconnect_0/inst/m00_nodes/m00_aw_node/inst/inst_mi_handler/gen_normal_area.inst_fifo_node_payld/gen_xpm_memory_fifo.inst_fifo/gen_mem_rep[0].inst_xpm_memory/xpm_memory_base_inst with a P_MEMORY_PRIMITIVE property set to distributed. A value of block is required. You will not be able to use the updatemem program to update the bitstream with new data for the top_i/smartconnect_0/inst/m00_nodes/m00_aw_node/inst/inst_mi_handler/gen_normal_area.inst_fifo_node_payld/gen_xpm_memory_fifo.inst_fifo/gen_mem_rep[0].inst_xpm_memory/xpm_memory_base_inst block.
INFO: [Memdata 28-167] Found XPM memory block top_i/smartconnect_0/inst/m00_nodes/m00_ar_node/inst/inst_mi_handler/gen_normal_area.inst_fifo_node_payld/gen_xpm_memory_fifo.inst_fifo/gen_mem_rep[0].inst_xpm_memory/xpm_memory_base_inst with a P_MEMORY_PRIMITIVE property set to distributed. A value of block is required. You will not be able to use the updatemem program to update the bitstream with new data for the top_i/smartconnect_0/inst/m00_nodes/m00_ar_node/inst/inst_mi_handler/gen_normal_area.inst_fifo_node_payld/gen_xpm_memory_fifo.inst_fifo/gen_mem_rep[0].inst_xpm_memory/xpm_memory_base_inst block.
Command: write_bitstream -force top_wrapper.bit
Attempting to get a license for feature 'Implementation' and/or device 'xc7z020'
INFO: [Common 17-349] Got license for feature 'Implementation' and/or device 'xc7z020'
Running DRC as a precondition to command write_bitstream
INFO: [IP_Flow 19-1839] IP Catalog is up to date.
INFO: [DRC 23-27] Running DRC with 8 threads
WARNING: [DRC DPIP-1] Input pipelining: DSP top_i/StreamingDataflowPartition_1/inst/StreamingDataflowPartition_1_MVAU_hls_0/StreamingDataflowPartition_1_MVAU_hls_0/inst/grp_Matrix_Vector_Activate_Stream_Batch_fu_60/mac_muladd_8ns_4s_32s_32_4_1_U2/StreamingDataflowPartition_1_MVAU_hls_0_mac_muladd_8ns_4s_32s_32_4_1_DSP48_0_U/p_reg_reg input top_i/StreamingDataflowPartition_1/inst/StreamingDataflowPartition_1_MVAU_hls_0/StreamingDataflowPartition_1_MVAU_hls_0/inst/grp_Matrix_Vector_Activate_Stream_Batch_fu_60/mac_muladd_8ns_4s_32s_32_4_1_U2/StreamingDataflowPartition_1_MVAU_hls_0_mac_muladd_8ns_4s_32s_32_4_1_DSP48_0_U/p_reg_reg/C[47:0] is not pipelined. Pipelining DSP48 input will improve performance.
WARNING: [DRC DPIP-1] Input pipelining: DSP top_i/StreamingDataflowPartition_1/inst/StreamingDataflowPartition_1_MVAU_hls_1/StreamingDataflowPartition_1_MVAU_hls_1/inst/grp_Matrix_Vector_Activate_Stream_Batch_fu_60/mac_muladd_4ns_4s_32s_32_4_1_U2/StreamingDataflowPartition_1_MVAU_hls_1_mac_muladd_4ns_4s_32s_32_4_1_DSP48_0_U/p_reg_reg input top_i/StreamingDataflowPartition_1/inst/StreamingDataflowPartition_1_MVAU_hls_1/StreamingDataflowPartition_1_MVAU_hls_1/inst/grp_Matrix_Vector_Activate_Stream_Batch_fu_60/mac_muladd_4ns_4s_32s_32_4_1_U2/StreamingDataflowPartition_1_MVAU_hls_1_mac_muladd_4ns_4s_32s_32_4_1_DSP48_0_U/p_reg_reg/C[47:0] is not pipelined. Pipelining DSP48 input will improve performance.
WARNING: [DRC DPIP-1] Input pipelining: DSP top_i/StreamingDataflowPartition_1/inst/StreamingDataflowPartition_1_MVAU_hls_2/StreamingDataflowPartition_1_MVAU_hls_2/inst/grp_Matrix_Vector_Activate_Stream_Batch_fu_60/mac_muladd_4ns_4s_32s_32_4_1_U2/StreamingDataflowPartition_1_MVAU_hls_2_mac_muladd_4ns_4s_32s_32_4_1_DSP48_0_U/p_reg_reg input top_i/StreamingDataflowPartition_1/inst/StreamingDataflowPartition_1_MVAU_hls_2/StreamingDataflowPartition_1_MVAU_hls_2/inst/grp_Matrix_Vector_Activate_Stream_Batch_fu_60/mac_muladd_4ns_4s_32s_32_4_1_U2/StreamingDataflowPartition_1_MVAU_hls_2_mac_muladd_4ns_4s_32s_32_4_1_DSP48_0_U/p_reg_reg/C[47:0] is not pipelined. Pipelining DSP48 input will improve performance.
WARNING: [DRC PDCN-1569] LUT equation term check: Used physical LUT pin 'A1' of cell dbg_hub/inst/BSCANID.u_xsdbm_id/SWITCH_N_EXT_BSCAN.bscan_switch/temp_curid[31]_i_1 (pin dbg_hub/inst/BSCANID.u_xsdbm_id/SWITCH_N_EXT_BSCAN.bscan_switch/temp_curid[31]_i_1/I1) is not included in the LUT equation: 'O5=(A5*A3)+(A5*(~A3)*(~A4))+((~A5))'. If this cell is a user instantiated LUT in the design, please remove connectivity to the pin or change the equation and/or INIT string of the LUT to prevent this issue. If the cell is inferred or IP created LUT, please regenerate the IP and/or resynthesize the design to attempt to correct the issue.
WARNING: [DRC PDCN-1569] LUT equation term check: Used physical LUT pin 'A2' of cell dbg_hub/inst/BSCANID.u_xsdbm_id/SWITCH_N_EXT_BSCAN.bscan_switch/temp_curid[31]_i_1 (pin dbg_hub/inst/BSCANID.u_xsdbm_id/SWITCH_N_EXT_BSCAN.bscan_switch/temp_curid[31]_i_1/I0) is not included in the LUT equation: 'O5=(A5*A3)+(A5*(~A3)*(~A4))+((~A5))'. If this cell is a user instantiated LUT in the design, please remove connectivity to the pin or change the equation and/or INIT string of the LUT to prevent this issue. If the cell is inferred or IP created LUT, please regenerate the IP and/or resynthesize the design to attempt to correct the issue.
WARNING: [DRC PDCN-1569] LUT equation term check: Used physical LUT pin 'A2' of cell dbg_hub/inst/BSCANID.u_xsdbm_id/SWITCH_N_EXT_BSCAN.id_state[0]_i_1 (pin dbg_hub/inst/BSCANID.u_xsdbm_id/SWITCH_N_EXT_BSCAN.id_state[0]_i_1/I0) is not included in the LUT equation: 'O6=(A6+~A6)*((A4))'. If this cell is a user instantiated LUT in the design, please remove connectivity to the pin or change the equation and/or INIT string of the LUT to prevent this issue. If the cell is inferred or IP created LUT, please regenerate the IP and/or resynthesize the design to attempt to correct the issue.
WARNING: [DRC PLBUFGOPT-1] Non-Optimal connections to BUFG: A non-muxed BUFG top_i/zynq_ps/inst/buffer_fclk_clk_0.FCLK_CLK_0_BUFG is driven by another global buffer top_i/zynq_ps/inst/buffer_fclk_clk_0.FCLK_CLK_0_BUFG_replica. Remove non-muxed BUFG if it is not desired
WARNING: [DRC PLBUFGOPT-1] Non-Optimal connections to BUFG: A non-muxed BUFG top_i/zynq_ps/inst/buffer_fclk_clk_0.FCLK_CLK_0_BUFG_replica is driven by another global buffer top_i/zynq_ps/inst/buffer_fclk_clk_0.FCLK_CLK_0_BUFG_replica_1. Remove non-muxed BUFG if it is not desired
WARNING: [DRC RTSTAT-10] No routable loads: 25 net(s) have no routable loads. The problem bus(es) and/or net(s) are dbg_hub/inst/BSCANID.u_xsdbm_id/SWITCH_N_EXT_BSCAN.bscan_inst/TMS, dbg_hub/inst/BSCANID.u_xsdbm_id/CORE_XSDB.UUT_MASTER/U_ICON_INTERFACE/U_CMD6_RD/U_RD_FIFO/SUBCORE_FIFO.xsdbm_v3_0_0_rdfifo_inst/inst_fifo_gen/gconvfifo.rf/grf.rf/gntv_or_sync_fifo.gl0.rd/gr1.gr1_int.rfwft/aempty_fwft_i, dbg_hub/inst/BSCANID.u_xsdbm_id/CORE_XSDB.UUT_MASTER/U_ICON_INTERFACE/U_CMD7_CTL/ctl_reg[2:0], dbg_hub/inst/BSCANID.u_xsdbm_id/CORE_XSDB.UUT_MASTER/U_ICON_INTERFACE/U_CMD1/ctl_reg_en_2[1], dbg_hub/inst/BSCANID.u_xsdbm_id/CORE_XSDB.UUT_MASTER/U_ICON_INTERFACE/U_CMD7_CTL/ctl_reg_en_2[1], dbg_hub/inst/BSCANID.u_xsdbm_id/SWITCH_N_EXT_BSCAN.bscan_switch/m_bscan_capture[0], dbg_hub/inst/BSCANID.u_xsdbm_id/SWITCH_N_EXT_BSCAN.bscan_switch/m_bscan_drck[0], dbg_hub/inst/BSCANID.u_xsdbm_id/SWITCH_N_EXT_BSCAN.bscan_switch/m_bscan_runtest[0], dbg_hub/inst/BSCANID.u_xsdbm_id/CORE_XSDB.UUT_MASTER/U_ICON_INTERFACE/U_CMD6_WR/U_WR_FIFO/SUBCORE_FIFO.xsdbm_v3_0_0_wrfifo_inst/inst_fifo_gen/gconvfifo.rf/grf.rf/rstblk/ngwrdrst.grst.rd_rst_reg[0], dbg_hub/inst/BSCANID.u_xsdbm_id/CORE_XSDB.UUT_MASTER/U_ICON_INTERFACE/U_CMD6_WR/U_WR_FIFO/SUBCORE_FIFO.xsdbm_v3_0_0_wrfifo_inst/inst_fifo_gen/gconvfifo.rf/grf.rf/rstblk/ngwrdrst.grst.wr_rst_reg[2], dbg_hub/inst/BSCANID.u_xsdbm_id/CORE_XSDB.UUT_MASTER/U_ICON_INTERFACE/U_CMD6_RD/U_RD_FIFO/SUBCORE_FIFO.xsdbm_v3_0_0_rdfifo_inst/inst_fifo_gen/gconvfifo.rf/grf.rf/rstblk/ngwrdrst.grst.wr_rst_reg[2], dbg_hub/inst/BSCANID.u_xsdbm_id/CORE_XSDB.UUT_MASTER/U_ICON_INTERFACE/U_CMD6_RD/U_RD_FIFO/SUBCORE_FIFO.xsdbm_v3_0_0_rdfifo_inst/inst_fifo_gen/gconvfifo.rf/grf.rf/gntv_or_sync_fifo.gl0.wr/gwhf.whf/overflow, dbg_hub/inst/BSCANID.u_xsdbm_id/CORE_XSDB.UUT_MASTER/U_ICON_INTERFACE/U_CMD6_WR/U_WR_FIFO/SUBCORE_FIFO.xsdbm_v3_0_0_wrfifo_inst/inst_fifo_gen/gconvfifo.rf/grf.rf/gntv_or_sync_fifo.gl0.wr/gwhf.whf/overflow, dbg_hub/inst/BSCANID.u_xsdbm_id/CORE_XSDB.UUT_MASTER/U_ICON_INTERFACE/U_CMD6_RD/U_RD_FIFO/SUBCORE_FIFO.xsdbm_v3_0_0_rdfifo_inst/inst_fifo_gen/gconvfifo.rf/grf.rf/gntv_or_sync_fifo.gl0.rd/gras.rsts/ram_empty_i, dbg_hub/inst/BSCANID.u_xsdbm_id/CORE_XSDB.UUT_MASTER/U_ICON_INTERFACE/U_CMD6_WR/U_WR_FIFO/SUBCORE_FIFO.xsdbm_v3_0_0_wrfifo_inst/inst_fifo_gen/gconvfifo.rf/grf.rf/gntv_or_sync_fifo.gl0.wr/gwas.wsts/ram_full_i... and (the first 15 of 23 listed).
INFO: [Vivado 12-3199] DRC finished with 0 Errors, 9 Warnings
INFO: [Vivado 12-3200] Please refer to the DRC report (report_drc) for more information.
INFO: [Designutils 20-2272] Running write_bitstream with 8 threads.
Loading data files...
Loading site data...
Loading route data...
Processing options...
Creating bitmap...
Creating bitstream...
Writing bitstream ./top_wrapper.bit...
INFO: [Vivado 12-1842] Bitgen Completed Successfully.
INFO: [Project 1-1876] WebTalk data collection is mandatory when using a ULT device. To see the specific WebTalk data collected for your design, open the usage_statistics_webtalk.html or usage_statistics_webtalk.xml file in the implementation directory.
INFO: [Common 17-83] Releasing license: Implementation
208 Infos, 11 Warnings, 1 Critical Warnings and 0 Errors encountered.
write_bitstream completed successfully
write_bitstream: Time (s): cpu = 00:01:41 ; elapsed = 00:00:48 . Memory (MB): peak = 4148.223 ; gain = 166.207 ; free physical = 2386 ; free virtual = 11749
INFO: [Common 17-206] Exiting Vivado at Mon Jan  5 03:34:16 2026...
[Mon Jan  5 03:34:22 2026] impl_1 finished
wait_on_runs: Time (s): cpu = 00:21:35 ; elapsed = 01:18:38 . Memory (MB): peak = 2516.098 ; gain = 0.000 ; free physical = 5560 ; free virtual = 14740
# open_run impl_1
INFO: [Device 21-403] Loading part xc7z020clg400-1
Netlist sorting complete. Time (s): cpu = 00:00:00.57 ; elapsed = 00:00:00.57 . Memory (MB): peak = 2747.887 ; gain = 0.000 ; free physical = 5100 ; free virtual = 14341
INFO: [Netlist 29-17] Analyzing 2985 Unisim elements for replacement
INFO: [Netlist 29-28] Unisim Transformation completed in 0 CPU seconds
INFO: [Project 1-479] Netlist was created with Vivado 2023.2
INFO: [Project 1-570] Preparing netlist for logic optimization
Read ShapeDB Complete: Time (s): cpu = 00:00:00.11 ; elapsed = 00:00:00.11 . Memory (MB): peak = 2747.887 ; gain = 0.000 ; free physical = 5107 ; free virtual = 14348
INFO: [Timing 38-478] Restoring timing data from binary archive.
INFO: [Timing 38-479] Binary timing data restore complete.
INFO: [Project 1-856] Restoring constraints from binary archive.
INFO: [Project 1-853] Binary constraint restore complete.
INFO: [Designutils 20-5722] Start Reading Physical Databases.
Reading placement.
Read Netlist Cache: Time (s): cpu = 00:00:00.08 ; elapsed = 00:00:00.08 . Memory (MB): peak = 3305.699 ; gain = 0.000 ; free physical = 4599 ; free virtual = 13832
Reading placer database...
Read Device Cache: Time (s): cpu = 00:00:00.02 ; elapsed = 00:00:00.01 . Memory (MB): peak = 3305.699 ; gain = 0.000 ; free physical = 4599 ; free virtual = 13832
Read PlaceDB: Time (s): cpu = 00:00:02 ; elapsed = 00:00:02 . Memory (MB): peak = 3328.770 ; gain = 23.070 ; free physical = 4576 ; free virtual = 13808
Read PulsedLatchDB: Time (s): cpu = 00:00:00 ; elapsed = 00:00:00 . Memory (MB): peak = 3328.770 ; gain = 0.000 ; free physical = 4576 ; free virtual = 13808
Reading routing.
Read RouteStorage: Time (s): cpu = 00:00:01 ; elapsed = 00:00:01 . Memory (MB): peak = 3338.770 ; gain = 10.000 ; free physical = 4529 ; free virtual = 13726
Read Physdb Files: Time (s): cpu = 00:00:03 ; elapsed = 00:00:03 . Memory (MB): peak = 3338.770 ; gain = 33.070 ; free physical = 4529 ; free virtual = 13726
Restored from archive | CPU: 3.140000 secs | Memory: 46.401642 MB |
Finished XDEF File Restore: Time (s): cpu = 00:00:03 ; elapsed = 00:00:03 . Memory (MB): peak = 3338.770 ; gain = 36.039 ; free physical = 4529 ; free virtual = 13726
Netlist sorting complete. Time (s): cpu = 00:00:00 ; elapsed = 00:00:00.01 . Memory (MB): peak = 3338.770 ; gain = 0.000 ; free physical = 4523 ; free virtual = 13722
INFO: [Project 1-111] Unisim Transformation Summary:
  A total of 465 instances were transformed.
  CFGLUT5 => CFGLUT5 (SRL16E, SRLC32E): 300 instances
  RAM16X1D => RAM32X1D (RAMD32(x2)): 2 instances
  RAM32M => RAM32M (RAMD32(x6), RAMS32(x2)): 162 instances
  RAM32X1D => RAM32X1D (RAMD32(x2)): 1 instance 

open_run: Time (s): cpu = 00:00:25 ; elapsed = 00:00:26 . Memory (MB): peak = 3338.805 ; gain = 822.707 ; free physical = 4519 ; free virtual = 13720
# report_utilization -hierarchical -hierarchical_depth 4 -file synth_report.xml -format xml
# close_project
INFO: [Common 17-206] Exiting Vivado at Mon Jan  5 03:34:51 2026...
